IncidentID,AgencyORI,AgencyName,IncidentStatusDesc,County,RdwyNumber,Street,RoadwayName,StreetSfx,StreetDir,IntersectionRdwy,IntersectionRdwyName,BetweenStRdwy1,BetweenStRdwyName1,BetweenStRdwy2,BetweenStRdwyName2,Latitude,Longitude,Milepoint,CollisionDate,CollisionTime,UnitsInvolved,MotorVehiclesInvolved,NumberKilled,NumberInjured,Weather,RdwyConditionCode,HitandRun,DirAnalysisCode,MannerofCollision,RdwyCharacter,LightCondition,RampFromRdwyId,RampToRdwyId,AcceptedDate,IsSecondaryCollision,OwnerBadge,IncidentStatus,
27178467,0568000,LOUISVILLE METRO POLICE DEPT,Accepted,JEFFERSON,,7401,ST ANTHONY CHURCH,RD,,,,,,,,38.146219182,-85.816158866,0.527,9/4/2020 12:00:00 AM,2329,1,1,0,0,CLEAR,DRY,False,COLLISION WITH FIXED OBJECT NON - INTERSECTION - FIRST EVENT COLLISION 09 - 32 EXCLUDING 16,SINGLE VEHICLE,STRAIGHT & LEVEL,DARK-HWY LIGHTED/ON,,,9/7/2020 12:57:07 PM,False,5170,Accepted,
27178468,0568000,LOUISVILLE METRO POLICE DEPT,Accepted,JEFFERSON,,,ASHLEY POINTE,DR,,,PENILE,,,,,38.112734802,-85.788377038,0.001,9/4/2020 12:00:00 AM,2033,3,3,0,1,CLEAR,DRY,False,ANGLE COLLISION - OTHER,ANGLE,STRAIGHT & LEVEL,DARK-HWY LIGHTED/OFF,,,9/7/2020 12:57:10 PM,False,5266,Accepted,
27178469,0568000,LOUISVILLE METRO POLICE DEPT,Accepted,JEFFERSON,US0060,,SHELBYVILLE,RD,,,CHIPPING,,,,,38.246981338,-85.584071492,7.469,9/4/2020 12:00:00 AM,2245,2,2,0,2,CLEAR,DRY,False,REAR END - ONE VEHICLE TURNING LEFT,REAR END,STRAIGHT & LEVEL,DARK-HWY NOT LIGHTED,,,9/7/2020 12:57:14 PM,False,7055,Accepted,
27187099,0568000,LOUISVILLE METRO POLICE DEPT,Accepted,JEFFERSON,,,LIBERTY,ST,E,,SHELBY,,,,,38.250438693,-85.738439114,0.763,9/4/2020 12:00:00 AM,1510,2,2,0,0,CLEAR,DRY,False,ANGLE COLLISION - OTHER,ANGLE,STRAIGHT & LEVEL,DAYLIGHT,,,9/9/2020 8:35:28 AM,False,7239,Accepted,
27178513,0568000,LOUISVILLE METRO POLICE DEPT,Accepted,JEFFERSON,,,38TH,ST,S,,MARKET,,,,,38.261473690,-85.811805680,0.124,9/4/2020 12:00:00 AM,2151,2,2,0,1,CLEAR,DRY,False,ANGLE COLLISION - OTHER,ANGLE,STRAIGHT & LEVEL,DUSK,,,9/7/2020 1:00:55 PM,False,5164,Accepted,
27178498,0568000,LOUISVILLE METRO POLICE DEPT,Accepted,JEFFERSON,,,BANK,ST,,US0150,22ND,,,,,38.266566493,-85.783561808,0.001,9/4/2020 12:00:00 AM,2123,2,1,0,1,CLEAR,DRY,True,OTHER INTERSECTION COLLISIONS,SINGLE VEHICLE,STRAIGHT & LEVEL,DARK-HWY LIGHTED/ON,,,9/7/2020 12:59:11 PM,False,7190,Accepted,
27178462,0568000,LOUISVILLE METRO POLICE DEPT,Accepted,JEFFERSON,US0060A,,EASTERN,PKWY,,,LYDIA,,,,,38.220734296,-85.733143370,5.240,9/4/2020 12:00:00 AM,1804,2,2,0,0,CLEAR,DRY,False,ANGLE COLLISION - OTHER,ANGLE,STRAIGHT & LEVEL,DAYLIGHT,,,9/7/2020 12:56:50 PM,False,7418,Accepted,
27178470,0568000,LOUISVILLE METRO POLICE DEPT,Accepted,JEFFERSON,KY0864,,POPLAR LEVEL,RD,,KY3069,SANITA,,,,,38.192645823,-85.706140402,11.095,9/4/2020 12:00:00 AM,1847,2,2,0,1,CLEAR,DRY,False,OTHER INTERSECTION COLLISIONS,REAR END,STRAIGHT & LEVEL,DAYLIGHT,,,9/7/2020 12:57:18 PM,False,5269,Accepted,
27178482,0568000,LOUISVILLE METRO POLICE DEPT,Accepted,JEFFERSON,I 0264,,I264 E,,,,,,,,,38.190915885,-85.717624023,12.733,9/4/2020 12:00:00 AM,1602,1,1,0,1,CLEAR,DRY,False,OTHER COLLISIONS ON SHOULDER,SINGLE VEHICLE,CURVE & GRADE,DAYLIGHT,,,9/7/2020 12:57:49 PM,False,7722,Accepted,
27178487,0568000,LOUISVILLE METRO POLICE DEPT,Accepted,JEFFERSON,,,1ST,ST,S,,ST CATHERINE,,,,,38.236896737,-85.754918843,1.336,9/4/2020 12:00:00 AM,1453,2,2,0,1,CLEAR,DRY,False,ANGLE COLLISION - OTHER,ANGLE,STRAIGHT & LEVEL,DAYLIGHT,,,9/7/2020 12:58:12 PM,False,7619,Accepted,
27178504,0568000,LOUISVILLE METRO POLICE DEPT,Accepted,JEFFERSON,KY0061,,PRESTON,HWY,,,MEADOW,,,,,38.177060160,-85.715268512,7.091,9/4/2020 12:00:00 AM,2242,2,2,0,2,CLEAR,DRY,False,OTHER INTERSECTION COLLISIONS,REAR END,STRAIGHT & LEVEL,DARK-HWY NOT LIGHTED,,,9/7/2020 12:59:46 PM,False,7383,Accepted,
27178444,0568000,LOUISVILLE METRO POLICE DEPT,Accepted,JEFFERSON,KY1932,,BRECKENRIDGE,LN,,,,,,,,38.209007527,-85.626869588,2.020,9/4/2020 12:00:00 AM,1306,2,2,0,0,CLOUDY,DRY,False,REAR END IN TRAFFIC LANES BOTH VEHICLES MOVING,REAR END,STRAIGHT & LEVEL,DAYLIGHT,,,9/7/2020 12:55:51 PM,False,4693,Accepted,
27178452,0568000,LOUISVILLE METRO POLICE DEPT,Accepted,JEFFERSON,KY1932,,BRECKENRIDGE,LN,,,,,,,,38.227664232,-85.636021099,3.463,9/4/2020 12:00:00 AM,1616,2,2,0,0,CLEAR,DRY,False,REAR END IN TRAFFIC LANES BOTH VEHICLES MOVING,REAR END,STRAIGHT & LEVEL,DAYLIGHT,,,9/7/2020 12:56:18 PM,False,6813,Accepted,
27178459,0568000,LOUISVILLE METRO POLICE DEPT,Accepted,JEFFERSON,KY1865,,TAYLOR,BLVD,,,LYNNHURST,,,,,38.178303469,-85.782948825,4.937,9/4/2020 12:00:00 AM,1508,2,2,0,0,CLEAR,DRY,True,ANGLE COLLISION - OTHER,ANGLE,STRAIGHT & LEVEL,DAYLIGHT,,,9/7/2020 12:56:40 PM,False,5186,Accepted,
27178460,0568000,LOUISVILLE METRO POLICE DEPT,Accepted,JEFFERSON,,,26TH,ST,S,,CEDAR,,,,,38.256665203,-85.794105057,0.282,9/4/2020 12:00:00 AM,0953,2,2,0,0,CLEAR,DRY,False,ANGLE COLLISION - OTHER,ANGLE,STRAIGHT & LEVEL,DAYLIGHT,,,9/7/2020 12:56:44 PM,False,7805,Accepted,
27178449,0568000,LOUISVILLE METRO POLICE DEPT,Accepted,JEFFERSON,,,12TH,ST,S,,OAK,,,,,38.236199857,-85.773609932,1.166,9/4/2020 12:00:00 AM,1409,2,2,0,0,CLEAR,DRY,True,ANGLE COLLISION - OTHER,ANGLE,STRAIGHT & LEVEL,DAYLIGHT,,,9/7/2020 12:56:08 PM,False,7184,Accepted,
27178450,0568000,LOUISVILLE METRO POLICE DEPT,Accepted,JEFFERSON,KY1934,,GREENBELT,HWY,,,JOHNSONTOWN,,,,,38.116441017,-85.894827012,2.301,9/4/2020 12:00:00 AM,1357,2,2,0,1,CLEAR,DRY,False,ANGLE COLLISION - OTHER,ANGLE,STRAIGHT & LEVEL,DAYLIGHT,,,9/7/2020 12:56:12 PM,False,2098,Accepted,
27178451,0568000,LOUISVILLE METRO POLICE DEPT,Accepted,JEFFERSON,I 0064,,I64 E,,,,,,,,,38.265936205,-85.778556391,3.118,9/4/2020 12:00:00 AM,1551,2,2,0,1,CLEAR,DRY,False,SIDESWIPE COLLISION - SAME DIRECTION,SIDESWIPE-SAME DIRECTION,STRAIGHT & LEVEL,DAYLIGHT,,,9/7/2020 12:56:15 PM,False,5187,Accepted,
27192367,0568000,LOUISVILLE METRO POLICE DEPT,Accepted,JEFFERSON,I 0064,,I64 E,,,,,,,,,38.258928849,-85.752113306,4.803,9/4/2020 12:00:00 AM,1727,2,2,0,1,CLEAR,DRY,False,REAR END IN TRAFFIC LANES BOTH VEHICLES MOVING,REAR END,CURVE & LEVEL,DAYLIGHT,,,9/10/2020 9:31:59 AM,False,5187,Accepted,
27192369,0568000,LOUISVILLE METRO POLICE DEPT,Accepted,JEFFERSON,KY1020,8814,NATIONAL,TPKE,,,,,,,,38.120923274,-85.748501675,3.280,9/4/2020 12:00:00 AM,1204,2,2,0,0,CLEAR,DRY,True,COLLISION IN PARKING LOT,BACKING,STRAIGHT & GRADE,DAYLIGHT,,,9/10/2020 9:32:25 AM,False,7221,Accepted,
27167906,0568000,LOUISVILLE METRO POLICE DEPT,Accepted,JEFFERSON,I 0071,,I71 N,,,,,,,I 0071,I71 TURN AROUND11,38.318475894,-85.569788481,9.806,9/3/2020 12:00:00 AM,0614,1,1,0,0,RAINING,WATER (STANDING OR MOVING),False,OTHER ROADWAY OR MID-BLOCK COLLISION,SINGLE VEHICLE,STRAIGHT & LEVEL,DARK-HWY LIGHTED/ON,,,9/4/2020 9:54:36 AM,False,7098,Accepted,
27167913,0568000,LOUISVILLE METRO POLICE DEPT,Accepted,JEFFERSON,US0031W,,DIXIE,HWY,,,,,,,,38.021607472,-85.917825472,1.975,9/3/2020 12:00:00 AM,0930,2,2,0,1,RAINING,WET,False,1 VEHICLE ENTERING/LEAVING ENTRANCE,ANGLE,CURVE & HILLCREST,DAYLIGHT,,,9/4/2020 9:54:57 AM,False,2936,Accepted,
27167914,0568000,LOUISVILLE METRO POLICE DEPT,Accepted,JEFFERSON,US0150,2000,BROADWAY,,W,,,,,,,38.249134713,-85.785588091,0.876,9/3/2020 12:00:00 AM,1350,2,1,0,1,CLOUDY,DRY,True,COLLISION WITH PEDESTRIAN NON - INTERSECTION,SINGLE VEHICLE,STRAIGHT & LEVEL,DAYLIGHT,,,9/4/2020 9:55:00 AM,False,7463,Accepted,
27167922,0568000,LOUISVILLE METRO POLICE DEPT,Accepted,JEFFERSON,KY1020,,SOUTHERN,PKWY,,,FLORENCE,,,,,38.191137819,-85.766718813,8.484,9/3/2020 12:00:00 AM,1607,2,2,0,0,CLEAR,DRY,False,REAR END - ONE VEHICLE TURNING LEFT,REAR END,STRAIGHT & LEVEL,DAYLIGHT,,,9/4/2020 9:55:22 AM,False,2499,Accepted,
27167930,0568000,LOUISVILLE METRO POLICE DEPT,Accepted,JEFFERSON,,7018,IREWICK,WAY,,,,,,,,38.111614782,-85.891521570,0.098,9/3/2020 12:00:00 AM,0840,1,1,0,1,RAINING,WET,False,COLLISION WITH FIXED OBJECT NON - INTERSECTION - FIRST EVENT COLLISION 09 - 32 EXCLUDING 16,SINGLE VEHICLE,STRAIGHT & LEVEL,DAYLIGHT,,,9/4/2020 9:55:46 AM,False,7336,Accepted,
27167937,0568000,LOUISVILLE METRO POLICE DEPT,Accepted,JEFFERSON,KY0864,7104,FEGENBUSH,LN,,,,,,,,38.145739444,-85.627867023,5.230,9/3/2020 12:00:00 AM,1056,2,2,0,2,RAINING,WET,False,HEAD-ON COLLISION,HEAD ON,STRAIGHT & LEVEL,DAYLIGHT,,,9/4/2020 9:56:02 AM,False,7812,Accepted,
27167915,0568000,LOUISVILLE METRO POLICE DEPT,Accepted,JEFFERSON,US0031W,,DIXIE,HWY,,,WATSON,,,,,38.056109921,-85.890668031,4.806,9/3/2020 12:00:00 AM,0714,2,2,0,1,RAINING,WET,False,SIDESWIPE-SAME DIRECTION,SIDESWIPE-SAME DIRECTION,STRAIGHT & LEVEL,DAWN,,,9/4/2020 9:55:05 AM,False,2936,Accepted,
27178458,0568000,LOUISVILLE METRO POLICE DEPT,Accepted,JEFFERSON,KY1020,,2ND,ST,S,,,,JEFFERSON,US0031E,MARKET,38.254015845,-85.753574179,12.665,9/3/2020 12:00:00 AM,1819,2,2,0,0,CLEAR,DRY,False,REAR END IN TRAFFIC LANES BOTH VEHICLES MOVING,REAR END,STRAIGHT & LEVEL,DAYLIGHT,,,9/7/2020 12:56:36 PM,False,2404,Accepted,
27168474,0568000,LOUISVILLE METRO POLICE DEPT,Accepted,JEFFERSON,KY1865,,TAYLOR,BLVD,,,,,MATHA,,WOODLAWN,38.182108846,-85.783643917,5.214,9/3/2020 12:00:00 AM,0206,2,2,0,0,CLEAR,DRY,False,HEAD-ON COLLISION,HEAD ON,STRAIGHT & LEVEL,DARK-HWY LIGHTED/ON,,,9/4/2020 11:34:03 AM,False,5267,Accepted,
27169567,0566400,HURSTBOURNE ACRES PD,Accepted,JEFFERSON,KY1747,,HURSTBOURNE,PKWY,S,KY0155,TAYLORSVILLE,,,,,38.216091544,-85.590588409,11.075,9/3/2020 12:00:00 AM,1322,2,2,0,0,CLEAR,DRY,False,OTHER INTERSECTION COLLISIONS,REAR END,STRAIGHT & LEVEL,DAYLIGHT,,,9/4/2020 4:14:20 PM,False,9210,Accepted,
27167945,0568000,LOUISVILLE METRO POLICE DEPT,Accepted,JEFFERSON,KY1450,,BLUE LICK,RD,,,MOODY,,,,,38.119154178,-85.689417564,2.369,9/3/2020 12:00:00 AM,2128,3,3,0,4,CLEAR,DRY,False,HEAD-ON COLLISION,HEAD ON,STRAIGHT & LEVEL,DARK-HWY NOT LIGHTED,,,9/4/2020 9:56:26 AM,False,7016,Accepted,
27167946,0568000,LOUISVILLE METRO POLICE DEPT,Accepted,JEFFERSON,,,23RD,ST,S,,BROADWAY,,,,,38.249300865,-85.789922829,0.321,9/3/2020 12:00:00 AM,2054,2,2,0,1,CLEAR,DRY,True,COLLISION WITH PARKED VEHICLE,SIDESWIPE-SAME DIRECTION,STRAIGHT & LEVEL,DARK-HWY LIGHTED/ON,,,9/4/2020 9:56:30 AM,False,7417,Accepted,
27167940,0568000,LOUISVILLE METRO POLICE DEPT,Accepted,JEFFERSON,,,CANDLEWORTH,DR,,KY1065,OUTER,,,,,38.126547048,-85.786034321,0.001,9/3/2020 12:00:00 AM,1352,3,3,0,1,CLEAR,DRY,False,ANGLE COLLISION - OTHER,ANGLE,STRAIGHT & LEVEL,DAYLIGHT,,,9/4/2020 9:56:12 AM,False,7373,Accepted,
27167947,0568000,LOUISVILLE METRO POLICE DEPT,Accepted,JEFFERSON,I 0264,,I264 W,,,I 0264,I264 W EXIT18 ON RAMP FROM KY1932,,,,,38.228150080,-85.636816844,17.865,9/3/2020 12:00:00 AM,0533,1,1,0,0,RAINING,WET,False,OTHER INTERSECTION COLLISIONS,SINGLE VEHICLE,STRAIGHT & LEVEL,DARK-HWY LIGHTED/ON,,,9/4/2020 9:56:34 AM,False,5152,Accepted,
27167931,0568000,LOUISVILLE METRO POLICE DEPT,Accepted,JEFFERSON,KY0061,,PRESTON,HWY,,,,,,,,38.196684223,-85.731933531,8.649,9/3/2020 12:00:00 AM,0940,2,2,0,0,RAINING,WET,False,SIDESWIPE COLLISION - SAME DIRECTION,SIDESWIPE-SAME DIRECTION,STRAIGHT & GRADE,DAYLIGHT,,,9/4/2020 9:55:49 AM,False,5130,Accepted,
27167939,0568000,LOUISVILLE METRO POLICE DEPT,Accepted,JEFFERSON,,3411,RUDD,AVE,,,,,,,,38.276276233,-85.803321949,0.271,9/3/2020 12:00:00 AM,1823,2,2,0,1,CLEAR,DRY,False,1 VEHICLE PARKED POSITION (NOT PARKING LOT/DRIVEWAY),ANGLE,STRAIGHT & LEVEL,DAYLIGHT,,,9/4/2020 9:56:09 AM,False,7345,Accepted,
27167949,0568000,LOUISVILLE METRO POLICE DEPT,Accepted,JEFFERSON,KY2054,,ALGONQUIN,PKWY,,,SOUTH,,,,,38.218724932,-85.776404095,2.625,9/3/2020 12:00:00 AM,2046,2,2,0,1,CLEAR,DRY,True,OPPOSITE DIRECTION - BOTH VEHICLES GOING STRAIGHT AHEAD,SIDESWIPE-OPPOSITE DIRECTION,STRAIGHT & LEVEL,DARK-HWY LIGHTED/ON,,,9/4/2020 9:56:42 AM,False,7435,Accepted,
27178490,0568000,LOUISVILLE METRO POLICE DEPT,Accepted,JEFFERSON,I 0264,,I264 E,,,,,,,,,38.247815531,-85.808920547,2.092,9/3/2020 12:00:00 AM,2000,2,2,0,0,CLEAR,GRAVEL,False,SIDESWIPE COLLISION - SAME DIRECTION,SIDESWIPE-SAME DIRECTION,STRAIGHT & LEVEL,DAYLIGHT,,,9/7/2020 12:58:31 PM,False,7154,Accepted,
27178471,0568000,LOUISVILLE METRO POLICE DEPT,Accepted,JEFFERSON,US0060,2117,FRANKFORT,AVE,,,,,,,,38.253821126,-85.707311726,0.710,9/3/2020 12:00:00 AM,2106,1,1,0,0,CLEAR,DRY,False,COLLISION WITH FIXED OBJECT NON - INTERSECTION - FIRST EVENT COLLISION 09 - 32 EXCLUDING 16,SINGLE VEHICLE,STRAIGHT & LEVEL,DARK-HWY LIGHTED/ON,,,9/7/2020 12:57:22 PM,False,7304,Accepted,
27187086,0568000,LOUISVILLE METRO POLICE DEPT,Accepted,JEFFERSON,,1506,36TH,ST,S,,,,,,,38.229944370,-85.814700458,1.660,9/3/2020 12:00:00 AM,1850,1,1,0,0,CLEAR,DRY,True,OTHER ROADWAY OR MID-BLOCK COLLISION,SINGLE VEHICLE,STRAIGHT & LEVEL,DAYLIGHT,,,9/9/2020 8:34:50 AM,False,7154,Accepted,
27187097,0568000,LOUISVILLE METRO POLICE DEPT,Accepted,JEFFERSON,KY2048,,CANNONS,LN,,,OLD CANNONS,,,,,38.241652215,-85.660658811,1.712,9/3/2020 12:00:00 AM,1637,2,2,0,0,CLEAR,DRY,False,ANGLE COLLISION - OTHER,ANGLE,STRAIGHT & LEVEL,DAYLIGHT,,,9/9/2020 8:35:21 AM,False,2673,Accepted,
27187127,0568000,LOUISVILLE METRO POLICE DEPT,Accepted,JEFFERSON,I 0064,,I64 W,,,,,,,,,38.262722945,-85.772096089,3.361,9/3/2020 12:00:00 AM,1930,1,1,0,1,CLEAR,DRY,False,OTHER ROADWAY OR MID-BLOCK COLLISION,SINGLE VEHICLE,CURVE & LEVEL,DAYLIGHT,,,9/9/2020 8:37:33 AM,False,7430,Accepted,
27162651,0568000,LOUISVILLE METRO POLICE DEPT,Accepted,JEFFERSON,I 0065,,I65 N,,,,,,,,,38.142692564,-85.709496712,127.150,9/3/2020 12:00:00 AM,0521,2,2,0,1,RAINING,WATER (STANDING OR MOVING),False,SIDESWIPE COLLISION - SAME DIRECTION,SIDESWIPE-SAME DIRECTION,STRAIGHT & LEVEL,DARK-HWY LIGHTED/ON,,,9/3/2020 8:08:44 AM,False,7016,Accepted,
27187091,0568000,LOUISVILLE METRO POLICE DEPT,Accepted,JEFFERSON,I 0064,,I64 E,,,,,,,,,38.276601389,-85.795166973,1.853,9/3/2020 12:00:00 AM,2000,1,1,0,1,CLEAR,DRY,False,OTHER ROADWAY OR MID-BLOCK COLLISION,SINGLE VEHICLE,CURVE & GRADE,DAYLIGHT,,,9/9/2020 8:35:00 AM,False,5162,Accepted,
27187092,0568000,LOUISVILLE METRO POLICE DEPT,Accepted,JEFFERSON,KY0061,,PRESTON,ST,S,,ST CATHERINE,,,,,38.236228114,-85.749146464,11.617,9/3/2020 12:00:00 AM,0525,2,1,0,1,RAINING,WET,False,COLLISION WITH BICYCLE IN INTERSECTION,SINGLE VEHICLE,STRAIGHT & LEVEL,DARK-HWY LIGHTED/ON,,,9/9/2020 8:35:03 AM,False,5204,Accepted,
27178476,0568000,LOUISVILLE METRO POLICE DEPT,Accepted,JEFFERSON,KY0155,,TAYLORSVILLE,RD,,,,,,,,38.188332832,-85.552073972,8.468,9/3/2020 12:00:00 AM,0952,2,2,0,0,RAINING,WET,False,REAR END IN TRAFFIC LANES BOTH VEHICLES MOVING,REAR END,STRAIGHT & LEVEL,DAYLIGHT,,,9/7/2020 12:57:35 PM,False,7755,Accepted,
27178500,0568000,LOUISVILLE METRO POLICE DEPT,Accepted,JEFFERSON,I 0264,,I264 E,,,,,,,,,38.191213597,-85.715989129,12.824,9/3/2020 12:00:00 AM,1754,4,4,0,1,CLEAR,DRY,False,SIDESWIPE COLLISION - SAME DIRECTION,SIDESWIPE-SAME DIRECTION,STRAIGHT & LEVEL,DAYLIGHT,,,9/7/2020 12:59:24 PM,False,5233,Accepted,
27267309,0568000,LOUISVILLE METRO POLICE DEPT,Accepted,JEFFERSON,KY1020,,NATIONAL,TPKE,,,GERBER,,,,,38.151321304,-85.764033828,5.558,9/3/2020 12:00:00 AM,0540,2,2,0,0,RAINING,WET,True,ANGLE COLLISION - ONE VEHICLE TURNING LEFT,ANGLE,STRAIGHT & LEVEL,DARK-HWY LIGHTED/ON,,,9/29/2020 8:20:59 AM,False,7444,Accepted,
27193835,0561500,UNIV. OF LOUISVILLE POLICE,Accepted,JEFFERSON,KY1020,,2ND,ST,S,,CARDINAL,,,,,38.220445912,-85.759734142,10.324,9/3/2020 12:00:00 AM,1745,2,2,0,0,CLEAR,DRY,False,OTHER INTERSECTION COLLISIONS,REAR END,STRAIGHT & LEVEL,DAYLIGHT,,,9/10/2020 3:10:03 PM,False,5676,Accepted,
27192366,0568000,LOUISVILLE METRO POLICE DEPT,Accepted,JEFFERSON,KY0841,,GENE SNYDER,FWY,,KY1020,NATIONAL,,,,,38.117478591,-85.752613158,7.358,9/3/2020 12:00:00 AM,0621,1,1,0,0,RAINING,WATER (STANDING OR MOVING),False,OTHER INTERSECTION COLLISIONS,SINGLE VEHICLE,STRAIGHT & LEVEL,DARK-HWY LIGHTED/ON,,,9/10/2020 9:31:51 AM,False,7720,Accepted,
27167941,0568000,LOUISVILLE METRO POLICE DEPT,Accepted,JEFFERSON,,,26TH,ST,S,,KENTUCKY,,,,,38.242694582,-85.795664518,1.250,9/3/2020 12:00:00 AM,1744,2,2,0,0,CLEAR,DRY,True,ANGLE COLLISION - ONE VEHICLE TURNING LEFT,ANGLE,STRAIGHT & LEVEL,DAYLIGHT,,,9/4/2020 9:56:16 AM,False,7381,Accepted,
27167926,0568000,LOUISVILLE METRO POLICE DEPT,Accepted,JEFFERSON,KY0841,,GENE SNYDER,FWY,,KY2055,MANSLICK,,,,,38.117614989,-85.787301057,5.467,9/3/2020 12:00:00 AM,0637,1,1,0,0,RAINING,WET,False,OTHER INTERSECTION COLLISIONS,SINGLE VEHICLE,STRAIGHT & LEVEL,DARK-HWY LIGHTED/ON,,,9/4/2020 9:55:32 AM,False,7485,Accepted,
27167942,0568000,LOUISVILLE METRO POLICE DEPT,Accepted,JEFFERSON,,,ASHLAND,AVE,W,KY1020,SOUTHERN,,,,,38.185242514,-85.767421867,0.092,9/3/2020 12:00:00 AM,0832,2,2,0,0,RAINING,WET,False,ANGLE COLLISION - ONE VEHICLE TURNING LEFT,ANGLE,STRAIGHT & LEVEL,DAYLIGHT,,,9/4/2020 9:56:19 AM,False,7334,Accepted,
27167943,0568000,LOUISVILLE METRO POLICE DEPT,Accepted,JEFFERSON,US0031W,12819,DIXIE,HWY,,,,,,,,38.068876340,-85.884892543,5.716,9/3/2020 12:00:00 AM,2140,1,1,0,0,CLEAR,DRY,False,COLLISION WITH FIXED OBJECT NON - INTERSECTION - FIRST EVENT COLLISION 09 - 32 EXCLUDING 16,SINGLE VEHICLE,STRAIGHT & LEVEL,DARK-HWY NOT LIGHTED,,,9/4/2020 9:56:23 AM,False,7277,Accepted,
27167911,0568000,LOUISVILLE METRO POLICE DEPT,Accepted,JEFFERSON,US0150,,BROADWAY,,W,US0031W,DR W J HODGE,,,,,38.249164846,-85.786524733,0.825,9/3/2020 12:00:00 AM,1014,3,3,0,2,CLOUDY,WET,False,ANGLE COLLISION - OTHER,ANGLE,STRAIGHT & LEVEL,DAYLIGHT,,,9/4/2020 9:54:53 AM,False,7947,Accepted,
27165987,0560300,ST. MATTHEWS POLICE DEPARTMENT,Accepted,JEFFERSON,I 0264,,I264 W,,,,,,,,,38.264172566,-85.624066726,20.786,9/3/2020 12:00:00 AM,0644,1,1,0,0,RAINING,WET,False,OTHER COLLISIONS ON SHOULDER,SINGLE VEHICLE,STRAIGHT & LEVEL,DARK-HWY LIGHTED/ON,,,9/3/2020 9:34:40 PM,False,9188,Accepted,
27167908,0568000,LOUISVILLE METRO POLICE DEPT,Accepted,JEFFERSON,KY0841,,GENE SNYDER,FWY,,,,,WOLF PEN BRANCH,KY0841,KY841 RAMP TO US42,38.318093231,-85.597800481,35.621,9/3/2020 12:00:00 AM,0629,2,2,0,0,RAINING,WET,False,1 VEHICLE ENTERING/LEAVING ENTRANCE,ANGLE,STRAIGHT & LEVEL,DARK-HWY LIGHTED/ON,,,9/4/2020 9:54:42 AM,False,7159,Accepted,
27167909,0568000,LOUISVILLE METRO POLICE DEPT,Accepted,JEFFERSON,I 0065,,I65 N,,,,,,,,,38.208420143,-85.752105493,132.635,9/3/2020 12:00:00 AM,0901,1,1,0,1,RAINING,WET,False,OTHER ROADWAY OR MID-BLOCK COLLISION,SINGLE VEHICLE,CURVE & HILLCREST,DAYLIGHT,,,9/4/2020 9:54:46 AM,False,4903,Accepted,
27167916,0568000,LOUISVILLE METRO POLICE DEPT,Accepted,JEFFERSON,,,KENWOOD,DR,W,,3RD,,,,,38.161258709,-85.772250819,0.374,9/3/2020 12:00:00 AM,1343,2,2,0,0,CLEAR,DRY,False,ANGLE COLLISION - OTHER,ANGLE,STRAIGHT & LEVEL,DAYLIGHT,,,9/4/2020 9:55:08 AM,False,7427,Accepted,
27167918,0568000,LOUISVILLE METRO POLICE DEPT,Accepted,JEFFERSON,US0150,,BROADWAY,,W,,ROY WILKINS,,,,,38.246884206,-85.766504658,1.952,9/3/2020 12:00:00 AM,1218,2,2,0,1,CLEAR,DRY,False,OTHER INTERSECTION COLLISIONS,REAR END,STRAIGHT & LEVEL,DAYLIGHT,,,9/4/2020 9:55:15 AM,False,5105,Accepted,
27167928,0568000,LOUISVILLE METRO POLICE DEPT,Accepted,JEFFERSON,KY1065,,OUTER,LOOP,,,LONE OAK,,,,,38.137904967,-85.689787819,5.908,9/3/2020 12:00:00 AM,1759,2,2,0,0,CLEAR,DRY,False,ANGLE COLLISION - OTHER,ANGLE,STRAIGHT & LEVEL,DAYLIGHT,,,9/4/2020 9:55:39 AM,False,7397,Accepted,
27167952,0568000,LOUISVILLE METRO POLICE DEPT,Accepted,JEFFERSON,KY2054,,ALGONQUIN,PKWY,,US0031W,22ND,,,,,38.223335728,-85.795118102,1.503,9/3/2020 12:00:00 AM,0637,2,2,0,2,RAINING,WET,False,ANGLE COLLISION - OTHER,ANGLE,STRAIGHT & LEVEL,DARK-HWY LIGHTED/ON,,,9/4/2020 9:56:49 AM,False,5292,Accepted,