IncidentID,AgencyORI,AgencyName,IncidentStatusDesc,County,RdwyNumber,Street,RoadwayName,StreetSfx,StreetDir,IntersectionRdwy,IntersectionRdwyName,BetweenStRdwy1,BetweenStRdwyName1,BetweenStRdwy2,BetweenStRdwyName2,Latitude,Longitude,Milepoint,CollisionDate,CollisionTime,UnitsInvolved,MotorVehiclesInvolved,NumberKilled,NumberInjured,Weather,RdwyConditionCode,HitandRun,DirAnalysisCode,MannerofCollision,RdwyCharacter,LightCondition,RampFromRdwyId,RampToRdwyId,AcceptedDate,IsSecondaryCollision,OwnerBadge,IncidentStatus,
27167953,0568000,LOUISVILLE METRO POLICE DEPT,Accepted,JEFFERSON,KY0155,,TAYLORSVILLE,RD,,,,,,,,38.186915993,-85.526328634,7.024,9/2/2020 12:00:00 AM,1424,2,2,0,0,CLOUDY,DRY,False,REAR END IN TRAFFIC LANES BOTH VEHICLES MOVING,REAR END,STRAIGHT & LEVEL,DAYLIGHT,,,9/4/2020 9:56:53 AM,False,4693,Accepted,
27167935,0568000,LOUISVILLE METRO POLICE DEPT,Accepted,JEFFERSON,,,LIBERTY,ST,E,KY0864,CHESTNUT,,,,,38.249930161,-85.733165899,1.055,9/2/2020 12:00:00 AM,1543,2,2,0,0,CLOUDY,DRY,False,ANGLE COLLISION - OTHER,ANGLE,STRAIGHT & LEVEL,DAYLIGHT,,,9/4/2020 9:55:57 AM,False,7239,Accepted,
27167919,0568000,LOUISVILLE METRO POLICE DEPT,Accepted,JEFFERSON,US0150,,BROADWAY,,W,,12TH,,,,,38.247560698,-85.771634049,1.652,9/2/2020 12:00:00 AM,1616,2,2,0,0,CLOUDY,DRY,False,ANGLE COLLISION - OTHER,ANGLE,STRAIGHT & LEVEL,DAYLIGHT,,,9/4/2020 9:55:18 AM,False,5105,Accepted,
27167927,0568000,LOUISVILLE METRO POLICE DEPT,Accepted,JEFFERSON,KY1931,,ST ANDREWS CHURCH,RD,,,,,PENNACOOK,KY1142,PALATKA,38.155082152,-85.802340830,5.455,9/2/2020 12:00:00 AM,0920,2,2,0,1,CLOUDY,WET,True,REAR END IN TRAFFIC LANES BOTH VEHICLES MOVING,REAR END,CURVE & LEVEL,DAYLIGHT,,,9/4/2020 9:55:35 AM,False,6877,Accepted,
27162568,0568000,LOUISVILLE METRO POLICE DEPT,Accepted,JEFFERSON,KY1065,,OUTER,LOOP,,,,KY3080,KY3080,,GRADE,38.129772637,-85.738067441,3.140,9/2/2020 12:00:00 AM,1630,2,2,0,0,CLOUDY,DRY,False,OTHER ROADWAY OR MID-BLOCK COLLISION,REAR END,STRAIGHT & GRADE,DAYLIGHT,,,9/3/2020 8:07:59 AM,False,2324,Accepted,
27162569,0568000,LOUISVILLE METRO POLICE DEPT,Accepted,JEFFERSON,I 0065,,I65 S,,,,,,,,,38.154769679,-85.716435479,128.054,9/2/2020 12:00:00 AM,0708,2,2,0,2,RAINING,WET,False,1 VEHICLE ENTERING/LEAVING ENTRANCE,ANGLE,STRAIGHT & LEVEL,DARK-HWY LIGHTED/OFF,,,9/3/2020 8:08:03 AM,False,5146,Accepted,
27162622,0568000,LOUISVILLE METRO POLICE DEPT,Accepted,JEFFERSON,KY1865,,NEW CUT,RD,,KY0907,SOUTHSIDE,,,,,38.145808584,-85.775257878,2.668,9/2/2020 12:00:00 AM,2359,2,2,0,2,CLEAR,DRY,False,ANGLE COLLISION - OTHER,ANGLE,STRAIGHT & LEVEL,DARK-HWY LIGHTED/ON,,,9/3/2020 8:08:30 AM,False,5121,Accepted,
27167910,0568000,LOUISVILLE METRO POLICE DEPT,Accepted,JEFFERSON,I 0064,,,,,,,,,,,38.258584385,-85.743728121,0.075,9/2/2020 12:00:00 AM,0848,1,1,0,1,CLOUDY,WET,False,OTHER RAMP RELATED COLLISIONS NOT LISTED ABOVE,SINGLE VEHICLE,CURVE & GRADE,DAYLIGHT,I 0064,I 0065,9/4/2020 9:54:49 AM,False,2764,Accepted,
27162560,0568000,LOUISVILLE METRO POLICE DEPT,Accepted,JEFFERSON,I 0264,,I264 W,,,,,,,,,38.197743555,-85.704603120,13.596,9/2/2020 12:00:00 AM,0720,2,2,0,2,RAINING,WET,False,1 VEHICLE ENTERING/LEAVING ENTRANCE,ANGLE,CURVE & LEVEL,DARK (UNKNOWN ROADWAY LIGHTING),,,9/3/2020 8:07:45 AM,False,4693,Accepted,
27167933,0568000,LOUISVILLE METRO POLICE DEPT,Accepted,JEFFERSON,,995,VINE,ST,,,,,,,,38.236227490,-85.730168203,0.614,9/2/2020 12:00:00 AM,0605,2,2,0,0,RAINING,WET,True,1 VEHICLE PARKED POSITION (NOT PARKING LOT/DRIVEWAY),REAR END,CURVE & LEVEL,DAWN,,,9/4/2020 9:55:53 AM,False,5221,Accepted,
27167925,0568000,LOUISVILLE METRO POLICE DEPT,Accepted,JEFFERSON,KY1447,,WESTPORT,RD,,I 0264,I264 W EXIT21 OFF RAMP TO KY1447,,,,,38.265324532,-85.624401938,1.954,9/2/2020 12:00:00 AM,1825,2,2,0,0,CLOUDY,DRY,False,OPPOSING LEFT TURN,OPPOSING LEFT TURN,STRAIGHT & LEVEL,DAYLIGHT,,,9/4/2020 9:55:29 AM,False,7751,Accepted,
27162570,0568000,LOUISVILLE METRO POLICE DEPT,Accepted,JEFFERSON,,,17TH,ST,S,,CHESTNUT,,,,,38.251353864,-85.779414348,0.439,9/2/2020 12:00:00 AM,1735,2,1,0,1,CLEAR,DRY,False,COLLISION WITH PEDESTRIAN IN INTERSECTION,SINGLE VEHICLE,STRAIGHT & LEVEL,DAYLIGHT,,,9/3/2020 8:08:06 AM,False,7220,Accepted,
27162652,0568000,LOUISVILLE METRO POLICE DEPT,Accepted,JEFFERSON,US0031E,1810,BARDSTOWN,RD,,,,,,,,38.228367465,-85.700958410,14.115,9/2/2020 12:00:00 AM,0149,5,5,0,0,CLEAR,DRY,False,1 VEHICLE PARKED POSITION (NOT PARKING LOT/DRIVEWAY),REAR END,STRAIGHT & LEVEL,DARK-HWY LIGHTED/ON,,,9/3/2020 8:08:47 AM,False,5104,Accepted,
27192474,0568000,LOUISVILLE METRO POLICE DEPT,Accepted,JEFFERSON,KY0155,,TAYLORSVILLE,RD,,,,,,,,38.186915993,-85.526328634,7.024,9/2/2020 12:00:00 AM,1424,2,1,0,0,CLOUDY,DRY,False,REAR END IN TRAFFIC LANES BOTH VEHICLES MOVING,REAR END,STRAIGHT & LEVEL,DAYLIGHT,,,9/10/2020 9:46:12 AM,True,4693,Accepted,
27433190,0568000,LOUISVILLE METRO POLICE DEPT,Accepted,JEFFERSON,,,2ND,ST,S,,,,WELLINGTON,,WOODLAWN,38.182549988,-85.764391248,0.969,9/2/2020 12:00:00 AM,1000,2,2,0,0,CLEAR,DRY,False,1 VEHICLE PARKED POSITION (NOT PARKING LOT/DRIVEWAY),SIDESWIPE-SAME DIRECTION,STRAIGHT & LEVEL,DAYLIGHT,,,11/9/2020 8:52:19 AM,False,7323,Accepted,
27178508,0568000,LOUISVILLE METRO POLICE DEPT,Accepted,JEFFERSON,,,GREENWOOD,AVE,,US0031W,DR W J HODGE,,,,,38.241108755,-85.788033107,0.137,9/2/2020 12:00:00 AM,1637,2,2,0,0,CLEAR,DRY,True,COLLISION WITH PARKED VEHICLE,ANGLE,STRAIGHT & LEVEL,DAYLIGHT,,,9/7/2020 1:00:11 PM,False,7387,Accepted,
27178443,0568000,LOUISVILLE METRO POLICE DEPT,Accepted,JEFFERSON,KY0155,,TAYLORSVILLE,RD,,,,,,,,38.219586051,-85.619505300,12.985,9/2/2020 12:00:00 AM,2131,2,1,1,0,CLOUDY,DRY,False,COLLISION WITH PEDESTRIAN NON - INTERSECTION,SINGLE VEHICLE,STRAIGHT & LEVEL,DARK-HWY NOT LIGHTED,,,9/7/2020 12:55:46 PM,False,7772,Accepted,
27162572,0568000,LOUISVILLE METRO POLICE DEPT,Accepted,JEFFERSON,,,12TH,ST,S,,ZANE,,,,,38.239717339,-85.773018554,0.925,9/2/2020 12:00:00 AM,1330,1,1,0,0,CLEAR,DRY,False,COLLISION WITH FIXED OBJECT IN INTERSECTION - FIRST EVENT COLLISION 09 - 32,SINGLE VEHICLE,STRAIGHT & LEVEL,DAYLIGHT,,,9/3/2020 8:08:14 AM,False,7381,Accepted,
27162559,0568000,LOUISVILLE METRO POLICE DEPT,Accepted,JEFFERSON,,,MELLWOOD,AVE,,,ZORN,,,,,38.273610952,-85.696242235,1.481,9/2/2020 12:00:00 AM,1516,2,2,0,0,CLEAR,DRY,False,ANGLE COLLISION - OTHER,ANGLE,STRAIGHT & LEVEL,DAYLIGHT,,,9/3/2020 8:07:41 AM,False,2413,Accepted,
27162566,0568000,LOUISVILLE METRO POLICE DEPT,Accepted,JEFFERSON,I 0265,,I265 E,,,,,,,,,38.145962644,-85.548765548,19.230,9/2/2020 12:00:00 AM,0843,2,2,0,2,RAINING,WET,False,REAR END IN TRAFFIC LANES BOTH VEHICLES MOVING,REAR END,STRAIGHT & LEVEL,DAYLIGHT,,,9/3/2020 8:07:52 AM,False,2321,Accepted,
27158570,0568000,LOUISVILLE METRO POLICE DEPT,Accepted,JEFFERSON,KY1065,,OUTER,LOOP,,KY1865,NEW CUT,,,,,38.126518091,-85.776213588,1.019,9/2/2020 12:00:00 AM,0257,1,1,0,0,RAINING,WET,True,COLLISION WITH FIXED OBJECT IN INTERSECTION - FIRST EVENT COLLISION 09 - 32,SINGLE VEHICLE,STRAIGHT & LEVEL,DARK-HWY LIGHTED/ON,,,9/2/2020 9:05:55 AM,False,5209,Accepted,
27178507,0568000,LOUISVILLE METRO POLICE DEPT,Accepted,JEFFERSON,,,34TH,ST,S,,VIRGINIA,,,,,38.239034103,-85.810280432,1.631,9/2/2020 12:00:00 AM,1140,2,2,0,0,CLEAR,DRY,True,ANGLE COLLISION - OTHER,ANGLE,STRAIGHT & LEVEL,DAYLIGHT,,,9/7/2020 12:59:59 PM,False,7387,Accepted,
27162564,0568000,LOUISVILLE METRO POLICE DEPT,Accepted,JEFFERSON,,,NOLTEMEYER WYNDE,,,,,,,,,38.139624506,-85.680373363,0.103,9/2/2020 12:00:00 AM,1323,2,2,0,1,CLOUDY,DRY,True,1 VEHICLE ENTERING/LEAVING ENTRANCE,ANGLE,STRAIGHT & LEVEL,DAYLIGHT,,,9/3/2020 8:07:49 AM,False,4693,Accepted,
27169769,0564500,PROSPECT POLICE DEPARTMENT,Accepted,JEFFERSON,KY3222,8000,ROSE ISLAND,RD,,,,,,,,38.367399715,-85.617860315,0.944,9/2/2020 12:00:00 AM,2215,1,1,0,0,CLOUDY,DRY,False,COLLISION WITH FIXED OBJECT NON - INTERSECTION - FIRST EVENT COLLISION 09 - 32 EXCLUDING 16,SINGLE VEHICLE,CURVE & LEVEL,DARK-HWY NOT LIGHTED,,,9/4/2020 5:08:27 PM,False,1152,Accepted,
27167938,0568000,LOUISVILLE METRO POLICE DEPT,Accepted,JEFFERSON,KY0061,,PRESTON,HWY,,,INDIAN,,,,,38.168756060,-85.706577035,6.339,9/2/2020 12:00:00 AM,0906,2,2,0,0,RAINING,WET,False,REAR END - ONE VEHICLE TURNING LEFT,REAR END,STRAIGHT & LEVEL,DAYLIGHT,,,9/4/2020 9:56:05 AM,False,5019,Accepted,
27167924,0568000,LOUISVILLE METRO POLICE DEPT,Accepted,JEFFERSON,,,NORTON HEALTHCARE,BLVD,,,,I 0265,I265 N EXIT34 OFF RAMP TO KY22,KY0022,BROWNSBORO,38.310885112,-85.570424031,0.006,9/2/2020 12:00:00 AM,1353,2,2,0,0,CLOUDY,DRY,False,REAR END IN TRAFFIC LANES BOTH VEHICLES MOVING,REAR END,STRAIGHT & LEVEL,DAYLIGHT,,,9/4/2020 9:55:25 AM,False,7751,Accepted,
27192762,0564400,INDIAN HILLS POLICE DEPARTMENT,Accepted,JEFFERSON,US0042,,BROWNSBORO,RD,,,,,HUBBARDS,,MOCCASIN,38.270477233,-85.652914009,4.665,9/2/2020 12:00:00 AM,1005,2,2,0,0,CLOUDY,DRY,True,SIDESWIPE COLLISION - SAME DIRECTION,SIDESWIPE-SAME DIRECTION,STRAIGHT & GRADE,DAYLIGHT,,,9/10/2020 11:04:30 AM,False,4422,Accepted,
27192652,0568000,LOUISVILLE METRO POLICE DEPT,Accepted,JEFFERSON,KY1931,,MANSLICK,RD,,,,,HOLLY PARK,,MELODY,38.159867345,-85.798122227,5.823,9/2/2020 12:00:00 AM,0921,1,1,0,2,CLOUDY,WET,True,COLLISION WITH FIXED OBJECT NON - INTERSECTION - FIRST EVENT COLLISION 09 - 32 EXCLUDING 16,SINGLE VEHICLE,CURVE & GRADE,DAYLIGHT,,,9/10/2020 10:33:10 AM,True,6877,Accepted,
27167907,0568000,LOUISVILLE METRO POLICE DEPT,Accepted,JEFFERSON,KY1447,,WESTPORT,RD,,,CHAMBERLAIN,,,,,38.299248550,-85.541678206,7.038,9/2/2020 12:00:00 AM,2222,2,2,0,0,RAINING,WET,False,OTHER INTERSECTION COLLISIONS,REAR END,CURVE & LEVEL,DARK-HWY LIGHTED/ON,,,9/4/2020 9:54:39 AM,False,7159,Accepted,
27162574,0568000,LOUISVILLE METRO POLICE DEPT,Accepted,JEFFERSON,KY1065,,OUTER,LOOP,,KY0061,PRESTON,,,,,38.138475177,-85.686312971,6.074,9/2/2020 12:00:00 AM,1907,3,3,0,0,CLEAR,DRY,False,OTHER INTERSECTION COLLISIONS,REAR END,STRAIGHT & LEVEL,DAYLIGHT,,,9/3/2020 8:08:24 AM,False,7016,Accepted,
27162575,0568000,LOUISVILLE METRO POLICE DEPT,Accepted,JEFFERSON,,8018,ARNOLDTOWN,RD,,,,,,,,38.128640962,-85.810611539,1.676,9/2/2020 12:00:00 AM,1635,1,1,0,0,CLEAR,DRY,False,OTHER COLLISIONS ON SHOULDER,SINGLE VEHICLE,CURVE & LEVEL,DAYLIGHT,,,9/3/2020 8:08:27 AM,False,5220,Accepted,
27162648,0568000,LOUISVILLE METRO POLICE DEPT,Accepted,JEFFERSON,KY1703,,NEWBURG,RD,,KY2052,SHEPHERDSVILLE,,,,,38.178867262,-85.659556210,0.016,9/2/2020 12:00:00 AM,2106,2,2,0,3,CLOUDY,DRY,False,OTHER INTERSECTION COLLISIONS,REAR END,CURVE & LEVEL,DARK-HWY LIGHTED/ON,,,9/3/2020 8:08:34 AM,False,5222,Accepted,
27167929,0568000,LOUISVILLE METRO POLICE DEPT,Accepted,JEFFERSON,KY1934,,GREENBELT,HWY,,KY1230,CANE RUN,,,,,38.116464025,-85.894781527,2.304,9/2/2020 12:00:00 AM,1640,2,2,0,2,CLEAR,DRY,False,OPPOSING LEFT TURN,OPPOSING LEFT TURN,STRAIGHT & LEVEL,DAYLIGHT,,,9/4/2020 9:55:42 AM,False,7336,Accepted,
27162650,0568000,LOUISVILLE METRO POLICE DEPT,Accepted,JEFFERSON,,1654,STEVENS,AVE,,,,,,,,38.228688787,-85.711329315,0.174,9/2/2020 12:00:00 AM,2350,2,2,0,0,CLOUDY,DRY,False,1 VEHICLE PARKED POSITION (NOT PARKING LOT/DRIVEWAY),ANGLE,STRAIGHT & LEVEL,DARK-HWY LIGHTED/ON,,,9/3/2020 8:08:41 AM,False,2976,Accepted,
27165893,0561500,UNIV. OF LOUISVILLE POLICE,Accepted,JEFFERSON,,325,CARDINAL,BLVD,W,,,KY1020,3RD,,4TH,38.220695854,-85.761939304,0.223,9/2/2020 12:00:00 AM,1458,2,2,0,0,CLEAR,DRY,False,SIDESWIPE COLLISION - SAME DIRECTION,SIDESWIPE-SAME DIRECTION,STRAIGHT & LEVEL,DAYLIGHT,,,9/3/2020 8:54:26 PM,False,5690,Accepted,
27158563,0568000,LOUISVILLE METRO POLICE DEPT,Accepted,JEFFERSON,,,CHESTNUT,ST,W,,30TH,,,,,38.253739713,-85.800906810,0.002,9/1/2020 12:00:00 AM,0230,2,1,0,1,CLEAR,DRY,False,COLLISION WITH BICYCLE IN INTERSECTION,SINGLE VEHICLE,STRAIGHT & LEVEL,DARK-HWY LIGHTED/ON,,,9/2/2020 9:05:15 AM,False,5271,Accepted,
27193830,0561500,UNIV. OF LOUISVILLE POLICE,Accepted,JEFFERSON,KY1020,,3RD,ST,S,,,,,,,38.217150754,-85.761892177,10.089,9/1/2020 12:00:00 AM,1400,2,1,0,1,CLEAR,DRY,True,COLLISION WITH PEDESTRIAN NON - INTERSECTION,SINGLE VEHICLE,STRAIGHT & LEVEL,DAYLIGHT,,,9/10/2020 3:09:55 PM,False,5676,Accepted,
27211639,0568000,LOUISVILLE METRO POLICE DEPT,Accepted,JEFFERSON,KY0864,,POPLAR LEVEL,RD,,,,,AUDUBON PLAZA,,HESS,38.213492591,-85.722472964,12.852,9/1/2020 12:00:00 AM,1000,2,2,0,1,CLEAR,DRY,False,1 VEHICLE PARKED POSITION (NOT PARKING LOT/DRIVEWAY),REAR END,STRAIGHT & LEVEL,DAYLIGHT,,,9/15/2020 8:27:59 AM,False,7938,Accepted,
27158553,0568000,LOUISVILLE METRO POLICE DEPT,Accepted,JEFFERSON,,1354,26TH,ST,S,,,,,,,38.234308469,-85.796618794,1.831,9/1/2020 12:00:00 AM,1621,2,2,0,0,CLOUDY,DRY,False,1 VEHICLE PARKED POSITION (NOT PARKING LOT/DRIVEWAY),SIDESWIPE-SAME DIRECTION,STRAIGHT & LEVEL,DAYLIGHT,,,9/2/2020 9:04:01 AM,False,7070,Accepted,
27158554,0568000,LOUISVILLE METRO POLICE DEPT,Accepted,JEFFERSON,,,CHESTNUT,ST,W,US0031W,DR W J HODGE,,,,,38.252099697,-85.786060820,0.815,9/1/2020 12:00:00 AM,0755,2,2,0,0,CLEAR,DRY,False,ANGLE COLLISION - OTHER,ANGLE,STRAIGHT & LEVEL,DAYLIGHT,,,9/2/2020 9:04:08 AM,False,7805,Accepted,
27158555,0568000,LOUISVILLE METRO POLICE DEPT,Accepted,JEFFERSON,US0031W,7803,DIXIE,HWY,,,,,,,,38.130102338,-85.847904087,10.495,9/1/2020 12:00:00 AM,1215,2,2,0,2,CLOUDY,DRY,False,REAR END IN TRAFFIC LANES BOTH VEHICLES MOVING,REAR END,STRAIGHT & LEVEL,DAYLIGHT,,,9/2/2020 9:04:16 AM,False,2311,Accepted,
27158547,0568000,LOUISVILLE METRO POLICE DEPT,Accepted,JEFFERSON,KY1747,,HURSTBOURNE,PKWY,S,,RAINTREE,,,,,38.200686822,-85.602920149,9.729,9/1/2020 12:00:00 AM,0742,2,2,0,2,CLOUDY,DRY,False,ANGLE COLLISION - OTHER,ANGLE,STRAIGHT & LEVEL,DAYLIGHT,,,9/2/2020 9:03:18 AM,False,7431,Accepted,
27158548,0568000,LOUISVILLE METRO POLICE DEPT,Accepted,JEFFERSON,,,WENZEL,ST,S,,BALLARD,,,,,38.250699032,-85.734474476,0.236,9/1/2020 12:00:00 AM,0852,2,1,0,1,CLOUDY,DRY,False,COLLISION WITH PEDESTRIAN IN INTERSECTION,SINGLE VEHICLE,STRAIGHT & LEVEL,DAYLIGHT,,,9/2/2020 9:03:26 AM,False,2403,Accepted,
27158556,0568000,LOUISVILLE METRO POLICE DEPT,Accepted,JEFFERSON,KY2054,1840,ALGONQUIN,PKWY,,,,,,,,38.223401750,-85.794925065,1.495,9/1/2020 12:00:00 AM,1348,2,2,0,1,CLOUDY,DRY,False,REAR END IN TRAFFIC LANES BOTH VEHICLES MOVING,REAR END,STRAIGHT & LEVEL,DAYLIGHT,,,9/2/2020 9:04:32 AM,False,2469,Accepted,
27158564,0568000,LOUISVILLE METRO POLICE DEPT,Accepted,JEFFERSON,KY2054,,ALGONQUIN,PKWY,,,,,35TH,,RUSSELL LEE,38.225102623,-85.815609441,0.374,9/1/2020 12:00:00 AM,1901,1,1,0,1,CLOUDY,DRY,False,COLLISION WITH FIXED OBJECT NON - INTERSECTION - FIRST EVENT COLLISION 09 - 32 EXCLUDING 16,SINGLE VEHICLE,STRAIGHT & LEVEL,DAYLIGHT,,,9/2/2020 9:05:18 AM,False,7181,Accepted,
27158565,0568000,LOUISVILLE METRO POLICE DEPT,Accepted,JEFFERSON,US0060,9409,SHELBYVILLE,RD,,KY1747,HURSTBOURNE,,,,,38.246420665,-85.577056097,7.869,9/1/2020 12:00:00 AM,2030,2,2,0,0,CLEAR,DRY,False,COLLISION WITH PARKED VEHICLE,ANGLE,STRAIGHT & LEVEL,OTHER,,,9/2/2020 9:05:21 AM,False,6931,Accepted,
27158572,0568000,LOUISVILLE METRO POLICE DEPT,Accepted,JEFFERSON,,819,LIBERTY,ST,E,,,,,,,38.250400890,-85.738025305,0.794,9/1/2020 12:00:00 AM,1942,1,1,0,1,CLEAR,DRY,False,COLLISION WITH FIXED OBJECT NON - INTERSECTION - FIRST EVENT COLLISION 09 - 32 EXCLUDING 16,SINGLE VEHICLE,STRAIGHT & LEVEL,DUSK,,,9/2/2020 9:06:09 AM,False,7325,Accepted,
27158573,0568000,LOUISVILLE METRO POLICE DEPT,Accepted,JEFFERSON,,,BANK,ST,,,38TH,,,,,38.272030858,-85.809751088,0.465,9/1/2020 12:00:00 AM,2041,2,2,0,1,CLEAR,DRY,False,ANGLE COLLISION - OTHER,ANGLE,STRAIGHT & LEVEL,DARK-HWY NOT LIGHTED,,,9/2/2020 9:06:19 AM,False,7481,Accepted,
27192524,0568000,LOUISVILLE METRO POLICE DEPT,Accepted,JEFFERSON,,,LUCILLE,AVE,,,,KY1931,GREENWOOD,,RAILROAD,38.144526039,-85.845212319,0.054,9/1/2020 12:00:00 AM,1156,1,1,0,0,CLOUDY,DRY,False,COLLISION WITH FIXED OBJECT NON - INTERSECTION - FIRST EVENT COLLISION 09 - 32 EXCLUDING 16,SINGLE VEHICLE,STRAIGHT & LEVEL,DAYLIGHT,,,9/10/2020 9:57:07 AM,False,7073,Accepted,
27196635,0568000,LOUISVILLE METRO POLICE DEPT,Accepted,JEFFERSON,,,SEELBACH,AVE,,,POWELL,,,,,38.188462874,-85.791383744,0.068,9/1/2020 12:00:00 AM,1246,2,2,0,0,CLEAR,DRY,False,COLLISION WITH PARKED VEHICLE,SIDESWIPE-OPPOSITE DIRECTION,STRAIGHT & LEVEL,DAYLIGHT,,,9/11/2020 8:08:34 AM,False,7450,Accepted,
27378790,0560000,JEFFERSON COUNTY SHERIFF DEPT.,Accepted,JEFFERSON,,911,GRADE,LN,,,,,,,,38.158847969,-85.730863575,1.974,9/1/2020 12:00:00 AM,0300,2,2,0,0,CLEAR,DRY,False,VEHICLE BACKING NON INTERSECTION,BACKING,STRAIGHT & LEVEL,DARK (UNKNOWN ROADWAY LIGHTING),,,10/26/2020 3:05:03 PM,False,4018,Accepted,
27158552,0568000,LOUISVILLE METRO POLICE DEPT,Accepted,JEFFERSON,I 0065,,I65 N,,,,,,,,,38.249217484,-85.751966818,135.506,9/1/2020 12:00:00 AM,1438,1,1,0,1,CLOUDY,DRY,False,COLLISION WITH FIXED OBJECT NON - INTERSECTION - FIRST EVENT COLLISION 09 - 32 EXCLUDING 16,SINGLE VEHICLE,CURVE & LEVEL,DAYLIGHT,,,9/2/2020 9:03:54 AM,False,5187,Accepted,
27158560,0568000,LOUISVILLE METRO POLICE DEPT,Accepted,JEFFERSON,KY0061,,PRESTON,HWY,,,ST RITA,,,,,38.128117036,-85.681032770,3.191,9/1/2020 12:00:00 AM,1900,2,2,0,3,CLOUDY,DRY,False,ANGLE COLLISION - ONE VEHICLE TURNING LEFT,ANGLE,STRAIGHT & LEVEL,DAYLIGHT,,,9/2/2020 9:05:00 AM,False,5042,Accepted,
27158551,0568000,LOUISVILLE METRO POLICE DEPT,Accepted,JEFFERSON,,,CANDLELIGHT,LN,,KY1865,NEW CUT,,,,,38.129800776,-85.773838560,0.649,9/1/2020 12:00:00 AM,1531,2,1,0,1,CLEAR,DRY,False,COLLISION WITH PEDESTRIAN IN INTERSECTION,SINGLE VEHICLE,STRAIGHT & LEVEL,DAYLIGHT,,,9/2/2020 9:03:47 AM,False,7202,Accepted,
27158557,0568000,LOUISVILLE METRO POLICE DEPT,Accepted,JEFFERSON,KY1931,5203,GREENWOOD,RD,,,,,,,,38.144077822,-85.852034372,2.458,9/1/2020 12:00:00 AM,1156,2,2,0,0,CLOUDY,DRY,True,COLLISION IN PARKING LOT,REAR END,STRAIGHT & LEVEL,DAYLIGHT,,,9/2/2020 9:04:43 AM,False,7073,Accepted,
27158558,0568000,LOUISVILLE METRO POLICE DEPT,Accepted,JEFFERSON,,3044,WILSON,AVE,,,,,,,,38.226630019,-85.807181537,1.986,9/1/2020 12:00:00 AM,1704,2,2,0,0,CLEAR,DRY,False,1 VEHICLE ENTERING/LEAVING ENTRANCE,ANGLE,STRAIGHT & LEVEL,DAYLIGHT,,,9/2/2020 9:04:50 AM,False,5273,Accepted,
27158567,0568000,LOUISVILLE METRO POLICE DEPT,Accepted,JEFFERSON,US0031W,6987,DIXIE,HWY,,,,,,,,38.149574619,-85.837149756,12.050,9/1/2020 12:00:00 AM,2300,2,1,0,1,CLOUDY,DRY,False,COLLISION WITH PEDESTRIAN NON - INTERSECTION,SINGLE VEHICLE,STRAIGHT & LEVEL,DARK-HWY NOT LIGHTED,,,9/2/2020 9:05:34 AM,False,5212,Accepted,
27158574,0568000,LOUISVILLE METRO POLICE DEPT,Accepted,JEFFERSON,,3539,RIVER PARK,DR,,,,,,,,38.254828377,-85.810453973,0.904,9/1/2020 12:00:00 AM,2316,3,3,0,0,CLEAR,DRY,False,1 VEHICLE PARKED POSITION (NOT PARKING LOT/DRIVEWAY),REAR END,STRAIGHT & LEVEL,DARK-HWY LIGHTED/ON,,,9/2/2020 9:06:27 AM,False,7481,Accepted,
27158575,0568000,LOUISVILLE METRO POLICE DEPT,Accepted,JEFFERSON,US0060A,1602,BERRY,BLVD,,,,,,,,38.196564733,-85.791698852,0.985,9/1/2020 12:00:00 AM,1932,3,3,0,0,CLEAR,DRY,False,1 VEHICLE PARKED POSITION (NOT PARKING LOT/DRIVEWAY),SIDESWIPE-OPPOSITE DIRECTION,STRAIGHT & LEVEL,DUSK,,,9/2/2020 9:06:33 AM,False,5183,Accepted,
27152901,0568000,LOUISVILLE METRO POLICE DEPT,Accepted,JEFFERSON,,,AVOCA,RD,,,,,,,,38.261003725,-85.522183870,1.287,9/1/2020 12:00:00 AM,0314,4,3,0,1,CLEAR,DRY,False,COLLISION IN PARKING LOT,ANGLE,STRAIGHT & LEVEL,DARK (UNKNOWN ROADWAY LIGHTING),,,9/1/2020 8:08:24 AM,False,7475,Accepted,
27158550,0568000,LOUISVILLE METRO POLICE DEPT,Accepted,JEFFERSON,US0031W,,22ND,ST,S,,,,,,,38.257316422,-85.786838324,20.104,9/1/2020 12:00:00 AM,1500,2,2,0,3,CLOUDY,DRY,False,REAR END IN TRAFFIC LANES BOTH VEHICLES MOVING,REAR END,STRAIGHT & LEVEL,DAYLIGHT,,,9/2/2020 9:03:40 AM,False,7988,Accepted,