IncidentID,AgencyORI,AgencyName,IncidentStatusDesc,County,RdwyNumber,Street,RoadwayName,StreetSfx,StreetDir,IntersectionRdwy,IntersectionRdwyName,BetweenStRdwy1,BetweenStRdwyName1,BetweenStRdwy2,BetweenStRdwyName2,Latitude,Longitude,Milepoint,CollisionDate,CollisionTime,UnitsInvolved,MotorVehiclesInvolved,NumberKilled,NumberInjured,Weather,RdwyConditionCode,HitandRun,DirAnalysisCode,MannerofCollision,RdwyCharacter,LightCondition,RampFromRdwyId,RampToRdwyId,AcceptedDate,IsSecondaryCollision,OwnerBadge,IncidentStatus,
27158569,0568000,LOUISVILLE METRO POLICE DEPT,Accepted,JEFFERSON,KY0907,8205,3RD ST,RD,,,,,,,,38.123980710,-85.798286044,4.341,9/1/2020 12:00:00 AM,0418,1,1,0,1,CLEAR,DRY,False,OTHER COLLISIONS ON SHOULDER,SINGLE VEHICLE,CURVE & LEVEL,DARK-HWY LIGHTED/ON,,,9/2/2020 9:05:48 AM,False,5048,Accepted,
27168476,0568000,LOUISVILLE METRO POLICE DEPT,Accepted,JEFFERSON,KY1934,4839,CANE RUN,RD,,,,,,,,38.182225147,-85.856885152,7.641,9/1/2020 12:00:00 AM,1713,2,2,0,1,CLOUDY,DRY,False,OTHER ROADWAY OR MID-BLOCK COLLISION,REAR END,STRAIGHT & LEVEL,DAYLIGHT,,,9/4/2020 11:35:16 AM,False,7073,Accepted,
27158568,0568000,LOUISVILLE METRO POLICE DEPT,Accepted,JEFFERSON,US0031W,,DIXIE,HWY,,,PAGES,,,,,38.130173716,-85.847814966,10.498,8/31/2020 12:00:00 AM,2146,3,3,0,0,CLEAR,DRY,True,OTHER INTERSECTION COLLISIONS,REAR END,,DARK-HWY LIGHTED/ON,,,9/2/2020 9:05:41 AM,False,5048,Accepted,
27163690,0568000,LOUISVILLE METRO POLICE DEPT,Accepted,JEFFERSON,,1750,GAULBERT,AVE,W,,,,,,,38.227364786,-85.788102672,0.477,8/31/2020 12:00:00 AM,0544,2,1,0,0,CLEAR,DRY,True,SIDESWIPE COLLISION - SAME DIRECTION,SIDESWIPE-SAME DIRECTION,STRAIGHT & LEVEL,DARK-HWY LIGHTED/ON,,,9/3/2020 11:29:17 AM,False,7466,Accepted,
27149946,0568000,LOUISVILLE METRO POLICE DEPT,Accepted,JEFFERSON,,,34TH,ST,S,,,,,,,38.248861762,-85.808661604,0.943,8/31/2020 12:00:00 AM,1303,2,2,0,0,CLEAR,WET,False,1 VEHICLE PARKED POSITION (NOT PARKING LOT/DRIVEWAY),SIDESWIPE-SAME DIRECTION,STRAIGHT & LEVEL,DAYLIGHT,,,8/31/2020 2:43:45 PM,False,7460,Accepted,
27158549,0568000,LOUISVILLE METRO POLICE DEPT,Accepted,JEFFERSON,,,COLORADO,AVE,,KY2054,ALGONQUIN,,,,,38.213828700,-85.772858122,0.489,8/31/2020 12:00:00 AM,1400,2,2,0,0,CLEAR,DRY,True,ANGLE COLLISION - OTHER,ANGLE,CURVE & LEVEL,DAYLIGHT,,,9/2/2020 9:03:34 AM,False,7139,Accepted,
27150511,0560300,ST. MATTHEWS POLICE DEPARTMENT,Accepted,JEFFERSON,I 0064,,I64 W,,,,,,,,,38.236960024,-85.631657412,11.779,8/31/2020 12:00:00 AM,0736,3,3,0,1,CLOUDY,DRY,False,SIDESWIPE COLLISION - SAME DIRECTION,SIDESWIPE-SAME DIRECTION,STRAIGHT & LEVEL,DAWN,,,8/31/2020 4:55:41 PM,False,9155,Accepted,
27152883,0568000,LOUISVILLE METRO POLICE DEPT,Accepted,JEFFERSON,KY1065,,OUTER,LOOP,,,MINOR,,,,,38.136160273,-85.697208172,5.464,8/31/2020 12:00:00 AM,1500,2,2,0,0,CLEAR,DRY,False,OTHER INTERSECTION COLLISIONS,REAR END,STRAIGHT & LEVEL,DAYLIGHT,,,9/1/2020 8:06:02 AM,False,7955,Accepted,
27152895,0568000,LOUISVILLE METRO POLICE DEPT,Accepted,JEFFERSON,US0150,1935,BROADWAY,,W,,,,,,,38.249105398,-85.783780577,0.975,8/31/2020 12:00:00 AM,1400,2,2,0,0,CLEAR,DRY,True,COLLISION IN PARKING LOT,SIDESWIPE-SAME DIRECTION,STRAIGHT & LEVEL,DAYLIGHT,,,9/1/2020 8:07:44 AM,False,7479,Accepted,
27149951,0568000,LOUISVILLE METRO POLICE DEPT,Accepted,JEFFERSON,,,BLANTON,LN,,,,,ROMANIA,US0031W,DIXIE,38.157377746,-85.833627725,0.017,8/31/2020 12:00:00 AM,1243,3,3,0,0,CLOUDY,DRY,True,REAR END IN TRAFFIC LANES BOTH VEHICLES MOVING,REAR END,STRAIGHT & LEVEL,DAYLIGHT,,,8/31/2020 2:43:53 PM,False,6318,Accepted,
27158544,0568000,LOUISVILLE METRO POLICE DEPT,Accepted,JEFFERSON,,,MAIN,ST,W,US0150,22ND,,,,,38.259928867,-85.786303455,0.001,8/31/2020 12:00:00 AM,0830,2,2,0,0,CLOUDY,DRY,False,ANGLE COLLISION - OTHER,ANGLE,STRAIGHT & LEVEL,DAYLIGHT,,,9/2/2020 9:02:54 AM,False,7405,Accepted,
27152885,0568000,LOUISVILLE METRO POLICE DEPT,Accepted,JEFFERSON,,,SHAWNEE,TER,S,,HERMAN,,,,,38.262249827,-85.823172600,0.134,8/31/2020 12:00:00 AM,1600,2,2,0,0,CLEAR,DRY,False,ANGLE COLLISION - OTHER,ANGLE,STRAIGHT & LEVEL,DAYLIGHT,,,9/1/2020 8:06:34 AM,False,5003,Accepted,
27152886,0568000,LOUISVILLE METRO POLICE DEPT,Accepted,JEFFERSON,US0150,1420,BROADWAY,,W,,,,,,,38.248010350,-85.775178991,1.452,8/31/2020 12:00:00 AM,1500,2,2,0,0,CLEAR,DRY,True,COLLISION IN PARKING LOT,SIDESWIPE-SAME DIRECTION,STRAIGHT & LEVEL,DAYLIGHT,,,9/1/2020 8:06:41 AM,False,5124,Accepted,
27152892,0568000,LOUISVILLE METRO POLICE DEPT,Accepted,JEFFERSON,KY1865,5518,NEW CUT,RD,,,,,,,,38.143280712,-85.774744521,2.385,8/31/2020 12:00:00 AM,1303,2,2,0,0,CLEAR,DRY,False,1 VEHICLE ENTERING/LEAVING ENTRANCE,ANGLE,STRAIGHT & LEVEL,DAYLIGHT,,,9/1/2020 8:07:21 AM,False,7483,Accepted,
27152894,0568000,LOUISVILLE METRO POLICE DEPT,Accepted,JEFFERSON,KY1020,7031,SOUTHSIDE,DR,,,,,,,,38.153642606,-85.765080396,5.786,8/31/2020 12:00:00 AM,1624,2,2,0,0,CLEAR,DRY,False,COLLISION WITH FIXED OBJECT NON - INTERSECTION - FIRST EVENT COLLISION 09 - 32 EXCLUDING 16,REAR TO REAR,STRAIGHT & LEVEL,DAYLIGHT,,,9/1/2020 8:07:28 AM,False,7483,Accepted,
27178535,0568000,LOUISVILLE METRO POLICE DEPT,Accepted,JEFFERSON,,,BLANTON,LN,,US0031W,DIXIE,,,,,38.157380787,-85.833823202,0.006,8/31/2020 12:00:00 AM,1910,2,2,0,1,CLEAR,DRY,False,HEAD-ON COLLISION,HEAD ON,STRAIGHT & LEVEL,DAYLIGHT,,,9/7/2020 1:04:40 PM,False,7980,Accepted,
27152899,0568000,LOUISVILLE METRO POLICE DEPT,Accepted,JEFFERSON,US0031W,10608,DIXIE,HWY,,,,,,,,38.101500852,-85.871158732,8.155,8/31/2020 12:00:00 AM,2125,2,2,0,0,CLEAR,DRY,False,1 VEHICLE ENTERING/LEAVING ENTRANCE,ANGLE,STRAIGHT & LEVEL,DARK-HWY NOT LIGHTED,,,9/1/2020 8:08:17 AM,False,5033,Accepted,
27158546,0568000,LOUISVILLE METRO POLICE DEPT,Accepted,JEFFERSON,KY1020,,2ND,ST,S,,LIBERTY,,,,,38.252765390,-85.753971647,12.576,8/31/2020 12:00:00 AM,1600,2,2,0,0,CLOUDY,DRY,False,ANGLE COLLISION - OTHER,ANGLE,STRAIGHT & LEVEL,DAYLIGHT,,,9/2/2020 9:03:11 AM,False,2403,Accepted,
27152888,0568000,LOUISVILLE METRO POLICE DEPT,Accepted,JEFFERSON,KY1447,,WESTPORT,RD,,,,,,,,38.286048731,-85.577359910,4.948,8/31/2020 12:00:00 AM,1134,2,2,0,1,CLEAR,DRY,False,OTHER ROADWAY OR MID-BLOCK COLLISION,OPPOSING LEFT TURN,STRAIGHT & LEVEL,DAYLIGHT,,,9/1/2020 8:06:55 AM,False,7839,Accepted,
27152890,0568000,LOUISVILLE METRO POLICE DEPT,Accepted,JEFFERSON,KY1447,,WESTPORT,RD,,I 0265,I265 S EXIT33 ON RAMP FROM KY1447,,,,,38.297709635,-85.547513734,6.721,8/31/2020 12:00:00 AM,1752,4,4,0,0,CLOUDY,DRY,False,OTHER INTERSECTION COLLISIONS,REAR END,STRAIGHT & LEVEL,DAYLIGHT,,,9/1/2020 8:07:02 AM,False,6830,Accepted,
27152891,0568000,LOUISVILLE METRO POLICE DEPT,Accepted,JEFFERSON,,,RIVER PARK,DR,,,34TH,,,,,38.254515299,-85.807877084,1.046,8/31/2020 12:00:00 AM,1332,2,2,0,0,CLEAR,DRY,True,ANGLE COLLISION - OTHER,ANGLE,STRAIGHT & LEVEL,DUSK,,,9/1/2020 8:07:15 AM,False,5000,Accepted,
27152896,0568000,LOUISVILLE METRO POLICE DEPT,Accepted,JEFFERSON,I 0265,,I265 W,,,,,,,,,38.160108583,-85.526451419,20.818,8/31/2020 12:00:00 AM,1914,1,1,0,1,CLOUDY,DRY,False,OTHER ROADWAY OR MID-BLOCK COLLISION,SINGLE VEHICLE,STRAIGHT & LEVEL,DAYLIGHT,,,9/1/2020 8:07:58 AM,False,7698,Accepted,
27158571,0568000,LOUISVILLE METRO POLICE DEPT,Accepted,JEFFERSON,,,STRADER,AVE,,,LENTZ,,,,,38.191263023,-85.786071366,0.143,8/31/2020 12:00:00 AM,2115,2,2,0,0,CLEAR,DRY,False,COLLISION WITH PARKED VEHICLE,REAR END,STRAIGHT & HILLCREST,DARK-HWY LIGHTED/ON,,,9/2/2020 9:06:02 AM,False,5287,Accepted,
27196639,0568000,LOUISVILLE METRO POLICE DEPT,Accepted,JEFFERSON,,,LINDBERGH,DR,,,WURTELE,,,,,38.213250405,-85.780212598,0.366,8/31/2020 12:00:00 AM,1739,2,2,0,1,CLEAR,DRY,False,ANGLE COLLISION - OTHER,ANGLE,STRAIGHT & LEVEL,DAYLIGHT,,,9/11/2020 8:09:23 AM,False,7472,Accepted,
27167957,0568000,LOUISVILLE METRO POLICE DEPT,Accepted,JEFFERSON,I 0065,,I65 S,,,,,,,,,38.247793672,-85.752244012,135.400,8/31/2020 12:00:00 AM,0106,2,1,1,0,CLEAR,DRY,True,COLLISION WITH PEDESTRIAN NON - INTERSECTION,SINGLE VEHICLE,STRAIGHT & LEVEL,DARK-HWY NOT LIGHTED,,,9/4/2020 9:56:57 AM,False,2217,Accepted,
27162649,0568000,LOUISVILLE METRO POLICE DEPT,Accepted,JEFFERSON,I 0065,,I65 N,,,,,,,,,38.218596101,-85.752240872,133.351,8/31/2020 12:00:00 AM,0047,2,2,0,0,CLEAR,DRY,False,SIDESWIPE COLLISION - SAME DIRECTION,SIDESWIPE-SAME DIRECTION,STRAIGHT & LEVEL,DARK-HWY LIGHTED/ON,,,9/3/2020 8:08:38 AM,False,5127,Accepted,
27149924,0568000,LOUISVILLE METRO POLICE DEPT,Accepted,JEFFERSON,KY0841,,GENE SNYDER,FWY,,,,,,,,38.117291956,-85.787373164,5.453,8/30/2020 12:00:00 AM,0926,2,2,0,0,CLEAR,DRY,False,REAR END IN TRAFFIC LANES BOTH VEHICLES MOVING,REAR END,STRAIGHT & LEVEL,DAYLIGHT,,,8/31/2020 2:42:38 PM,False,7373,Accepted,
27149932,0568000,LOUISVILLE METRO POLICE DEPT,Accepted,JEFFERSON,,,MAIN,ST,W,US0150,22ND,,,,,38.259895221,-85.786415124,0.006,8/30/2020 12:00:00 AM,1930,2,2,0,0,CLEAR,DRY,False,ANGLE COLLISION - OTHER,ANGLE,STRAIGHT & LEVEL,DAYLIGHT,,,8/31/2020 2:43:06 PM,False,7487,Accepted,
27178505,0568000,LOUISVILLE METRO POLICE DEPT,Accepted,JEFFERSON,,1500B,HALE,AVE,,,,,,,,38.237472488,-85.779031382,0.043,8/30/2020 12:00:00 AM,0902,2,2,0,3,CLEAR,DRY,False,1 VEHICLE ENTERING/LEAVING ENTRANCE,ANGLE,STRAIGHT & LEVEL,DAYLIGHT,,,9/7/2020 12:59:52 PM,False,7387,Accepted,
27178466,0568000,LOUISVILLE METRO POLICE DEPT,Accepted,JEFFERSON,I 0065,,I65 N,,,,,,,,,38.204940178,-85.741602275,131.988,8/30/2020 12:00:00 AM,2300,1,1,0,1,CLEAR,DRY,False,COLLISION WITH FIXED OBJECT NON - INTERSECTION - FIRST EVENT COLLISION 09 - 32 EXCLUDING 16,SINGLE VEHICLE,STRAIGHT & LEVEL,DARK-HWY LIGHTED/ON,,,9/7/2020 12:57:03 PM,False,2142,Accepted,
27747437,0568000,LOUISVILLE METRO POLICE DEPT,Accepted,JEFFERSON,I 0064,,I64 E,,,,,,,,,38.276920823,-85.820181312,0.333,8/30/2020 12:00:00 AM,0254,3,3,0,2,CLEAR,DRY,False,REAR END IN TRAFFIC LANES BOTH VEHICLES MOVING,REAR END,STRAIGHT & LEVEL,DARK-HWY NOT LIGHTED,,,2/4/2021 8:09:55 AM,False,7343,Accepted,
27162571,0568000,LOUISVILLE METRO POLICE DEPT,Accepted,JEFFERSON,KY1934,,CANE RUN,RD,,,COVENTRY,,,,,38.194840157,-85.843486683,8.734,8/30/2020 12:00:00 AM,1445,2,2,0,1,CLEAR,DRY,False,ANGLE COLLISION - OTHER,ANGLE,STRAIGHT & LEVEL,DAYLIGHT,,,9/3/2020 8:08:10 AM,False,7467,Accepted,
27158559,0568000,LOUISVILLE METRO POLICE DEPT,Accepted,JEFFERSON,I 0064,,,,,,,,,,,38.277006967,-85.806757454,0.026,8/30/2020 12:00:00 AM,2322,1,1,0,1,CLEAR,DRY,False,OTHER RAMP RELATED COLLISIONS NOT LISTED ABOVE,SINGLE VEHICLE,CURVE & LEVEL,DARK-HWY LIGHTED/ON,I 0064,I 0264,9/2/2020 9:04:56 AM,False,5047,Accepted,
27144495,0568000,LOUISVILLE METRO POLICE DEPT,Accepted,JEFFERSON,,,28TH,ST,S,,KENTUCKY,,,,,38.243690267,-85.799306171,1.208,8/30/2020 12:00:00 AM,0215,3,3,0,0,CLEAR,DRY,False,ANGLE COLLISION - OTHER,ANGLE,STRAIGHT & LEVEL,DARK-HWY LIGHTED/ON,,,8/30/2020 11:02:36 AM,False,5229,Accepted,
27144504,0568000,LOUISVILLE METRO POLICE DEPT,Accepted,JEFFERSON,US0031E,,BARDSTOWN,RD,,I 0265,I265 W EXIT17 ON RAMP FROM US31E,,,,,38.139651127,-85.582205036,4.771,8/30/2020 12:00:00 AM,1000,2,2,0,1,CLEAR,DRY,False,ANGLE COLLISION - ONE VEHICLE TURNING LEFT,ANGLE,STRAIGHT & LEVEL,DAYLIGHT,,,8/30/2020 11:03:34 AM,False,6878,Accepted,
27149920,0568000,LOUISVILLE METRO POLICE DEPT,Accepted,JEFFERSON,KY1020,,SOUTHSIDE,DR,,,SENECA,,,,,38.160358864,-85.764790057,6.237,8/30/2020 12:00:00 AM,1240,2,1,0,1,CLEAR,DRY,True,OTHER INTERSECTION COLLISIONS,SINGLE VEHICLE,STRAIGHT & LEVEL,DAYLIGHT,,,8/31/2020 2:42:25 PM,False,7424,Accepted,
27149913,0568000,LOUISVILLE METRO POLICE DEPT,Accepted,JEFFERSON,US0060A,,EASTERN,PKWY,,,,,DAHLIA,,BARRET,38.226505871,-85.721127520,6.067,8/30/2020 12:00:00 AM,0758,1,1,0,1,CLEAR,DRY,False,OTHER ROADWAY OR MID-BLOCK COLLISION,SINGLE VEHICLE,CURVE & GRADE,DAYLIGHT,,,8/31/2020 2:42:00 PM,False,2228,Accepted,
27149916,0568000,LOUISVILLE METRO POLICE DEPT,Accepted,JEFFERSON,,,WATTERSON,TRL,S,,,,FERNDALE,,WATERFERN,38.155143281,-85.614732084,2.072,8/30/2020 12:00:00 AM,1042,2,2,0,1,CLEAR,DRY,False,OTHER ROADWAY OR MID-BLOCK COLLISION,REAR END,STRAIGHT & LEVEL,DAYLIGHT,,,8/31/2020 2:42:11 PM,False,6937,Accepted,
27149922,0568000,LOUISVILLE METRO POLICE DEPT,Accepted,JEFFERSON,KY0061,,PRESTON,HWY,,,HIGH SCHOOL,,,,,38.125377365,-85.679682843,2.977,8/30/2020 12:00:00 AM,1435,1,1,0,0,CLOUDY,DRY,False,COLLISION WITH FIXED OBJECT IN INTERSECTION - FIRST EVENT COLLISION 09 - 32,SINGLE VEHICLE,STRAIGHT & HILLCREST,DAYLIGHT,,,8/31/2020 2:42:32 PM,False,7397,Accepted,
27149923,0568000,LOUISVILLE METRO POLICE DEPT,Accepted,JEFFERSON,KY1865,,NEW CUT,RD,,KY0841,GENE SNYDER,,,,,38.120338894,-85.777313248,0.836,8/30/2020 12:00:00 AM,1745,2,2,0,0,CLEAR,DRY,False,OTHER INTERSECTION COLLISIONS,REAR END,STRAIGHT & LEVEL,DAYLIGHT,,,8/31/2020 2:42:35 PM,False,7263,Accepted,
27149917,0568000,LOUISVILLE METRO POLICE DEPT,Accepted,JEFFERSON,KY1819,,BILLTOWN,RD,,,MICHAEL EDWARD,,,,,38.171440644,-85.572829386,7.542,8/30/2020 12:00:00 AM,1004,2,2,0,1,CLEAR,DRY,False,HEAD-ON COLLISION,HEAD ON,CURVE & HILLCREST,DAYLIGHT,,,8/31/2020 2:42:15 PM,False,7755,Accepted,
27149919,0568000,LOUISVILLE METRO POLICE DEPT,Accepted,JEFFERSON,I 0265,,I265 E,,,,,I 0265,I265 E EXIT12 ON RAMP FROM KY61 N,I 0265,I265 E EXIT14 OFF RAMP TO  COOPER CHAPEL RD,38.113080198,-85.666788189,12.226,8/30/2020 12:00:00 AM,1256,2,2,0,0,CLEAR,DRY,False,SIDESWIPE COLLISION - SAME DIRECTION,SIDESWIPE-SAME DIRECTION,STRAIGHT & LEVEL,DAYLIGHT,,,8/31/2020 2:42:22 PM,False,2308,Accepted,
27149925,0568000,LOUISVILLE METRO POLICE DEPT,Accepted,JEFFERSON,I 0265,,I265 E,,,,,,,,,38.193894673,-85.508440285,23.483,8/30/2020 12:00:00 AM,1630,1,1,0,0,CLEAR,DRY,False,OTHER ROADWAY OR MID-BLOCK COLLISION,SINGLE VEHICLE,STRAIGHT & LEVEL,DAYLIGHT,,,8/31/2020 2:42:42 PM,False,2321,Accepted,
27149926,0568000,LOUISVILLE METRO POLICE DEPT,Accepted,JEFFERSON,KY1065,175,OUTER,LOOP,,,,,,,,38.126782154,-85.781299702,0.742,8/30/2020 12:00:00 AM,1852,2,2,0,1,CLOUDY,DRY,False,OTHER ROADWAY OR MID-BLOCK COLLISION,OPPOSING LEFT TURN,STRAIGHT & LEVEL,DAYLIGHT,,,8/31/2020 2:42:45 PM,False,7252,Accepted,
27144488,0568000,LOUISVILLE METRO POLICE DEPT,Accepted,JEFFERSON,,2115,DIXDALE,AVE,,,,,,,,38.222382632,-85.795828353,0.634,8/29/2020 12:00:00 AM,2107,2,2,0,0,CLEAR,DRY,False,1 VEHICLE PARKED POSITION (NOT PARKING LOT/DRIVEWAY),ANGLE,STRAIGHT & LEVEL,DARK-HWY LIGHTED/OFF,,,8/30/2020 11:02:13 AM,False,7312,Accepted,
27144489,0568000,LOUISVILLE METRO POLICE DEPT,Accepted,JEFFERSON,,,BURNETT,AVE,W,KY1020,2ND,,,,,38.226937476,-85.758392389,0.090,8/29/2020 12:00:00 AM,1848,2,2,0,0,CLEAR,DRY,False,SIDESWIPE-SAME DIRECTION,SIDESWIPE-SAME DIRECTION,STRAIGHT & LEVEL,DAYLIGHT,,,8/30/2020 11:02:17 AM,False,5213,Accepted,
27144472,0568000,LOUISVILLE METRO POLICE DEPT,Accepted,JEFFERSON,,,STONE LAKES,DR,,KY0155,TAYLORSVILLE,,,,,38.187869559,-85.516025544,0.423,8/29/2020 12:00:00 AM,1102,2,2,0,0,CLOUDY,DRY,False,OPPOSING LEFT TURN,OPPOSING LEFT TURN,STRAIGHT & LEVEL,DAYLIGHT,,,8/30/2020 11:01:11 AM,False,6337,Accepted,
27144485,0568000,LOUISVILLE METRO POLICE DEPT,Accepted,JEFFERSON,KY0061,,PRESTON,ST,S,,KENTUCKY,,,,,38.237770042,-85.748838292,11.724,8/29/2020 12:00:00 AM,1145,2,2,0,0,CLOUDY,DRY,False,ANGLE COLLISION - OTHER,ANGLE,STRAIGHT & LEVEL,DAYLIGHT,,,8/30/2020 11:01:56 AM,False,5221,Accepted,
27144486,0568000,LOUISVILLE METRO POLICE DEPT,Accepted,JEFFERSON,KY1631,3800BLK,CRITTENDEN,DR,,,,,,,,38.208923520,-85.751072781,1.392,8/29/2020 12:00:00 AM,1830,2,2,0,0,CLEAR,DRY,False,1 VEHICLE ENTERING/LEAVING ENTRANCE,ANGLE,STRAIGHT & LEVEL,DAYLIGHT,,,8/30/2020 11:02:00 AM,False,7465,Accepted,
27144487,0568000,LOUISVILLE METRO POLICE DEPT,Accepted,JEFFERSON,,4566,2ND,ST,S,,,,,,,38.162665623,-85.768026469,0.030,8/29/2020 12:00:00 AM,1801,3,3,0,0,CLEAR,DRY,False,1 VEHICLE PARKED POSITION (NOT PARKING LOT/DRIVEWAY),REAR END,STRAIGHT & LEVEL,DAYLIGHT,,,8/30/2020 11:02:03 AM,False,7334,Accepted,
27144470,0568000,LOUISVILLE METRO POLICE DEPT,Accepted,JEFFERSON,KY0907,,SOUTHSIDE,DR,,,LILLIAN,,,,,38.147582619,-85.773494307,6.470,8/29/2020 12:00:00 AM,0350,1,1,0,1,CLEAR,WET,False,COLLISION WITH FIXED OBJECT IN INTERSECTION - FIRST EVENT COLLISION 09 - 32,SINGLE VEHICLE,CURVE & LEVEL,DARK-HWY LIGHTED/ON,,,8/30/2020 11:01:06 AM,False,7444,Accepted,
27149915,0568000,LOUISVILLE METRO POLICE DEPT,Accepted,JEFFERSON,I 0264,,I264 E,,,,,,,,,38.224075606,-85.644970136,17.358,8/29/2020 12:00:00 AM,1248,2,2,0,1,CLOUDY,DRY,False,1 VEHICLE PARKED POSITION (NOT PARKING LOT/DRIVEWAY),REAR END,STRAIGHT & LEVEL,DAYLIGHT,,,8/31/2020 2:42:07 PM,False,6813,Accepted,
27149930,0568000,LOUISVILLE METRO POLICE DEPT,Accepted,JEFFERSON,KY1065,4209,OUTER,LOOP,,,,,,,,38.138470683,-85.683157045,6.253,8/29/2020 12:00:00 AM,1935,2,2,0,0,CLEAR,DRY,False,OTHER ROADWAY OR MID-BLOCK COLLISION,REAR END,STRAIGHT & LEVEL,DAYLIGHT,,,8/31/2020 2:42:58 PM,False,5115,Accepted,
27150832,0560400,SHIVELY POLICE DEPARTMENT,Accepted,JEFFERSON,I 0264,,I264 E,,,,,I 0264,I264 E EXIT5 ON RAMP FROM KY1934,I 0264,I264 E EXIT8B OFF RAMP TO US31W S,38.187084499,-85.828197905,6.623,8/29/2020 12:00:00 AM,1500,2,2,0,0,CLEAR,DRY,True,SIDESWIPE COLLISION - SAME DIRECTION,SIDESWIPE-SAME DIRECTION,CURVE & LEVEL,DAYLIGHT,,,8/31/2020 6:05:55 PM,False,7091,Accepted,
27144498,0568000,LOUISVILLE METRO POLICE DEPT,Accepted,JEFFERSON,,,BRECKINRIDGE,ST,W,KY1020,2ND,,,,,38.241501452,-85.755774796,0.088,8/29/2020 12:00:00 AM,1446,2,2,0,5,CLEAR,DRY,False,ANGLE COLLISION - OTHER,ANGLE,STRAIGHT & LEVEL,DAYLIGHT,,,8/30/2020 11:02:48 AM,False,7495,Accepted,
27144459,0568000,LOUISVILLE METRO POLICE DEPT,Accepted,JEFFERSON,,,4TH,ST,S,,CARDINAL,,,,,38.220731241,-85.762766070,2.495,8/29/2020 12:00:00 AM,0359,1,1,0,0,CLOUDY,WET,False,COLLISION WITH FIXED OBJECT IN INTERSECTION - FIRST EVENT COLLISION 09 - 32,SINGLE VEHICLE,STRAIGHT & LEVEL,DARK-HWY LIGHTED/ON,,,8/30/2020 11:01:00 AM,False,5204,Accepted,
27144481,0568000,LOUISVILLE METRO POLICE DEPT,Accepted,JEFFERSON,KY2052,,SHEPHERDSVILLE,RD,,,,,ACAPOLCA,,YE OLD POST,38.152953653,-85.659683665,0.988,8/29/2020 12:00:00 AM,1016,2,2,0,1,CLOUDY,DRY,False,1 VEHICLE ENTERING/LEAVING ENTRANCE,ANGLE,STRAIGHT & LEVEL,DAYLIGHT,,,8/30/2020 11:01:34 AM,False,2308,Accepted,
27144482,0568000,LOUISVILLE METRO POLICE DEPT,Accepted,JEFFERSON,KY1865,,TAYLOR,BLVD,,,ASHLAND,,,,,38.186652230,-85.783797405,5.531,8/29/2020 12:00:00 AM,0315,2,2,0,0,CLEAR,DRY,False,OPPOSING LEFT TURN,OPPOSING LEFT TURN,STRAIGHT & LEVEL,DARK-HWY LIGHTED/ON,,,8/30/2020 11:01:38 AM,False,5245,Accepted,
27144484,0568000,LOUISVILLE METRO POLICE DEPT,Accepted,JEFFERSON,,,HURSTBOURNE CROSSINGS,DR,,,,,,,,38.187979976,-85.605404659,0.243,8/29/2020 12:00:00 AM,1715,2,2,0,2,CLOUDY,DRY,False,REAR END IN TRAFFIC LANES BOTH VEHICLES MOVING,REAR END,STRAIGHT & LEVEL,DAYLIGHT,,,8/30/2020 11:01:46 AM,False,7204,Accepted,
27144491,0568000,LOUISVILLE METRO POLICE DEPT,Accepted,JEFFERSON,KY0864,4603,POPLAR LEVEL,RD,,,,,GILMORE,,DAHL,38.182371213,-85.697698830,10.243,8/29/2020 12:00:00 AM,2308,2,2,0,0,CLEAR,DRY,False,1 VEHICLE ENTERING/LEAVING ENTRANCE,ANGLE,STRAIGHT & LEVEL,DARK-HWY LIGHTED/ON,,,8/30/2020 11:02:25 AM,False,5269,Accepted,
27144476,0568000,LOUISVILLE METRO POLICE DEPT,Accepted,JEFFERSON,,,AIKEN,RD,,,,,,,,38.259829127,-85.496169708,1.642,8/29/2020 12:00:00 AM,1213,1,1,0,0,CLOUDY,DRY,False,COLLISION WITH FIXED OBJECT NON - INTERSECTION - FIRST EVENT COLLISION 09 - 32 EXCLUDING 16,SINGLE VEHICLE,STRAIGHT & GRADE,DAYLIGHT,,,8/30/2020 11:01:15 AM,False,6532,Accepted,
27148013,0560600,WEST BUECHEL POLICE DEPT.,Accepted,JEFFERSON,,2020,BASHFORD MANOR,LN,,,,,,,,38.201072385,-85.668079020,0.234,8/29/2020 12:00:00 AM,1205,2,2,0,0,CLOUDY,DRY,False,COLLISION IN PARKING LOT,SIDESWIPE-SAME DIRECTION,STRAIGHT & LEVEL,DAYLIGHT,,,8/31/2020 9:24:35 AM,False,1262,Accepted,