IncidentID,AgencyORI,AgencyName,IncidentStatusDesc,County,RdwyNumber,Street,RoadwayName,StreetSfx,StreetDir,IntersectionRdwy,IntersectionRdwyName,BetweenStRdwy1,BetweenStRdwyName1,BetweenStRdwy2,BetweenStRdwyName2,Latitude,Longitude,Milepoint,CollisionDate,CollisionTime,UnitsInvolved,MotorVehiclesInvolved,NumberKilled,NumberInjured,Weather,RdwyConditionCode,HitandRun,DirAnalysisCode,MannerofCollision,RdwyCharacter,LightCondition,RampFromRdwyId,RampToRdwyId,AcceptedDate,IsSecondaryCollision,OwnerBadge,IncidentStatus,
27149950,0568000,LOUISVILLE METRO POLICE DEPT,Accepted,JEFFERSON,,,CHESTNUT,ST,E,,,,,,,38.247586418,-85.745180750,0.424,8/24/2020 12:00:00 AM,1013,2,2,0,1,CLEAR,DRY,False,SIDESWIPE COLLISION - SAME DIRECTION,SIDESWIPE-SAME DIRECTION,STRAIGHT & LEVEL,DAYLIGHT,,,8/31/2020 2:43:48 PM,False,7406,Accepted,
27149928,0568000,LOUISVILLE METRO POLICE DEPT,Accepted,JEFFERSON,,,CALDWELL,ST,,KY0061,JACKSON,,,,,38.239086481,-85.746583565,0.312,8/24/2020 12:00:00 AM,1210,2,2,0,0,CLEAR,DRY,True,ANGLE COLLISION - OTHER,ANGLE,STRAIGHT & LEVEL,DAYLIGHT,,,8/31/2020 2:42:52 PM,False,7116,Accepted,
27123467,0560600,WEST BUECHEL POLICE DEPT.,Accepted,JEFFERSON,,2100,BASHFORD MANOR,LN,,,,,,,,38.202320696,-85.665650469,0.080,8/24/2020 12:00:00 AM,1300,2,2,0,0,CLEAR,DRY,True,SIDESWIPE COLLISION - SAME DIRECTION,SIDESWIPE-SAME DIRECTION,STRAIGHT & LEVEL,DAYLIGHT,,,8/25/2020 9:54:00 AM,False,1272,Accepted,
27153702,0560600,WEST BUECHEL POLICE DEPT.,Accepted,JEFFERSON,,2100,BASHFORD MANOR,LN,,,,,,,,38.201363912,-85.665891850,0.230,8/24/2020 12:00:00 AM,1730,2,2,0,0,CLEAR,DRY,True,COLLISION IN PARKING LOT,BACKING,STRAIGHT & LEVEL,DAYLIGHT,,,9/1/2020 10:18:16 AM,False,1717,Accepted,
27167950,0568000,LOUISVILLE METRO POLICE DEPT,Accepted,JEFFERSON,I 0264,,I264 W,,,,,I 0064,I64 W EXIT19 RAMP TO I64,I 0264,I264 W EXIT18B OFF RAMP TO KY1932 N,38.232924652,-85.628103917,18.442,8/24/2020 12:00:00 AM,2353,2,2,0,0,CLOUDY,DRY,False,1 VEHICLE ENTERING/LEAVING ENTRANCE,ANGLE,STRAIGHT & LEVEL,DARK-HWY NOT LIGHTED,,,9/4/2020 9:56:45 AM,False,7851,Accepted,
27144424,0568000,LOUISVILLE METRO POLICE DEPT,Accepted,JEFFERSON,US0031,,CLARK MEMORIAL,BRG,,,,KY3077,RIVER,I 0064,I64 W EXIT5 OFF RAMP TO  N  3RD ST,38.267830539,-85.750737681,0.812,8/24/2020 12:00:00 AM,1138,2,2,0,0,CLEAR,DRY,False,REAR END IN TRAFFIC LANES BOTH VEHICLES MOVING,REAR END,STRAIGHT & LEVEL,DAYLIGHT,,,8/30/2020 10:58:51 AM,False,7058,Accepted,
27137837,0568000,LOUISVILLE METRO POLICE DEPT,Accepted,JEFFERSON,,,BROOK,ST,S,,MUHAMMAD ALI,,,,,38.250518605,-85.751642572,3.200,8/24/2020 12:00:00 AM,1609,2,2,0,0,CLOUDY,DRY,False,SIDESWIPE-SAME DIRECTION,SIDESWIPE-SAME DIRECTION,STRAIGHT & LEVEL,DAYLIGHT,,,8/28/2020 9:19:33 AM,False,7239,Accepted,
27122842,0568000,LOUISVILLE METRO POLICE DEPT,Accepted,JEFFERSON,KY0907,,3RD ST,RD,,,WISERTOWN,,,,,38.130427260,-85.792557242,4.886,8/24/2020 12:00:00 AM,2154,2,2,0,1,CLEAR,DRY,False,OTHER INTERSECTION COLLISIONS,REAR END,STRAIGHT & LEVEL,DARK-HWY LIGHTED/OFF,,,8/25/2020 7:58:14 AM,False,7321,Accepted,
27122822,0568000,LOUISVILLE METRO POLICE DEPT,Accepted,JEFFERSON,,,7TH,ST,S,KY2054,ALGONQUIN,,,,,38.220074954,-85.777416425,0.002,8/24/2020 12:00:00 AM,0528,3,3,0,3,CLEAR,DRY,False,ANGLE COLLISION - OTHER,ANGLE,STRAIGHT & LEVEL,DARK-HWY LIGHTED/ON,,,8/25/2020 7:56:54 AM,True,5183,Accepted,
27122823,0568000,LOUISVILLE METRO POLICE DEPT,Accepted,JEFFERSON,,,MUHAMMAD ALI,BLVD,W,,,,20TH,US0031W,DR W J HODGE,38.254226735,-85.785467101,1.809,8/24/2020 12:00:00 AM,1442,3,3,0,3,CLEAR,DRY,False,OTHER ROADWAY OR MID-BLOCK COLLISION,REAR END,STRAIGHT & LEVEL,DAYLIGHT,,,8/25/2020 7:56:58 AM,False,7463,Accepted,
27122824,0568000,LOUISVILLE METRO POLICE DEPT,Accepted,JEFFERSON,,,BROADWAY,,W,,26TH,,,,,38.249431985,-85.794897979,0.362,8/24/2020 12:00:00 AM,1533,2,2,0,2,CLEAR,DRY,False,ANGLE COLLISION - OTHER,ANGLE,STRAIGHT & LEVEL,DAYLIGHT,,,8/25/2020 7:57:03 AM,False,7229,Accepted,
27122825,0568000,LOUISVILLE METRO POLICE DEPT,Accepted,JEFFERSON,I 0265,,I265 E,,,,,I 0265,I265 E EXIT17 ON RAMP FROM US31E,I 0265,I265 E EXIT19 OFF RAMP TO KY1819,38.145164288,-85.552206993,19.031,8/24/2020 12:00:00 AM,1500,1,1,0,0,CLEAR,DRY,False,OTHER COLLISIONS ON SHOULDER,SINGLE VEHICLE,STRAIGHT & LEVEL,DAYLIGHT,,,8/25/2020 7:57:06 AM,False,2321,Accepted,
27122830,0568000,LOUISVILLE METRO POLICE DEPT,Accepted,JEFFERSON,US0031W,,DIXIE,HWY,,,PAGES,,,,,38.130341942,-85.848002283,10.487,8/24/2020 12:00:00 AM,1330,2,2,0,0,CLEAR,DRY,True,OTHER INTERSECTION COLLISIONS,REAR END,STRAIGHT & LEVEL,DAYLIGHT,,,8/25/2020 7:57:25 AM,False,7336,Accepted,
27122831,0568000,LOUISVILLE METRO POLICE DEPT,Accepted,JEFFERSON,I 0065,,I65 N EXIT131A TRANSIT,,,,,,,,,38.188947430,-85.727507012,0.095,8/24/2020 12:00:00 AM,1243,2,2,0,1,CLEAR,DRY,False,REAR END IN TRAFFIC LANES BOTH VEHICLES MOVING,REAR END,STRAIGHT & LEVEL,DAYLIGHT,,,8/25/2020 7:57:29 AM,False,5019,Accepted,
27122832,0568000,LOUISVILLE METRO POLICE DEPT,Accepted,JEFFERSON,KY1865,,TAYLOR,BLVD,,,WOODLAWN,,,,,38.181397822,-85.783497250,5.159,8/24/2020 12:00:00 AM,1012,2,2,0,1,CLEAR,DRY,False,ANGLE COLLISION - OTHER,ANGLE,STRAIGHT & LEVEL,DAYLIGHT,,,8/25/2020 7:57:32 AM,False,7334,Accepted,
27122833,0568000,LOUISVILLE METRO POLICE DEPT,Accepted,JEFFERSON,,,3RD,ST,S,KY2801,SOUTHERN HEIGHTS,,,,,38.189178893,-85.764879279,0.788,8/24/2020 12:00:00 AM,1146,2,2,0,2,CLEAR,DRY,False,OTHER INTERSECTION COLLISIONS,REAR END,STRAIGHT & LEVEL,DAYLIGHT,,,8/25/2020 7:57:36 AM,False,7334,Accepted,
27122845,0568000,LOUISVILLE METRO POLICE DEPT,Accepted,JEFFERSON,KY0061,5001,PRESTON,HWY,,,,,,,,38.175715263,-85.713253013,6.972,8/24/2020 12:00:00 AM,2215,2,2,0,0,CLEAR,DRY,False,COLLISION IN PARKING LOT,ANGLE,STRAIGHT & LEVEL,DARK-HWY LIGHTED/ON,,,8/25/2020 7:58:25 AM,False,5286,Accepted,
27122827,0568000,LOUISVILLE METRO POLICE DEPT,Accepted,JEFFERSON,I 0065,,I65 S,,,,,I 0065,I65 S EXIT131B OFF RAMP,I 0065,I65 S EXIT132 ON RAMP FROM  CRITTENDEN DR,38.206544522,-85.747237940,132.314,8/24/2020 12:00:00 AM,1539,2,2,0,0,CLEAR,DRY,False,SIDESWIPE COLLISION - SAME DIRECTION,SIDESWIPE-SAME DIRECTION,STRAIGHT & LEVEL,DAYLIGHT,,,8/25/2020 7:57:14 AM,False,2499,Accepted,
27122828,0568000,LOUISVILLE METRO POLICE DEPT,Accepted,JEFFERSON,,4509,LONSDALE,AVE,,,,,,,,38.174002201,-85.786450896,0.375,8/24/2020 12:00:00 AM,1550,2,2,0,0,CLEAR,DRY,False,1 VEHICLE PARKED POSITION (NOT PARKING LOT/DRIVEWAY),SIDESWIPE-SAME DIRECTION,STRAIGHT & LEVEL,DAYLIGHT,,,8/25/2020 7:57:17 AM,False,7667,Accepted,
27122809,0568000,LOUISVILLE METRO POLICE DEPT,Accepted,JEFFERSON,KY1747,,FERN VALLEY,RD,,,,,,,,38.156941878,-85.700672636,1.730,8/24/2020 12:00:00 AM,1148,2,2,0,2,CLEAR,DRY,False,1 VEHICLE ENTERING/LEAVING ENTRANCE,ANGLE,STRAIGHT & LEVEL,DAYLIGHT,,,8/25/2020 7:56:25 AM,False,4693,Accepted,
27122821,0568000,LOUISVILLE METRO POLICE DEPT,Accepted,JEFFERSON,KY0146,,LA GRANGE,RD,,,,,,,,38.290042817,-85.511713380,7.612,8/24/2020 12:00:00 AM,1433,2,2,0,0,CLEAR,DRY,False,1 VEHICLE ENTERING/LEAVING ENTRANCE,ANGLE,STRAIGHT & GRADE,DAYLIGHT,,,8/25/2020 7:56:50 AM,False,6532,Accepted,
27122834,0568000,LOUISVILLE METRO POLICE DEPT,Accepted,JEFFERSON,I 0065,,I65 N,,,,,,,,,38.207453622,-85.750894529,132.545,8/24/2020 12:00:00 AM,1155,2,2,0,0,CLEAR,DRY,False,1 VEHICLE ENTERING/LEAVING ENTRANCE,ANGLE,STRAIGHT & HILLCREST,DAYLIGHT,,,8/25/2020 7:57:40 AM,False,7360,Accepted,
27122835,0568000,LOUISVILLE METRO POLICE DEPT,Accepted,JEFFERSON,US0031E,,BARDSTOWN,RD,,,,,BONNYCASTLE,,DUKER,38.230523788,-85.704393845,14.346,8/24/2020 12:00:00 AM,2149,2,2,0,0,CLEAR,DRY,False,1 VEHICLE PARKED POSITION (NOT PARKING LOT/DRIVEWAY),SIDESWIPE-SAME DIRECTION,CURVE & LEVEL,DARK-HWY LIGHTED/ON,,,8/25/2020 7:57:44 AM,False,2816,Accepted,
27122836,0568000,LOUISVILLE METRO POLICE DEPT,Accepted,JEFFERSON,,,RIVER PARK,DR,,,,I 0264,I264 W EXIT2 OFF RAMP TO  MUHAMMAD ALI BLVD,,31ST,38.254060916,-85.803830735,1.269,8/24/2020 12:00:00 AM,2200,1,1,0,0,CLEAR,DRY,False,OTHER ROADWAY OR MID-BLOCK COLLISION,SINGLE VEHICLE,STRAIGHT & LEVEL,DARK-HWY LIGHTED/ON,,,8/25/2020 7:57:47 AM,False,5047,Accepted,
27122837,0568000,LOUISVILLE METRO POLICE DEPT,Accepted,JEFFERSON,,653,41ST,ST,S,,,,,,,38.252797903,-85.819590026,1.184,8/24/2020 12:00:00 AM,2155,2,2,0,0,CLEAR,DRY,True,1 VEHICLE PARKED POSITION (NOT PARKING LOT/DRIVEWAY),SIDESWIPE-OPPOSITE DIRECTION,STRAIGHT & LEVEL,DARK-HWY NOT LIGHTED,,,8/25/2020 7:57:50 AM,False,5290,Accepted,
27122838,0568000,LOUISVILLE METRO POLICE DEPT,Accepted,JEFFERSON,,,RIVER,RD,,,,,MAYFAIR,,TRANSYLVANIA,38.336878330,-85.627238980,5.854,8/24/2020 12:00:00 AM,2129,2,1,0,1,CLOUDY,DRY,True,COLLISION WITH PEDESTRIAN NON - INTERSECTION,SINGLE VEHICLE,STRAIGHT & LEVEL,DARK-HWY NOT LIGHTED,,,8/25/2020 7:57:53 AM,False,7159,Accepted,
27122843,0568000,LOUISVILLE METRO POLICE DEPT,Accepted,JEFFERSON,,,26TH,ST,S,,ELLIOTT,,,,,38.249473222,-85.794802926,0.778,8/24/2020 12:00:00 AM,2110,1,1,0,1,CLEAR,DRY,False,COLLISION WITH FIXED OBJECT IN INTERSECTION - FIRST EVENT COLLISION 09 - 32,SINGLE VEHICLE,STRAIGHT & LEVEL,DARK-HWY LIGHTED/ON,,,8/25/2020 7:58:18 AM,False,5162,Accepted,
27122717,0566700,MIDDLETOWN POLICE DEPARTMENT,Accepted,JEFFERSON,KY3084,,OLD HENRY,RD,,,AVOCA,,,,,38.260458515,-85.516024941,0.021,8/24/2020 12:00:00 AM,1740,2,2,0,0,CLEAR,DRY,False,ANGLE COLLISION - OTHER,ANGLE,STRAIGHT & LEVEL,DAYLIGHT,,,8/25/2020 7:26:35 AM,False,2013,Accepted,
27127581,0560400,SHIVELY POLICE DEPARTMENT,Accepted,JEFFERSON,,2102,CRUMS,LN,,,,,,,,38.190634293,-85.805935565,0.153,8/24/2020 12:00:00 AM,0924,1,1,0,0,CLEAR,DRY,False,OTHER ROADWAY OR MID-BLOCK COLLISION,SINGLE VEHICLE,STRAIGHT & LEVEL,DAYLIGHT,,,8/26/2020 6:57:24 AM,False,7082,Accepted,
27118008,0568000,LOUISVILLE METRO POLICE DEPT,Accepted,JEFFERSON,,301,SOUTHLAND,BLVD,W,,,,,,,38.172238652,-85.768890394,0.300,8/24/2020 12:00:00 AM,0620,1,1,0,0,CLEAR,DRY,True,COLLISION IN PARKING LOT,SINGLE VEHICLE,STRAIGHT & LEVEL,UNKNOWN,,,8/24/2020 8:22:49 AM,False,7010,Accepted,
27117989,0568000,LOUISVILLE METRO POLICE DEPT,Accepted,JEFFERSON,I 0064,,I64 W,,,,,I 0064,I64 W EXIT7 OFF RAMP TO  MELLWOOD AVE,I 0064,I64 TURN AROUND7,38.250601080,-85.713516464,7.113,8/23/2020 12:00:00 AM,1721,3,3,0,0,RAINING,WATER (STANDING OR MOVING),False,REAR END IN TRAFFIC LANES BOTH VEHICLES MOVING,REAR END,CURVE & LEVEL,DAYLIGHT,,,8/24/2020 8:22:00 AM,False,2230,Accepted,
27117981,0568000,LOUISVILLE METRO POLICE DEPT,Accepted,JEFFERSON,,1021,EVERETT,AVE,,,,,HIGHLAND,,DEARING,38.241510587,-85.720991414,0.784,8/23/2020 12:00:00 AM,0927,4,4,0,0,CLEAR,DRY,False,1 VEHICLE PARKED POSITION (NOT PARKING LOT/DRIVEWAY),SIDESWIPE-SAME DIRECTION,STRAIGHT & LEVEL,DAYLIGHT,,,8/24/2020 8:21:34 AM,False,7129,Accepted,
27117998,0568000,LOUISVILLE METRO POLICE DEPT,Accepted,JEFFERSON,,1748,HILL,ST,W,,,,,,,38.228092168,-85.786454577,1.619,8/23/2020 12:00:00 AM,0838,2,2,0,0,FOG,DRY,False,1 VEHICLE PARKED POSITION (NOT PARKING LOT/DRIVEWAY),SIDESWIPE-SAME DIRECTION,STRAIGHT & LEVEL,DAYLIGHT,,,8/24/2020 8:22:16 AM,False,7091,Accepted,
27118006,0568000,LOUISVILLE METRO POLICE DEPT,Accepted,JEFFERSON,I 0065,,I65 N,,,,,I 0065,I65 N EXIT130 OFF RAMP TO KY61,I 0065,I65 N EXIT128 ON RAMP FROM KY1631,38.172253056,-85.720406637,129.319,8/23/2020 12:00:00 AM,2110,2,2,0,0,CLEAR,DRY,False,1 VEHICLE PARKED POSITION (NOT PARKING LOT/DRIVEWAY),SIDESWIPE-SAME DIRECTION,STRAIGHT & LEVEL,DARK-HWY NOT LIGHTED,,,8/24/2020 8:22:45 AM,False,5165,Accepted,
27117983,0568000,LOUISVILLE METRO POLICE DEPT,Accepted,JEFFERSON,I 0265,,I265 W,,,,,,,,,38.111191294,-85.685718000,11.148,8/23/2020 12:00:00 AM,1730,3,3,0,0,RAINING,WET,False,REAR END IN TRAFFIC LANES BOTH VEHICLES MOVING,REAR END,STRAIGHT & LEVEL,DAYLIGHT,,,8/24/2020 8:21:44 AM,False,7955,Accepted,
27129046,0568000,LOUISVILLE METRO POLICE DEPT,Accepted,JEFFERSON,KY0864,4520,POPLAR LEVEL,RD,,,,,,,,38.187506618,-85.702063276,10.679,8/23/2020 12:00:00 AM,0937,2,2,0,0,CLOUDY,DRY,True,1 VEHICLE PARKED POSITION (NOT PARKING LOT/DRIVEWAY),ANGLE,STRAIGHT & LEVEL,DAYLIGHT,,,8/26/2020 11:54:42 AM,False,2310,Accepted,
27115038,0561000,JEFFERSONTOWN POLICE DEPT,Accepted,JEFFERSON,KY1747,2112,HURSTBOURNE,PKWY,S,,,,,,,38.216500061,-85.589665754,11.127,8/23/2020 12:00:00 AM,1235,3,3,0,0,CLEAR,DRY,False,OTHER ROADWAY OR MID-BLOCK COLLISION,OPPOSING LEFT TURN,STRAIGHT & LEVEL,DAYLIGHT,,,8/23/2020 3:35:30 PM,False,8299,Accepted,
27117973,0568000,LOUISVILLE METRO POLICE DEPT,Accepted,JEFFERSON,I 0065,,I65 S,,,,,,,,,38.091205053,-85.701176491,123.516,8/23/2020 12:00:00 AM,0250,2,2,0,0,FOG,DRY,False,REAR END IN TRAFFIC LANES BOTH VEHICLES MOVING,REAR END,STRAIGHT & LEVEL,DARK-HWY LIGHTED/ON,,,8/24/2020 8:20:58 AM,False,5042,Accepted,
27117980,0568000,LOUISVILLE METRO POLICE DEPT,Accepted,JEFFERSON,KY1934,,CANE RUN,RD,,KY2054,ALGONQUIN,,,,,38.224404456,-85.809320365,11.502,8/23/2020 12:00:00 AM,1053,1,1,0,1,CLEAR,DRY,False,COLLISION WITH FIXED OBJECT IN INTERSECTION - FIRST EVENT COLLISION 09 - 32,SINGLE VEHICLE,STRAIGHT & LEVEL,DAYLIGHT,,,8/24/2020 8:21:23 AM,False,7656,Accepted,
27118002,0568000,LOUISVILLE METRO POLICE DEPT,Accepted,JEFFERSON,I 0264,,I264 E,,,I 0264,I264 E EXIT17A OFF RAMP TO KY155 S,,,,,38.218564851,-85.657006065,16.600,8/23/2020 12:00:00 AM,1900,3,3,0,4,CLEAR,DRY,False,OTHER INTERSECTION COLLISIONS,REAR END,STRAIGHT & LEVEL,DAYLIGHT,,,8/24/2020 8:22:31 AM,False,5240,Accepted,
27117969,0568000,LOUISVILLE METRO POLICE DEPT,Accepted,JEFFERSON,I 0071,,I71 S,,,,,,,,,38.263541437,-85.718132953,0.394,8/23/2020 12:00:00 AM,0000,1,1,0,1,RAINING,WET,False,OTHER ROADWAY OR MID-BLOCK COLLISION,SINGLE VEHICLE,STRAIGHT & LEVEL,DARK-HWY LIGHTED/ON,,,8/24/2020 8:20:50 AM,False,5217,Accepted,
27117984,0568000,LOUISVILLE METRO POLICE DEPT,Accepted,JEFFERSON,,300 BLK,HILL,ST,W,,,,,,,38.225915373,-85.761109630,0.229,8/23/2020 12:00:00 AM,1559,2,2,0,0,CLEAR,DRY,False,1 VEHICLE ENTERING/LEAVING ENTRANCE,ANGLE,STRAIGHT & LEVEL,DAYLIGHT,,,8/24/2020 8:21:49 AM,False,5111,Accepted,
27117985,0568000,LOUISVILLE METRO POLICE DEPT,Accepted,JEFFERSON,,,SENECA PARK,RD,,,PEE WEE REESE,,,,,38.234638994,-85.675907925,0.695,8/23/2020 12:00:00 AM,1732,1,1,0,0,RAINING,WET,False,OTHER INTERSECTION COLLISIONS,SINGLE VEHICLE,CURVE & LEVEL,DAYLIGHT,,,8/24/2020 8:21:55 AM,False,7306,Accepted,
27117992,0568000,LOUISVILLE METRO POLICE DEPT,Accepted,JEFFERSON,I 0064,,I64 W,,,,,I 0064,I64 W EXIT8 OFF RAMP TO  GRINSTEAD DR,I 0064,I64 W EXIT8 ON RAMP FROM  GRINSTEAD DR,38.245237794,-85.697775314,8.071,8/23/2020 12:00:00 AM,1820,2,2,0,0,RAINING,WET,False,REAR END IN TRAFFIC LANES BOTH VEHICLES MOVING,REAR END,STRAIGHT & LEVEL,DAYLIGHT,,,8/24/2020 8:22:04 AM,False,7570,Accepted,
27132754,0568000,LOUISVILLE METRO POLICE DEPT,Accepted,JEFFERSON,,,1ST,ST,S,US0150,BROADWAY,,,,,38.245765898,-85.753483339,0.716,8/23/2020 12:00:00 AM,1825,2,1,0,1,CLOUDY,WET,True,COLLISION WITH PEDESTRIAN IN INTERSECTION,SINGLE VEHICLE,STRAIGHT & LEVEL,DAYLIGHT,,,8/27/2020 8:11:42 AM,False,2403,Accepted,
27132756,0568000,LOUISVILLE METRO POLICE DEPT,Accepted,JEFFERSON,KY1703,,NEWBURG,RD,,,INDIAN,,,,,38.184647072,-85.665276531,0.497,8/23/2020 12:00:00 AM,1727,2,2,0,3,CLEAR,DRY,False,ANGLE COLLISION - OTHER,ANGLE,STRAIGHT & LEVEL,DAYLIGHT,,,8/27/2020 8:11:51 AM,False,7722,Accepted,
27132781,0568000,LOUISVILLE METRO POLICE DEPT,Accepted,JEFFERSON,KY1020,,SOUTHERN,PKWY,,,,,LANSING,KY2801,FLORENCE,38.191872987,-85.766727850,8.534,8/23/2020 12:00:00 AM,0606,1,1,0,1,FOG,DRY,False,COLLISION WITH FIXED OBJECT NON - INTERSECTION - FIRST EVENT COLLISION 09 - 32 EXCLUDING 16,SINGLE VEHICLE,STRAIGHT & LEVEL,DARK-HWY LIGHTED/ON,,,8/27/2020 8:13:04 AM,False,7578,Accepted,
27177972,0561800,HERITAGE CREEK POLICE DEPT,Accepted,JEFFERSON,KY0061,,PRESTON,HWY,,,,,,,,38.092662930,-85.669006138,0.635,8/23/2020 12:00:00 AM,2120,2,2,0,1,CLOUDY,DRY,False,OTHER ROADWAY OR MID-BLOCK COLLISION,REAR END,STRAIGHT & LEVEL,DARK-HWY NOT LIGHTED,,,9/7/2020 9:03:33 AM,False,1262,Accepted,
27148612,0568000,LOUISVILLE METRO POLICE DEPT,Accepted,JEFFERSON,I 0264,,I264 E,,,,,,,,,38.217687752,-85.658695074,16.490,8/23/2020 12:00:00 AM,2046,2,1,0,0,CLEAR,DRY,True,1 VEHICLE PARKED POSITION (NOT PARKING LOT/DRIVEWAY),REAR END,STRAIGHT & LEVEL,DARK-HWY LIGHTED/ON,,,8/31/2020 10:40:31 AM,False,5171,Accepted,
27178453,0568000,LOUISVILLE METRO POLICE DEPT,Accepted,JEFFERSON,,,JEFFERSON,ST,W,,8TH,,,,,38.254589539,-85.763689222,0.633,8/23/2020 12:00:00 AM,1837,2,2,0,0,RAINING,WET,True,OTHER INTERSECTION COLLISIONS,REAR END,STRAIGHT & GRADE,DAYLIGHT,,,9/7/2020 12:56:22 PM,False,2661,Accepted,
27137824,0568000,LOUISVILLE METRO POLICE DEPT,Accepted,JEFFERSON,,,BLUEGRASS,AVE,,,HAZELWOOD,,,,,38.179546483,-85.788483896,0.566,8/23/2020 12:00:00 AM,1721,2,2,0,0,CLEAR,DRY,False,OPPOSING LEFT TURN,OPPOSING LEFT TURN,STRAIGHT & LEVEL,DARK-HWY LIGHTED/ON,,,8/28/2020 9:18:37 AM,False,7040,Accepted,
27117995,0568000,LOUISVILLE METRO POLICE DEPT,Accepted,JEFFERSON,I 0064,,I64 W,,,,,,,,,38.244180500,-85.696796679,8.106,8/23/2020 12:00:00 AM,1820,2,2,0,0,RAINING,WET,False,REAR END IN TRAFFIC LANES BOTH VEHICLES MOVING,REAR END,CURVE & LEVEL,DAYLIGHT,,,8/24/2020 8:22:07 AM,False,7960,Accepted,
27137821,0568000,LOUISVILLE METRO POLICE DEPT,Accepted,JEFFERSON,US0031W,10106,DIXIE,HWY,,,,,ALANADALE,KY0907,VALLEY STATION,38.108425674,-85.866281023,8.693,8/23/2020 12:00:00 AM,1124,2,2,0,0,CLEAR,DRY,False,SIDESWIPE COLLISION - SAME DIRECTION,SIDESWIPE-SAME DIRECTION,STRAIGHT & LEVEL,DAYLIGHT,,,8/28/2020 9:18:29 AM,False,7684,Accepted,
27274152,0568000,LOUISVILLE METRO POLICE DEPT,Accepted,JEFFERSON,KY1932,,BRECKENRIDGE,LN,,,,,,,,38.221898291,-85.632231749,3.019,8/23/2020 12:00:00 AM,,2,1,1,0,FOG,DRY,True,COLLISION WITH PEDESTRIAN NON - INTERSECTION,SINGLE VEHICLE,STRAIGHT & LEVEL,DARK-HWY NOT LIGHTED,,,9/30/2020 3:53:26 PM,False,7628,Accepted,
27596700,0568000,LOUISVILLE METRO POLICE DEPT,Accepted,JEFFERSON,,,HULL,ST,,,,,PINE,,COOPER,38.248555740,-85.727570963,0.223,8/22/2020 12:00:00 AM,0014,3,3,0,1,CLOUDY,WET,False,1 VEHICLE PARKED POSITION (NOT PARKING LOT/DRIVEWAY),SIDESWIPE-SAME DIRECTION,STRAIGHT & GRADE,DARK-HWY LIGHTED/ON,,,12/23/2020 7:59:57 AM,False,7049,Accepted,
27743044,0568000,LOUISVILLE METRO POLICE DEPT,Accepted,JEFFERSON,KY0864,,POPLAR LEVEL,RD,,,GILMORE,,,,,38.182776516,-85.698545056,10.298,8/22/2020 12:00:00 AM,0128,3,3,0,1,CLOUDY,WET,True,REAR END - ONE VEHICLE TURNING RIGHT,REAR END,STRAIGHT & LEVEL,DARK-HWY LIGHTED/ON,,,2/3/2021 8:28:44 AM,False,5165,Accepted,
27596699,0568000,LOUISVILLE METRO POLICE DEPT,Accepted,JEFFERSON,US0060A,1238,EASTERN,PKWY,,,,,,,,38.225922381,-85.722532350,5.981,8/22/2020 12:00:00 AM,2140,1,1,0,1,CLOUDY,WET,False,COLLISION WITH FIXED OBJECT NON - INTERSECTION - FIRST EVENT COLLISION 09 - 32 EXCLUDING 16,SINGLE VEHICLE,CURVE & GRADE,DARK-HWY LIGHTED/ON,,,12/23/2020 7:59:52 AM,False,7049,Accepted,
27137848,0568000,LOUISVILLE METRO POLICE DEPT,Accepted,JEFFERSON,,,23RD,ST,S,,OAK,,,,,38.237741121,-85.792793810,1.128,8/22/2020 12:00:00 AM,2353,2,2,0,2,CLEAR,DRY,False,ANGLE COLLISION - OTHER,ANGLE,STRAIGHT & LEVEL,DARK-HWY LIGHTED/ON,,,8/28/2020 9:20:30 AM,False,5054,Accepted,
27137815,0568000,LOUISVILLE METRO POLICE DEPT,Accepted,JEFFERSON,,4000,FEGENBUSH,LN,,,NORFOLK,,,,,38.183973507,-85.638316485,0.225,8/22/2020 12:00:00 AM,1221,2,2,0,0,CLEAR,DRY,False,OPPOSING LEFT TURN,OPPOSING LEFT TURN,STRAIGHT & LEVEL,DAYLIGHT,,,8/28/2020 9:18:07 AM,False,7938,Accepted,
27158576,0568000,LOUISVILLE METRO POLICE DEPT,Accepted,JEFFERSON,,4329,LONSDALE,AVE,,,,,,,,38.177351794,-85.786359895,0.145,8/22/2020 12:00:00 AM,0000,2,2,0,0,CLEAR,DRY,True,1 VEHICLE PARKED POSITION (NOT PARKING LOT/DRIVEWAY),ANGLE,STRAIGHT & LEVEL,DARK-HWY NOT LIGHTED,,,9/2/2020 9:06:38 AM,False,7471,Accepted,