IncidentID,AgencyORI,AgencyName,IncidentStatusDesc,County,RdwyNumber,Street,RoadwayName,StreetSfx,StreetDir,IntersectionRdwy,IntersectionRdwyName,BetweenStRdwy1,BetweenStRdwyName1,BetweenStRdwy2,BetweenStRdwyName2,Latitude,Longitude,Milepoint,CollisionDate,CollisionTime,UnitsInvolved,MotorVehiclesInvolved,NumberKilled,NumberInjured,Weather,RdwyConditionCode,HitandRun,DirAnalysisCode,MannerofCollision,RdwyCharacter,LightCondition,RampFromRdwyId,RampToRdwyId,AcceptedDate,IsSecondaryCollision,OwnerBadge,IncidentStatus,
27118000,0568000,LOUISVILLE METRO POLICE DEPT,Accepted,JEFFERSON,,3001,INDIAN LAKE,DR,,,,,,,,38.287190784,-85.551026969,1.061,8/22/2020 12:00:00 AM,0220,1,1,0,0,CLEAR,WET,True,COLLISION WITH FIXED OBJECT NON - INTERSECTION - FIRST EVENT COLLISION 09 - 32 EXCLUDING 16,SINGLE VEHICLE,CURVE & LEVEL,DARK-HWY NOT LIGHTED,,,8/24/2020 8:22:25 AM,False,7369,Accepted,
27117975,0568000,LOUISVILLE METRO POLICE DEPT,Accepted,JEFFERSON,KY1865,5469,NEW CUT,RD,,,,,,,,38.146168663,-85.775376301,2.693,8/22/2020 12:00:00 AM,1533,2,2,0,0,CLOUDY,WET,False,COLLISION IN PARKING LOT,BACKING,STRAIGHT & LEVEL,DAYLIGHT,,,8/24/2020 8:21:08 AM,False,7139,Accepted,
27117977,0568000,LOUISVILLE METRO POLICE DEPT,Accepted,JEFFERSON,US0031E,,BARDSTOWN,RD,,,,,IONA,KY1065,BEULAH CHURCH,38.150634875,-85.587611870,5.611,8/22/2020 12:00:00 AM,1835,3,3,0,2,CLOUDY,WET,False,OTHER ROADWAY OR MID-BLOCK COLLISION,REAR TO REAR,STRAIGHT & LEVEL,DAYLIGHT,,,8/24/2020 8:21:12 AM,False,7465,Accepted,
27117970,0568000,LOUISVILLE METRO POLICE DEPT,Accepted,JEFFERSON,US0031W,,US31W TURN LANE,,,US0031W,DUMESNIL,,,,,38.236412360,-85.789948225,0.035,8/22/2020 12:00:00 AM,1930,2,2,0,2,CLEAR,DRY,False,OTHER INTERSECTION COLLISIONS,REAR END,CURVE & LEVEL,DAYLIGHT,,,8/24/2020 8:20:54 AM,False,5164,Accepted,
27117933,0568000,LOUISVILLE METRO POLICE DEPT,Accepted,JEFFERSON,KY1020,8004,NATIONAL,TPKE,,,,,,,,38.134548353,-85.752175859,4.206,8/22/2020 12:00:00 AM,0113,2,2,0,1,CLEAR,WET,False,1 VEHICLE PARKED POSITION (NOT PARKING LOT/DRIVEWAY),ANGLE,STRAIGHT & LEVEL,DARK-HWY LIGHTED/ON,,,8/24/2020 8:18:59 AM,False,5220,Accepted,
27117951,0568000,LOUISVILLE METRO POLICE DEPT,Accepted,JEFFERSON,,6007,GELLHAUS,LN,,,,,,,,38.156669728,-85.542234527,0.611,8/22/2020 12:00:00 AM,1520,1,1,0,0,RAINING,WET,False,COLLISION WITH FIXED OBJECT NON - INTERSECTION - FIRST EVENT COLLISION 09 - 32 EXCLUDING 16,SINGLE VEHICLE,CURVE & HILLCREST,DAYLIGHT,,,8/24/2020 8:19:41 AM,False,7486,Accepted,
27117959,0568000,LOUISVILLE METRO POLICE DEPT,Accepted,JEFFERSON,KY0061,,PRESTON,HWY,,KY2845,MANSLICK,,,,,38.117989271,-85.677193909,2.444,8/22/2020 12:00:00 AM,1345,3,3,0,0,CLOUDY,DRY,False,OTHER INTERSECTION COLLISIONS,REAR END,STRAIGHT & LEVEL,DAYLIGHT,,,8/24/2020 8:20:23 AM,False,7669,Accepted,
27117937,0568000,LOUISVILLE METRO POLICE DEPT,Accepted,JEFFERSON,KY1020,1014,2ND,ST,S,,,,,,,38.238509646,-85.756386625,11.591,8/22/2020 12:00:00 AM,0105,3,3,0,0,RAINING,WET,True,REAR END IN TRAFFIC LANES BOTH VEHICLES MOVING,REAR END,STRAIGHT & LEVEL,DARK-HWY LIGHTED/ON,,,8/24/2020 8:19:09 AM,False,5217,Accepted,
27117943,0568000,LOUISVILLE METRO POLICE DEPT,Accepted,JEFFERSON,KY1020,325,KENWOOD,WAY,W,,,,,,,38.180305832,-85.767672198,7.725,8/22/2020 12:00:00 AM,1055,2,2,0,1,CLEAR,DRY,False,1 VEHICLE PARKED POSITION (NOT PARKING LOT/DRIVEWAY),SIDESWIPE-SAME DIRECTION,STRAIGHT & LEVEL,DAYLIGHT,,,8/24/2020 8:19:25 AM,False,7488,Accepted,
27117920,0568000,LOUISVILLE METRO POLICE DEPT,Accepted,JEFFERSON,,,7TH,ST,S,,,,,,,38.224264848,-85.771042440,0.452,8/22/2020 12:00:00 AM,0031,2,2,0,0,RAINING,WET,True,HEAD-ON COLLISION,HEAD ON,STRAIGHT & GRADE,DARK-HWY LIGHTED/ON,,,8/24/2020 8:18:01 AM,False,5252,Accepted,
27117927,0568000,LOUISVILLE METRO POLICE DEPT,Accepted,JEFFERSON,KY0061,,PRESTON,HWY,,I 0065,I65 N EXIT130 ON RAMP FROM KY61,,,,,38.178907777,-85.717223163,7.236,8/22/2020 12:00:00 AM,0123,2,2,0,3,CLOUDY,WET,False,OPPOSING LEFT TURN,OPPOSING LEFT TURN,STRAIGHT & LEVEL,DARK-HWY LIGHTED/ON,,,8/24/2020 8:18:34 AM,False,5189,Accepted,
27117928,0568000,LOUISVILLE METRO POLICE DEPT,Accepted,JEFFERSON,,,23RD,ST,S,,HILL,,,,,38.229480224,-85.795197388,1.720,8/22/2020 12:00:00 AM,0334,2,2,0,1,CLEAR,WET,True,ANGLE COLLISION - OTHER,ANGLE,STRAIGHT & LEVEL,DARK-HWY LIGHTED/ON,,,8/24/2020 8:18:38 AM,False,5039,Accepted,
27117952,0568000,LOUISVILLE METRO POLICE DEPT,Accepted,JEFFERSON,US0031E,,BARDSTOWN,RD,,,,,KENTUCKY,,WIMSATT,38.160264376,-85.592312994,6.311,8/22/2020 12:00:00 AM,1553,2,2,0,0,RAINING,WET,False,1 VEHICLE ENTERING/LEAVING ENTRANCE,ANGLE,STRAIGHT & GRADE,DAYLIGHT,,,8/24/2020 8:19:48 AM,False,7465,Accepted,
27117953,0568000,LOUISVILLE METRO POLICE DEPT,Accepted,JEFFERSON,,360,FARMINGTON,AVE,,,,,,,,38.201239240,-85.751646875,0.052,8/22/2020 12:00:00 AM,1244,1,1,0,1,CLEAR,DRY,False,COLLISION WITH FIXED OBJECT NON - INTERSECTION - FIRST EVENT COLLISION 09 - 32 EXCLUDING 16,SINGLE VEHICLE,CURVE & LEVEL,DAYLIGHT,,,8/24/2020 8:19:54 AM,False,5045,Accepted,
27117961,0568000,LOUISVILLE METRO POLICE DEPT,Accepted,JEFFERSON,KY0864,4744,POPLAR LEVEL,RD,,,,,,,,38.174015771,-85.686899428,9.413,8/22/2020 12:00:00 AM,2040,2,2,0,0,CLEAR,DRY,False,SIDESWIPE COLLISION - SAME DIRECTION,SIDESWIPE-SAME DIRECTION,STRAIGHT & LEVEL,DARK-HWY LIGHTED/ON,,,8/24/2020 8:20:31 AM,False,7045,Accepted,
27120969,0560400,SHIVELY POLICE DEPARTMENT,Accepted,JEFFERSON,US0031W,,DIXIE,HWY,,,ROCKFORD,,,,,38.173905699,-85.823709938,13.796,8/22/2020 12:00:00 AM,1400,2,2,0,0,CLEAR,DRY,False,SIDESWIPE-SAME DIRECTION,SIDESWIPE-SAME DIRECTION,STRAIGHT & LEVEL,DAYLIGHT,,,8/24/2020 7:04:42 PM,False,7091,Accepted,
27117931,0568000,LOUISVILLE METRO POLICE DEPT,Accepted,JEFFERSON,KY1065,,OUTER,LOOP,,KY0061,PRESTON,,,,,38.138353539,-85.686962723,6.036,8/22/2020 12:00:00 AM,0050,2,2,0,1,RAINING,WET,False,SIDESWIPE-SAME DIRECTION,SIDESWIPE-SAME DIRECTION,STRAIGHT & LEVEL,DARK-HWY LIGHTED/ON,,,8/24/2020 8:18:50 AM,False,5040,Accepted,
27117921,0568000,LOUISVILLE METRO POLICE DEPT,Accepted,JEFFERSON,,703,ORCHARD HILL,DR,,,,,ALPINE,KY1865,NEW CUT,38.159616446,-85.778315809,0.016,8/22/2020 12:00:00 AM,0031,2,2,0,0,CLOUDY,WET,True,1 VEHICLE PARKED POSITION (NOT PARKING LOT/DRIVEWAY),ANGLE,STRAIGHT & GRADE,DARK-HWY NOT LIGHTED,,,8/24/2020 8:18:05 AM,False,5110,Accepted,
27117924,0568000,LOUISVILLE METRO POLICE DEPT,Accepted,JEFFERSON,,,GAGEL,AVE,,,,,,,,38.173184936,-85.814404739,0.451,8/22/2020 12:00:00 AM,0205,2,2,0,5,RAINING,WET,False,1 VEHICLE ENTERING/LEAVING ENTRANCE,ANGLE,STRAIGHT & LEVEL,DARK-HWY LIGHTED/ON,,,8/24/2020 8:18:23 AM,False,7560,Accepted,
27117940,0568000,LOUISVILLE METRO POLICE DEPT,Accepted,JEFFERSON,KY1703,2900,NEWBURG,RD,,,,,,,,38.208227045,-85.693739086,2.797,8/22/2020 12:00:00 AM,0330,1,1,0,0,CLOUDY,WET,True,OTHER ROADWAY OR MID-BLOCK COLLISION,SINGLE VEHICLE,CURVE & HILLCREST,DARK-HWY LIGHTED/ON,,,8/24/2020 8:19:22 AM,False,7793,Accepted,
27117948,0568000,LOUISVILLE METRO POLICE DEPT,Accepted,JEFFERSON,US0031W,,DIXIE,HWY,,,,KY0044,KY44 TURN LANE,US0031W,DIXIE,38.025971277,-85.916497861,2.240,8/22/2020 12:00:00 AM,1302,2,2,0,0,CLOUDY,DRY,False,1 VEHICLE ENTERING/LEAVING ENTRANCE,ANGLE,CURVE & LEVEL,DAYLIGHT,,,8/24/2020 8:19:33 AM,False,2098,Accepted,
27117956,0568000,LOUISVILLE METRO POLICE DEPT,Accepted,JEFFERSON,,,STONESTREET,RD,,,VALLEY COLLEGE,,,,,38.118062704,-85.844437210,0.681,8/22/2020 12:00:00 AM,1602,2,2,0,0,CLOUDY,WET,False,OTHER INTERSECTION COLLISIONS,REAR END,STRAIGHT & LEVEL,DAYLIGHT,,,8/24/2020 8:20:02 AM,False,6318,Accepted,
27117957,0568000,LOUISVILLE METRO POLICE DEPT,Accepted,JEFFERSON,,732,32ND,ST,S,,,,,,,38.247899065,-85.805808558,1.471,8/22/2020 12:00:00 AM,1551,3,3,0,1,RAINING,WET,False,SIDESWIPE COLLISION - SAME DIRECTION,SIDESWIPE-SAME DIRECTION,STRAIGHT & LEVEL,DAYLIGHT,,,8/24/2020 8:20:09 AM,False,7091,Accepted,
27117964,0568000,LOUISVILLE METRO POLICE DEPT,Accepted,JEFFERSON,,,BRECKINRIDGE,ST,W,,5TH,,,,,38.242040585,-85.760583620,0.353,8/22/2020 12:00:00 AM,0557,2,2,0,0,RAINING,WET,True,ANGLE COLLISION - OTHER,ANGLE,STRAIGHT & LEVEL,DARK-HWY LIGHTED/ON,,,8/24/2020 8:20:38 AM,False,5217,Accepted,
27116384,0561000,JEFFERSONTOWN POLICE DEPT,Accepted,JEFFERSON,KY1747,,HURSTBOURNE,PKWY,S,KY0155,TAYLORSVILLE,,,,,38.215637876,-85.591117979,11.069,8/22/2020 12:00:00 AM,2103,2,2,0,1,CLOUDY,WET,False,OPPOSING LEFT TURN,OPPOSING LEFT TURN,STRAIGHT & LEVEL,DARK-HWY LIGHTED/ON,,,8/23/2020 11:01:06 PM,False,8313,Accepted,
27112623,0561000,JEFFERSONTOWN POLICE DEPT,Accepted,JEFFERSON,I 0064,15.4,I64 E,,,,,,,,,38.222898162,-85.572908362,15.358,8/22/2020 12:00:00 AM,1515,1,1,0,1,RAINING,WET,False,COLLISION WITH FIXED OBJECT NON - INTERSECTION - FIRST EVENT COLLISION 09 - 32 EXCLUDING 16,SINGLE VEHICLE,STRAIGHT & LEVEL,DAYLIGHT,,,8/22/2020 4:21:28 PM,False,8267,Accepted,
27116501,0560300,ST. MATTHEWS POLICE DEPARTMENT,Accepted,JEFFERSON,US0060,5000,SHELBYVILLE,RD,,,,,,,,38.250051196,-85.620066279,5.495,8/22/2020 12:00:00 AM,1615,2,2,0,0,RAINING,WET,False,OTHER ROADWAY OR MID-BLOCK COLLISION,REAR END,STRAIGHT & LEVEL,DAYLIGHT,,,8/23/2020 11:51:23 PM,False,9172,Accepted,
27117929,0568000,LOUISVILLE METRO POLICE DEPT,Accepted,JEFFERSON,,,HILL,ST,W,,13TH,,,,,38.227592920,-85.776803176,1.090,8/22/2020 12:00:00 AM,0154,2,2,0,1,CLEAR,WET,False,ANGLE COLLISION - OTHER,ANGLE,STRAIGHT & LEVEL,DARK-HWY LIGHTED/ON,,,8/24/2020 8:18:42 AM,False,5039,Accepted,
27117930,0568000,LOUISVILLE METRO POLICE DEPT,Accepted,JEFFERSON,KY2054,,ALGONQUIN,PKWY,,,DIXIE,,,,,38.223175830,-85.792463171,1.638,8/22/2020 12:00:00 AM,0555,2,2,0,0,CLEAR,DRY,True,OTHER INTERSECTION COLLISIONS,REAR END,STRAIGHT & LEVEL,DARK-HWY LIGHTED/ON,,,8/24/2020 8:18:47 AM,False,5039,Accepted,
27117938,0568000,LOUISVILLE METRO POLICE DEPT,Accepted,JEFFERSON,US0150,,BROADWAY,,W,,DIXIE,,,,,38.248927865,-85.782083233,1.072,8/22/2020 12:00:00 AM,0919,2,2,0,1,RAINING,WET,False,SIDESWIPE-SAME DIRECTION,SIDESWIPE-SAME DIRECTION,STRAIGHT & LEVEL,DAYLIGHT,,,8/24/2020 8:19:14 AM,False,7361,Accepted,
27123437,0560600,WEST BUECHEL POLICE DEPT.,Accepted,JEFFERSON,,2100,BASHFORD MANOR,LN,,,,,,,,38.202426706,-85.665446154,0.067,8/22/2020 12:00:00 AM,1400,2,2,0,0,CLEAR,DRY,True,COLLISION IN PARKING LOT,ANGLE,STRAIGHT & LEVEL,DAYLIGHT,,,8/25/2020 9:47:47 AM,False,1272,Accepted,
27118004,0568000,LOUISVILLE METRO POLICE DEPT,Accepted,JEFFERSON,,,WATTERSON,TRL,S,,DAVHAL,,,,,38.150834853,-85.615073959,2.370,8/22/2020 12:00:00 AM,1940,2,2,0,0,CLOUDY,WET,False,OPPOSING LEFT TURN,OPPOSING LEFT TURN,STRAIGHT & LEVEL,DUSK,,,8/24/2020 8:22:37 AM,False,5116,Accepted,
27119041,0568000,LOUISVILLE METRO POLICE DEPT,Accepted,JEFFERSON,KY0061,,PRESTON,HWY,,KY2845,MANSLICK,,,,,38.117989271,-85.677193909,2.444,8/22/2020 12:00:00 AM,1330,2,1,0,0,CLOUDY,DRY,True,OTHER INTERSECTION COLLISIONS,REAR END,STRAIGHT & LEVEL,DAYLIGHT,,,8/24/2020 11:29:25 AM,False,7669,Accepted,
27118005,0568000,LOUISVILLE METRO POLICE DEPT,Accepted,JEFFERSON,,,ST ANTHONY CHURCH,RD,,,SPRINGFIELD,,,,,38.146571954,-85.818601607,0.325,8/22/2020 12:00:00 AM,1720,2,2,0,1,CLOUDY,WET,False,HEAD-ON COLLISION,HEAD ON,STRAIGHT & GRADE,DAYLIGHT,,,8/24/2020 8:22:41 AM,False,7483,Accepted,
27117997,0568000,LOUISVILLE METRO POLICE DEPT,Accepted,JEFFERSON,KY2054,,ALGONQUIN,PKWY,,,,,,,,38.211886553,-85.770178501,3.209,8/22/2020 12:00:00 AM,1741,2,2,0,0,RAINING,WET,False,VEHICLE BACKING NON INTERSECTION,BACKING,STRAIGHT & LEVEL,DAYLIGHT,,,8/24/2020 8:22:11 AM,False,5123,Accepted,
27117954,0568000,LOUISVILLE METRO POLICE DEPT,Accepted,JEFFERSON,,,41ST,ST,S,,MAIN,,,,,38.264528507,-85.815924444,2.024,8/22/2020 12:00:00 AM,1324,2,2,0,1,CLEAR,DRY,False,ANGLE COLLISION - OTHER,ANGLE,STRAIGHT & LEVEL,DAYLIGHT,,,8/24/2020 8:19:57 AM,False,5003,Accepted,
27118576,0565000,LYNDON POLICE DEPARTMENT,Accepted,JEFFERSON,KY2050,,HERR,LN,,,,,,,,38.282942486,-85.627204200,2.104,8/21/2020 12:00:00 AM,1715,2,2,0,0,CLEAR,DRY,False,1 VEHICLE ENTERING/LEAVING ENTRANCE,ANGLE,STRAIGHT & GRADE,DAYLIGHT,,,8/24/2020 10:12:35 AM,False,1380,Accepted,
27117982,0568000,LOUISVILLE METRO POLICE DEPT,Accepted,JEFFERSON,KY1931,,MANSLICK,RD,,,GAGEL,,,,,38.170374938,-85.797502673,6.593,8/21/2020 12:00:00 AM,1214,2,2,0,1,CLOUDY,DRY,False,OPPOSING LEFT TURN,OPPOSING LEFT TURN,STRAIGHT & GRADE,DAYLIGHT,,,8/24/2020 8:21:40 AM,False,2745,Accepted,
27118575,0565000,LYNDON POLICE DEPARTMENT,Accepted,JEFFERSON,,511,HUBBARDS,LN,N,,,,,,,38.266048842,-85.646274781,1.102,8/21/2020 12:00:00 AM,1839,1,1,0,1,RAINING,WET,False,COLLISION WITH FIXED OBJECT NON - INTERSECTION - FIRST EVENT COLLISION 09 - 32 EXCLUDING 16,SINGLE VEHICLE,CURVE & LEVEL,DAYLIGHT,,,8/24/2020 10:12:30 AM,False,1359,Accepted,
27128015,0568000,LOUISVILLE METRO POLICE DEPT,Accepted,JEFFERSON,KY1934,,CANE RUN,RD,,,,,,,,38.193156403,-85.845607377,8.559,8/21/2020 12:00:00 AM,0400,2,2,0,1,CLEAR,DRY,False,1 VEHICLE ENTERING/LEAVING ENTRANCE,ANGLE,STRAIGHT & LEVEL,DARK-HWY LIGHTED/OFF,,,8/26/2020 8:12:27 AM,False,7973,Accepted,
27117946,0568000,LOUISVILLE METRO POLICE DEPT,Accepted,JEFFERSON,KY1747,,HURSTBOURNE,PKWY,S,,PATRIOTS CROSSING,,,,,38.162380921,-85.633722105,5.569,8/21/2020 12:00:00 AM,1819,2,2,0,1,RAINING,WET,False,ANGLE COLLISION - OTHER,ANGLE,STRAIGHT & LEVEL,DAYLIGHT,,,8/24/2020 8:19:29 AM,False,7484,Accepted,
27117907,0568000,LOUISVILLE METRO POLICE DEPT,Accepted,JEFFERSON,KY0841,,GENE SNYDER,FWY,,,,US0031W,US31W N RAMP TO KY841 E,KY0841,KY841 RAMP TO  STONESTREET RD,38.094410142,-85.833259475,2.445,8/21/2020 12:00:00 AM,1530,2,2,0,1,CLOUDY,DRY,False,SIDESWIPE COLLISION - SAME DIRECTION,SIDESWIPE-SAME DIRECTION,STRAIGHT & LEVEL,DAYLIGHT,,,8/24/2020 8:17:08 AM,False,7496,Accepted,
27117904,0568000,LOUISVILLE METRO POLICE DEPT,Accepted,JEFFERSON,,,GREENWOOD,AVE,,,WOODWAY,,,,,38.244373905,-85.823219800,2.074,8/21/2020 12:00:00 AM,1350,1,1,0,1,CLEAR,DRY,False,NON-COLLISION OBJECT COLLISION,SINGLE VEHICLE,STRAIGHT & LEVEL,DAYLIGHT,,,8/24/2020 8:16:54 AM,False,7460,Accepted,
27117905,0568000,LOUISVILLE METRO POLICE DEPT,Accepted,JEFFERSON,KY1065,,OUTER,LOOP,,,,,,,,38.136651304,-85.713469835,4.565,8/21/2020 12:00:00 AM,1433,2,2,0,1,CLEAR,DRY,False,1 VEHICLE ENTERING/LEAVING ENTRANCE,ANGLE,CURVE & HILLCREST,DAYLIGHT,,,8/24/2020 8:16:58 AM,False,7269,Accepted,
27117916,0568000,LOUISVILLE METRO POLICE DEPT,Accepted,JEFFERSON,KY2056,,BELLS,LN,,,40TH,,,,,38.222937959,-85.822662493,1.024,8/21/2020 12:00:00 AM,1702,2,2,0,1,CLOUDY,DRY,False,ANGLE COLLISION - OTHER,ANGLE,STRAIGHT & LEVEL,DAYLIGHT,,,8/24/2020 8:17:43 AM,False,7656,Accepted,
27117922,0568000,LOUISVILLE METRO POLICE DEPT,Accepted,JEFFERSON,US0031W,,DR W J HODGE,ST,,,,,CHESTNUT,,PLYMOUTH,38.251825883,-85.786082377,19.834,8/21/2020 12:00:00 AM,2136,2,2,0,0,RAINING,WET,False,1 VEHICLE PARKED POSITION (NOT PARKING LOT/DRIVEWAY),BACKING,STRAIGHT & LEVEL,DARK-HWY LIGHTED/ON,,,8/24/2020 8:18:12 AM,False,2128,Accepted,
27117939,0568000,LOUISVILLE METRO POLICE DEPT,Accepted,JEFFERSON,,,32ND,ST,S,,VIRGINIA,,,,,38.238697398,-85.806943928,0.833,8/21/2020 12:00:00 AM,1626,2,2,0,1,CLEAR,DRY,False,OPPOSITE DIRECTION - BOTH VEHICLES GOING STRAIGHT AHEAD,SIDESWIPE-OPPOSITE DIRECTION,STRAIGHT & LEVEL,DAYLIGHT,,,8/24/2020 8:19:18 AM,False,5179,Accepted,
27108231,0568000,LOUISVILLE METRO POLICE DEPT,Accepted,JEFFERSON,,,HILL,ST,W,,,,5TH,,4TH,38.226216307,-85.763573800,0.361,8/21/2020 12:00:00 AM,0119,2,2,0,2,CLEAR,DRY,False,1 VEHICLE ENTERING/LEAVING ENTRANCE,ANGLE,STRAIGHT & LEVEL,DARK-HWY LIGHTED/ON,,,8/21/2020 8:20:26 AM,False,5267,Accepted,
27108246,0568000,LOUISVILLE METRO POLICE DEPT,Accepted,JEFFERSON,KY1865,,TAYLOR,BLVD,,,LEHIGH,,,,,38.180520789,-85.783415256,5.095,8/21/2020 12:00:00 AM,0054,2,2,0,1,CLEAR,DRY,False,ANGLE COLLISION - OTHER,ANGLE,STRAIGHT & LEVEL,DARK-HWY LIGHTED/ON,,,8/21/2020 8:20:55 AM,False,5245,Accepted,
27111930,0560400,SHIVELY POLICE DEPARTMENT,Accepted,JEFFERSON,I 0264,,I264 W,,,I 0264,I264 E EXIT8B OFF RAMP TO US31W S,,,,,38.185822527,-85.806338427,7.946,8/21/2020 12:00:00 AM,1516,2,2,0,0,CLOUDY,DRY,False,OTHER INTERSECTION COLLISIONS,REAR END,STRAIGHT & LEVEL,DAYLIGHT,,,8/22/2020 8:59:44 AM,False,7103,Accepted,
27112457,0560300,ST. MATTHEWS POLICE DEPARTMENT,Accepted,JEFFERSON,US0060,,FRANKFORT,AVE,,,,,OXFORD,,IOLA,38.253730974,-85.666325970,2.959,8/21/2020 12:00:00 AM,1404,1,1,0,0,CLOUDY,DRY,False,COLLISION WITH FIXED OBJECT NON - INTERSECTION - FIRST EVENT COLLISION 09 - 32 EXCLUDING 16,SINGLE VEHICLE,STRAIGHT & LEVEL,DAYLIGHT,,,8/22/2020 3:31:17 PM,False,9138,Accepted,
27122841,0568000,LOUISVILLE METRO POLICE DEPT,Accepted,JEFFERSON,,,DAISY,AVE,,KY1931,GREENWOOD,,,,,38.143995064,-85.850345718,0.001,8/21/2020 12:00:00 AM,0345,2,2,0,1,CLEAR,DRY,False,COLLISION WITH PARKED VEHICLE,ANGLE,STRAIGHT & LEVEL,DARK-HWY NOT LIGHTED,,,8/25/2020 7:58:05 AM,False,5263,Accepted,
27132750,0568000,LOUISVILLE METRO POLICE DEPT,Accepted,JEFFERSON,I 0264,,I264 E,,,,,,,,,38.186700305,-85.792593432,8.600,8/21/2020 12:00:00 AM,1310,1,1,0,1,CLEAR,DRY,False,OTHER ROADWAY OR MID-BLOCK COLLISION,SINGLE VEHICLE,STRAIGHT & LEVEL,DAYLIGHT,,,8/27/2020 8:11:31 AM,False,8278,Accepted,
27117962,0568000,LOUISVILLE METRO POLICE DEPT,Accepted,JEFFERSON,,,CHURCHMAN,AVE,,,BLUEGRASS,,,,,38.179612875,-85.792317958,0.298,8/21/2020 12:00:00 AM,2005,1,1,0,0,RAINING,WET,False,NON-COLLISION OBJECT COLLISION,SINGLE VEHICLE,STRAIGHT & LEVEL,DARK-HWY LIGHTED/ON,,,8/24/2020 8:20:35 AM,False,7040,Accepted,
27117935,0568000,LOUISVILLE METRO POLICE DEPT,Accepted,JEFFERSON,US0031E,,BARDSTOWN,RD,,,GRINSTEAD,,,,,38.238392818,-85.720992566,15.422,8/21/2020 12:00:00 AM,2255,2,2,0,0,RAINING,WET,False,ANGLE COLLISION - OTHER,ANGLE,STRAIGHT & LEVEL,DARK-HWY LIGHTED/ON,,,8/24/2020 8:19:06 AM,False,5197,Accepted,
27117934,0568000,LOUISVILLE METRO POLICE DEPT,Accepted,JEFFERSON,,,BARRET,AVE,,,WINTER,,,,,38.235734661,-85.727644273,1.009,8/21/2020 12:00:00 AM,2020,2,2,0,2,RAINING,WET,False,ANGLE COLLISION - OTHER,ANGLE,STRAIGHT & LEVEL,DARK-HWY LIGHTED/ON,,,8/24/2020 8:19:03 AM,False,5197,Accepted,
27108249,0568000,LOUISVILLE METRO POLICE DEPT,Accepted,JEFFERSON,KY1703,,NEWBURG,RD,,I 0264,I264 E EXIT15 OFF RAMP TO KY1703,,,,,38.201384992,-85.687721749,2.178,8/21/2020 12:00:00 AM,0547,2,2,0,1,CLEAR,DRY,False,OPPOSING LEFT TURN,OPPOSING LEFT TURN,STRAIGHT & LEVEL,DARK-HWY LIGHTED/ON,,,8/21/2020 8:21:27 AM,False,5029,Accepted,
27117902,0568000,LOUISVILLE METRO POLICE DEPT,Accepted,JEFFERSON,,,HITE,AVE,N,,,,,,,38.256857672,-85.695312783,0.179,8/21/2020 12:00:00 AM,0955,2,2,0,0,CLOUDY,DRY,False,SIDESWIPE COLLISION - SAME DIRECTION,SIDESWIPE-SAME DIRECTION,STRAIGHT & HILLCREST,DAYLIGHT,,,8/24/2020 8:16:47 AM,False,7028,Accepted,
27117918,0568000,LOUISVILLE METRO POLICE DEPT,Accepted,JEFFERSON,,2611,GOLDSMITH,LN,,,,,,,,38.212063789,-85.662131792,1.464,8/21/2020 12:00:00 AM,2058,1,1,0,0,RAINING,WET,False,OTHER ROADWAY OR MID-BLOCK COLLISION,SINGLE VEHICLE,STRAIGHT & LEVEL,DARK-HWY NOT LIGHTED,,,8/24/2020 8:17:51 AM,False,5203,Accepted,
27117919,0568000,LOUISVILLE METRO POLICE DEPT,Accepted,JEFFERSON,,846,RIVER CREST,CT,,,CROSS HILL,,,,,38.270005638,-85.702206677,0.061,8/21/2020 12:00:00 AM,2132,2,2,0,0,RAINING,WET,False,COLLISION WITH PARKED VEHICLE,REAR TO REAR,STRAIGHT & LEVEL,DARK-HWY NOT LIGHTED,,,8/24/2020 8:17:55 AM,False,5240,Accepted,
27117903,0568000,LOUISVILLE METRO POLICE DEPT,Accepted,JEFFERSON,KY1865,,NEW CUT,RD,,,SCOTTSDALE,,,,,38.139169890,-85.773849438,2.208,8/21/2020 12:00:00 AM,1236,3,3,0,3,CLEAR,DRY,False,OTHER INTERSECTION COLLISIONS,REAR END,STRAIGHT & HILLCREST,DAYLIGHT,,,8/24/2020 8:16:50 AM,False,7202,Accepted,