IncidentID,AgencyORI,AgencyName,IncidentStatusDesc,County,RdwyNumber,Street,RoadwayName,StreetSfx,StreetDir,IntersectionRdwy,IntersectionRdwyName,BetweenStRdwy1,BetweenStRdwyName1,BetweenStRdwy2,BetweenStRdwyName2,Latitude,Longitude,Milepoint,CollisionDate,CollisionTime,UnitsInvolved,MotorVehiclesInvolved,NumberKilled,NumberInjured,Weather,RdwyConditionCode,HitandRun,DirAnalysisCode,MannerofCollision,RdwyCharacter,LightCondition,RampFromRdwyId,RampToRdwyId,AcceptedDate,IsSecondaryCollision,OwnerBadge,IncidentStatus,
27117910,0568000,LOUISVILLE METRO POLICE DEPT,Accepted,JEFFERSON,KY1931,,ST ANDREWS CHURCH,RD,,KY1142,PALATKA,,,,,38.155416712,-85.801939596,5.485,8/21/2020 12:00:00 AM,0957,2,2,0,0,CLEAR,DRY,True,OTHER INTERSECTION COLLISIONS,REAR END,STRAIGHT & LEVEL,DAYLIGHT,,,8/24/2020 8:17:22 AM,False,7483,Accepted,
27117911,0568000,LOUISVILLE METRO POLICE DEPT,Accepted,JEFFERSON,CS1016A,,RIVER PARK,DR,,CS1019F,32ND,,,,,38.254219554,-85.805270163,1.190,8/21/2020 12:00:00 AM,0821,2,2,0,0,CLEAR,DRY,False,ANGLE COLLISION - OTHER,ANGLE,STRAIGHT & LEVEL,DAYLIGHT,,,8/24/2020 8:17:25 AM,False,7805,Accepted,
27117912,0568000,LOUISVILLE METRO POLICE DEPT,Accepted,JEFFERSON,,,MUHAMMAD ALI,BLVD,W,,17TH,,,,,38.253544273,-85.779033625,1.451,8/21/2020 12:00:00 AM,1619,2,2,0,0,CLEAR,DRY,False,ANGLE COLLISION - OTHER,ANGLE,STRAIGHT & LEVEL,DAYLIGHT,,,8/24/2020 8:17:30 AM,False,7479,Accepted,
27117901,0568000,LOUISVILLE METRO POLICE DEPT,Accepted,JEFFERSON,,,ST CATHERINE,ST,E,KY0061,JACKSON,,,,,38.235300492,-85.747285530,0.864,8/21/2020 12:00:00 AM,0858,2,2,0,0,CLEAR,DRY,False,ANGLE COLLISION - OTHER,ANGLE,STRAIGHT & LEVEL,DAYLIGHT,,,8/24/2020 8:16:43 AM,False,7418,Accepted,
27117908,0568000,LOUISVILLE METRO POLICE DEPT,Accepted,JEFFERSON,US0150,2111,BROADWAY,,W,,,,,,,38.249258193,-85.786857288,0.807,8/21/2020 12:00:00 AM,1548,2,1,0,1,CLEAR,DRY,False,OTHER ROADWAY OR MID-BLOCK COLLISION,SINGLE VEHICLE,STRAIGHT & HILLCREST,DAYLIGHT,,,8/24/2020 8:17:14 AM,False,7988,Accepted,
27117909,0568000,LOUISVILLE METRO POLICE DEPT,Accepted,JEFFERSON,I 0264,,I264 W,,,,,I 0264,I264 W EXIT18B OFF RAMP TO KY1932 N,I 0264,I264 W EXIT18B OFF RAMP TO KY1932 N,38.233010979,-85.628064475,18.445,8/21/2020 12:00:00 AM,1530,2,2,0,1,CLOUDY,DRY,False,SIDESWIPE COLLISION - SAME DIRECTION,SIDESWIPE-SAME DIRECTION,STRAIGHT & GRADE,DAYLIGHT,,,8/24/2020 8:17:18 AM,False,6406,Accepted,
27117917,0568000,LOUISVILLE METRO POLICE DEPT,Accepted,JEFFERSON,US0031W,,DR W J HODGE,ST,,,OAK,,,,,38.237300913,-85.788608915,18.830,8/21/2020 12:00:00 AM,0900,2,2,0,1,CLEAR,DRY,False,ANGLE COLLISION - OTHER,ANGLE,STRAIGHT & LEVEL,DAYLIGHT,,,8/24/2020 8:17:47 AM,False,5273,Accepted,
27117978,0568000,LOUISVILLE METRO POLICE DEPT,Accepted,JEFFERSON,US0060A,1414,EASTERN,PKWY,,,,,HILL,,CROSS,38.228509335,-85.716161469,6.381,8/21/2020 12:00:00 AM,0808,2,1,0,1,CLEAR,DRY,False,COLLISION WITH BICYCLIST NON INTERSECTION,SINGLE VEHICLE,STRAIGHT & LEVEL,DAYLIGHT,,,8/24/2020 8:21:18 AM,False,2439,Accepted,
28776321,0568000,LOUISVILLE METRO POLICE DEPT,Accepted,JEFFERSON,I 0064,,I64 E,,,,,,,,,38.258666489,-85.748207410,5.027,8/21/2020 12:00:00 AM,2023,1,1,0,0,RAINING,WET,False,COLLISION WITH FIXED OBJECT NON - INTERSECTION - FIRST EVENT COLLISION 09 - 32 EXCLUDING 16,SINGLE VEHICLE,CURVE & LEVEL,DARK-HWY LIGHTED/ON,,,9/30/2021 8:24:13 AM,False,5171,Accepted,
27712859,0568000,LOUISVILLE METRO POLICE DEPT,Accepted,JEFFERSON,,,MITCHELL HILL,RD,,,HOLSCLAW HILL,,,,,38.093489186,-85.763908125,0.910,8/20/2020 12:00:00 AM,0453,1,1,0,0,CLOUDY,WET,True,COLLISION WITH FIXED OBJECT IN INTERSECTION - FIRST EVENT COLLISION 09 - 32,SINGLE VEHICLE,CURVE & LEVEL,DARK-HWY LIGHTED/ON,,,1/26/2021 11:13:41 AM,False,5266,Accepted,
27262702,0568000,LOUISVILLE METRO POLICE DEPT,Accepted,JEFFERSON,,2527,BURNETT,AVE,W,,,,25TH,,CYPRESS,38.232325258,-85.798191419,1.206,8/20/2020 12:00:00 AM,2100,3,3,0,1,CLEAR,DRY,False,1 VEHICLE PARKED POSITION (NOT PARKING LOT/DRIVEWAY),SIDESWIPE-OPPOSITE DIRECTION,STRAIGHT & LEVEL,DARK (UNKNOWN ROADWAY LIGHTING),,,9/28/2020 8:18:52 AM,False,5265,Accepted,
27211654,0568000,LOUISVILLE METRO POLICE DEPT,Accepted,JEFFERSON,KY1932,3800,BRECKENRIDGE,LN,,,,,HEAVRIN,,GREENWICH,38.193347129,-85.625567493,0.803,8/20/2020 12:00:00 AM,2217,4,4,2,1,CLEAR,DRY,False,SIDESWIPE COLLISION - SAME DIRECTION,SIDESWIPE-SAME DIRECTION,STRAIGHT & LEVEL,DARK-HWY LIGHTED/ON,,,9/15/2020 8:28:59 AM,False,2217,Accepted,
27119098,0561500,UNIV. OF LOUISVILLE POLICE,Accepted,JEFFERSON,,,CARDINAL,BLVD,W,,4TH,,,,,38.220745967,-85.762834511,0.272,8/20/2020 12:00:00 AM,1925,2,2,0,0,CLEAR,DRY,False,OPPOSING LEFT TURN,OPPOSING LEFT TURN,STRAIGHT & LEVEL,DAYLIGHT,,,8/24/2020 11:43:02 AM,False,5690,Accepted,
27132752,0568000,LOUISVILLE METRO POLICE DEPT,Accepted,JEFFERSON,I 0064,,I64 W,,,,,,,,,38.239868829,-85.676417957,9.287,8/20/2020 12:00:00 AM,1523,3,3,0,0,CLEAR,DRY,False,REAR END IN TRAFFIC LANES BOTH VEHICLES MOVING,REAR END,STRAIGHT & LEVEL,DAYLIGHT,,,8/27/2020 8:11:34 AM,False,8278,Accepted,
27108199,0568000,LOUISVILLE METRO POLICE DEPT,Accepted,JEFFERSON,,,DIXIE,HWY,,KY2054,ALGONQUIN,,,,,38.223155292,-85.792527308,1.867,8/20/2020 12:00:00 AM,1538,2,2,0,0,CLEAR,DRY,True,ANGLE COLLISION - OTHER,ANGLE,STRAIGHT & LEVEL,DAYLIGHT,,,8/21/2020 8:16:14 AM,False,5032,Accepted,
27108207,0568000,LOUISVILLE METRO POLICE DEPT,Accepted,JEFFERSON,US0031W,,DIXIE,HWY,,US0031W,US31W RAMP FROM KY1934,,,,,38.090925599,-85.876710324,7.350,8/20/2020 12:00:00 AM,1359,2,2,0,1,CLEAR,DRY,False,ANGLE COLLISION - OTHER,ANGLE,STRAIGHT & LEVEL,DAYLIGHT,,,8/21/2020 8:16:54 AM,False,6877,Accepted,
27108215,0568000,LOUISVILLE METRO POLICE DEPT,Accepted,JEFFERSON,KY1531,,ROUTT,RD,,KY1819,BRUSH RUN,,,,,38.127748543,-85.469379115,1.980,8/20/2020 12:00:00 AM,1859,2,2,0,2,CLEAR,DRY,False,ANGLE COLLISION - OTHER,ANGLE,CURVE & GRADE,DAYLIGHT,,,8/21/2020 8:17:53 AM,False,2308,Accepted,
27108240,0568000,LOUISVILLE METRO POLICE DEPT,Accepted,JEFFERSON,,,LENTZ,AVE,,,,,CONN,US0060A,BERRY,38.196147739,-85.785677299,0.017,8/20/2020 12:00:00 AM,1953,2,2,0,0,CLEAR,DRY,False,1 VEHICLE PARKED POSITION (NOT PARKING LOT/DRIVEWAY),HEAD ON,STRAIGHT & LEVEL,DAYLIGHT,,,8/21/2020 8:20:38 AM,False,7426,Accepted,
27108198,0568000,LOUISVILLE METRO POLICE DEPT,Accepted,JEFFERSON,KY0155,,TAYLORSVILLE LAKE,RD,,,,KY1531,KY1531 TURN LANE,,CEDAR OAK,38.176398355,-85.463148149,2.976,8/20/2020 12:00:00 AM,1514,2,2,0,0,CLEAR,DRY,False,SIDESWIPE COLLISION - SAME DIRECTION,SIDESWIPE-SAME DIRECTION,STRAIGHT & LEVEL,DAYLIGHT,,,8/21/2020 8:16:08 AM,False,2308,Accepted,
27108227,0568000,LOUISVILLE METRO POLICE DEPT,Accepted,JEFFERSON,,,OAK,ST,E,,,,BROOK,,1ST,38.234416254,-85.753737302,0.088,8/20/2020 12:00:00 AM,2331,2,2,0,0,CLEAR,DRY,False,1 VEHICLE ENTERING/LEAVING ENTRANCE,ANGLE,STRAIGHT & LEVEL,DARK-HWY LIGHTED/ON,,,8/21/2020 8:20:15 AM,False,5267,Accepted,
27108202,0568000,LOUISVILLE METRO POLICE DEPT,Accepted,JEFFERSON,,,VIRGINIA,AVE,,I 0264,I264 W EXIT3 ON RAMP FROM  VIRGINIA AVE,,,,,38.239655699,-85.815285699,1.047,8/20/2020 12:00:00 AM,1315,2,2,0,0,CLEAR,DRY,False,ANGLE COLLISION - OTHER,ANGLE,CURVE & LEVEL,DAYLIGHT,,,8/21/2020 8:16:28 AM,False,5161,Accepted,
27108210,0568000,LOUISVILLE METRO POLICE DEPT,Accepted,JEFFERSON,US0060,,SHELBYVILLE,RD,,,,,WILDWOOD,,VIEUX CARRE,38.246179098,-85.573925234,8.021,8/20/2020 12:00:00 AM,1431,2,2,0,0,CLEAR,DRY,False,OTHER ROADWAY OR MID-BLOCK COLLISION,REAR END,STRAIGHT & LEVEL,DAYLIGHT,,,8/21/2020 8:17:22 AM,False,7751,Accepted,
27108217,0568000,LOUISVILLE METRO POLICE DEPT,Accepted,JEFFERSON,,,7TH,ST,S,,11TH,,,,,38.222462349,-85.773810124,0.255,8/20/2020 12:00:00 AM,1731,2,2,0,1,CLEAR,DRY,False,REAR END - ONE VEHICLE TURNING LEFT,REAR END,STRAIGHT & LEVEL,DAYLIGHT,,,8/21/2020 8:18:16 AM,False,5260,Accepted,
27108193,0568000,LOUISVILLE METRO POLICE DEPT,Accepted,JEFFERSON,I 0264,,,,,,,,,,,38.189779401,-85.783390749,0.231,8/20/2020 12:00:00 AM,0821,2,2,0,0,CLEAR,DRY,False,OTHER RAMP RELATED COLLISIONS NOT LISTED ABOVE,REAR END,STRAIGHT & GRADE,DAYLIGHT,I 0264,KY1865,8/21/2020 8:15:44 AM,False,5260,Accepted,
27108200,0568000,LOUISVILLE METRO POLICE DEPT,Accepted,JEFFERSON,US0031W,4916,DIXIE,HWY,,,,,,,,38.170831811,-85.826621187,13.487,8/20/2020 12:00:00 AM,1315,2,2,0,1,CLEAR,DRY,False,REAR END IN TRAFFIC LANES BOTH VEHICLES MOVING,REAR END,STRAIGHT & LEVEL,DAYLIGHT,,,8/21/2020 8:16:19 AM,False,7356,Accepted,
27122806,0568000,LOUISVILLE METRO POLICE DEPT,Accepted,JEFFERSON,KY2048,,DUTCHMANS,LN,,KY2048,CANNONS,,,,,38.225985971,-85.650554002,0.483,8/20/2020 12:00:00 AM,1828,2,2,0,0,CLEAR,DRY,False,ANGLE COLLISION - OTHER,ANGLE,STRAIGHT & LEVEL,DAYLIGHT,,,8/25/2020 7:56:16 AM,False,2228,Accepted,
27118721,0568000,LOUISVILLE METRO POLICE DEPT,Accepted,JEFFERSON,US0060,,SHELBYVILLE,RD,,,,,WILDWOOD,,DAVENTRY,38.246224612,-85.574119208,7.983,8/20/2020 12:00:00 AM,1431,2,1,0,0,CLEAR,DRY,False,OTHER ROADWAY OR MID-BLOCK COLLISION,REAR END,STRAIGHT & LEVEL,DAYLIGHT,,,8/24/2020 10:33:03 AM,True,7751,Accepted,
27122839,0568000,LOUISVILLE METRO POLICE DEPT,Accepted,JEFFERSON,,,27TH,ST,N,KY3064,PORTLAND,,,,,38.271822883,-85.792133155,0.320,8/20/2020 12:00:00 AM,1930,2,2,0,1,CLEAR,DRY,False,ANGLE COLLISION - OTHER,ANGLE,STRAIGHT & LEVEL,DAYLIGHT,,,8/25/2020 7:57:57 AM,False,7430,Accepted,
27108211,0568000,LOUISVILLE METRO POLICE DEPT,Accepted,JEFFERSON,I 0064,,I64 E,,,,,,,,,38.222727762,-85.518882810,18.258,8/20/2020 12:00:00 AM,1736,3,3,0,0,CLEAR,DRY,False,OTHER ROADWAY OR MID-BLOCK COLLISION,REAR END,STRAIGHT & LEVEL,DAYLIGHT,,,8/21/2020 8:17:30 AM,False,7751,Accepted,
27108220,0568000,LOUISVILLE METRO POLICE DEPT,Accepted,JEFFERSON,US0060A,,BERRY,BLVD,,,,,,,,38.196360330,-85.784422427,1.390,8/20/2020 12:00:00 AM,2050,2,2,0,0,CLEAR,DRY,True,1 VEHICLE ENTERING/LEAVING ENTRANCE,ANGLE,STRAIGHT & LEVEL,DARK-HWY LIGHTED/ON,,,8/21/2020 8:19:42 AM,False,5258,Accepted,
27108221,0568000,LOUISVILLE METRO POLICE DEPT,Accepted,JEFFERSON,,,CHAMBERLAIN,LN,,,,,WINCHESTER ACRES,I 0265,I265 S EXIT33 OFF RAMP TO  CHAMBERLAIN LN,38.287967263,-85.524434957,0.747,8/20/2020 12:00:00 AM,2025,2,2,0,0,CLEAR,DRY,False,REAR END IN TRAFFIC LANES BOTH VEHICLES MOVING,REAR END,STRAIGHT & LEVEL,DARK-HWY LIGHTED/ON,,,8/21/2020 8:19:53 AM,False,7159,Accepted,
27105187,0561500,UNIV. OF LOUISVILLE POLICE,Accepted,JEFFERSON,,620,CHESTNUT,ST,E,,,,,,,38.247694292,-85.746316066,0.362,8/20/2020 12:00:00 AM,1300,2,2,0,0,CLEAR,DRY,False,COLLISION IN PARKING LOT,BACKING,STRAIGHT & GRADE,DARK-HWY LIGHTED/ON,,,8/20/2020 2:49:11 PM,False,5680,Accepted,
27108186,0568000,LOUISVILLE METRO POLICE DEPT,Accepted,JEFFERSON,,4700,PLUM TREE,LN,,,,,,,,38.186664821,-85.617027446,0.015,8/20/2020 12:00:00 AM,0738,1,1,0,1,CLEAR,DRY,False,OTHER ROADWAY OR MID-BLOCK COLLISION,SINGLE VEHICLE,CURVE & LEVEL,DAYLIGHT,,,8/21/2020 8:15:06 AM,False,5146,Accepted,
27108197,0568000,LOUISVILLE METRO POLICE DEPT,Accepted,JEFFERSON,KY1020,,3RD,ST,S,,LEE,,,,,38.223214361,-85.760715776,10.507,8/20/2020 12:00:00 AM,1416,2,2,0,0,CLEAR,DRY,False,ANGLE COLLISION - OTHER,ANGLE,STRAIGHT & LEVEL,DAYLIGHT,,,8/21/2020 8:16:03 AM,False,5186,Accepted,
27108205,0568000,LOUISVILLE METRO POLICE DEPT,Accepted,JEFFERSON,US0060A,,TAYLOR,BLVD,,,,,THORNBERRY,,HOMEVIEW,38.204131125,-85.778976637,2.079,8/20/2020 12:00:00 AM,1724,2,2,0,2,CLEAR,DRY,False,SIDESWIPE COLLISION - SAME DIRECTION,SIDESWIPE-SAME DIRECTION,STRAIGHT & LEVEL,DAYLIGHT,,,8/21/2020 8:16:44 AM,False,2499,Accepted,
27108206,0568000,LOUISVILLE METRO POLICE DEPT,Accepted,JEFFERSON,KY1020,,NATIONAL,TPKE,,,,,GERBER,KY0907,KY907 TURN LANE,38.151945209,-85.764665635,5.614,8/20/2020 12:00:00 AM,1708,2,2,0,1,CLOUDY,DRY,False,REAR END IN TRAFFIC LANES BOTH VEHICLES MOVING,REAR END,STRAIGHT & LEVEL,DAYLIGHT,,,8/21/2020 8:16:50 AM,False,7232,Accepted,
27108214,0568000,LOUISVILLE METRO POLICE DEPT,Accepted,JEFFERSON,KY1931,,MANSLICK,RD,,,GAGEL,,,,,38.170451660,-85.797681920,6.488,8/20/2020 12:00:00 AM,1640,2,2,0,1,CLEAR,DRY,False,ANGLE COLLISION - OTHER,ANGLE,CURVE & LEVEL,DAYLIGHT,,,8/21/2020 8:17:48 AM,False,7468,Accepted,
27108194,0568000,LOUISVILLE METRO POLICE DEPT,Accepted,JEFFERSON,,1143,CLAY,AVE,,,,,,,,38.143291145,-85.689443627,0.002,8/20/2020 12:00:00 AM,1219,1,1,0,0,CLEAR,DRY,False,COLLISION IN PARKING LOT,SINGLE VEHICLE,STRAIGHT & LEVEL,DAYLIGHT,,,8/21/2020 8:15:49 AM,False,2324,Accepted,
27108195,0568000,LOUISVILLE METRO POLICE DEPT,Accepted,JEFFERSON,KY0841,,,,,,,,,,,38.121465037,-85.777918285,0.080,8/20/2020 12:00:00 AM,1420,2,2,0,0,CLEAR,WET,False,OTHER RAMP RELATED COLLISIONS NOT LISTED ABOVE,REAR END,STRAIGHT & HILLCREST,DAYLIGHT,KY1865,KY0841,8/21/2020 8:15:54 AM,False,7263,Accepted,
27103676,0568000,LOUISVILLE METRO POLICE DEPT,Accepted,JEFFERSON,,,KRAMERS,LN,,,,,,,,38.201372388,-85.835617586,0.042,8/20/2020 12:00:00 AM,0412,2,1,0,0,CLEAR,DRY,False,COLLISION WITH BICYCLIST NON INTERSECTION,SINGLE VEHICLE,CURVE & LEVEL,DARK-HWY LIGHTED/ON,,,8/20/2020 8:07:42 AM,False,7973,Accepted,
27117898,0568000,LOUISVILLE METRO POLICE DEPT,Accepted,JEFFERSON,KY3084,,OLD HENRY,RD,,,NELSON MILLER,,,,,38.268018187,-85.506226138,0.842,8/20/2020 12:00:00 AM,0438,2,2,1,0,CLEAR,DRY,False,ANGLE COLLISION - ONE VEHICLE TURNING LEFT,ANGLE,CURVE & GRADE,DARK-HWY NOT LIGHTED,,,8/24/2020 8:16:34 AM,False,7772,Accepted,
27108248,0568000,LOUISVILLE METRO POLICE DEPT,Accepted,JEFFERSON,,,CHRISTY,AVE,,,RUBEL,,,,,38.241180901,-85.727305666,0.096,8/20/2020 12:00:00 AM,2041,2,2,0,0,CLEAR,DRY,False,COLLISION WITH PARKED VEHICLE,SIDESWIPE-SAME DIRECTION,STRAIGHT & LEVEL,DARK-HWY NOT LIGHTED,,,8/21/2020 8:21:20 AM,False,5152,Accepted,
27122826,0568000,LOUISVILLE METRO POLICE DEPT,Accepted,JEFFERSON,I 0264,,I264 W,,,,,,,,,38.213206241,-85.823270018,4.690,8/20/2020 12:00:00 AM,1854,2,2,0,0,CLEAR,DRY,True,SIDESWIPE COLLISION - SAME DIRECTION,SIDESWIPE-SAME DIRECTION,STRAIGHT & LEVEL,DAYLIGHT,,,8/25/2020 7:57:10 AM,False,7437,Accepted,
27122819,0568000,LOUISVILLE METRO POLICE DEPT,Accepted,JEFFERSON,US0031W,,DIXIE,HWY,,,,,,,,38.057122539,-85.889706893,4.893,8/20/2020 12:00:00 AM,1537,2,1,0,1,CLEAR,DRY,True,COLLISION WITH PEDESTRIAN NON - INTERSECTION,SINGLE VEHICLE,STRAIGHT & LEVEL,DAYLIGHT,,,8/25/2020 7:56:41 AM,False,7628,Accepted,
27119099,0561500,UNIV. OF LOUISVILLE POLICE,Accepted,JEFFERSON,,,FLOYD,ST,S,,,,,,,38.203755923,-85.757002346,3.585,8/20/2020 12:00:00 AM,1700,2,2,0,0,CLOUDY,DRY,True,COLLISION IN PARKING LOT,REAR END,STRAIGHT & LEVEL,DAYLIGHT,,,8/24/2020 11:43:06 AM,False,5674,Accepted,
27103661,0568000,LOUISVILLE METRO POLICE DEPT,Accepted,JEFFERSON,KY0907,8015,3RD ST,RD,,,,KY1065,OUTER,,CHURCHDOWN,38.127276688,-85.795000595,4.635,8/19/2020 12:00:00 AM,1415,1,1,0,2,CLOUDY,DRY,False,OTHER COLLISIONS ON SHOULDER,SINGLE VEHICLE,STRAIGHT & GRADE,DAYLIGHT,,,8/20/2020 8:06:30 AM,False,7232,Accepted,
27103653,0568000,LOUISVILLE METRO POLICE DEPT,Accepted,JEFFERSON,US0031E,,BARDSTOWN,RD,,,GOLDSMITH,,,,,38.208317876,-85.669036863,11.771,8/19/2020 12:00:00 AM,0804,2,1,0,1,CLEAR,DRY,False,COLLISION WITH BICYCLE IN INTERSECTION,SINGLE VEHICLE,STRAIGHT & LEVEL,DAYLIGHT,,,8/20/2020 8:06:00 AM,False,5028,Accepted,
27103677,0568000,LOUISVILLE METRO POLICE DEPT,Accepted,JEFFERSON,US0060A,,TAYLOR,BLVD,,,LONGFIELD,,,,,38.198607076,-85.782732069,1.618,8/19/2020 12:00:00 AM,2107,2,2,0,0,CLEAR,DRY,True,OTHER INTERSECTION COLLISIONS,REAR END,STRAIGHT & LEVEL,DUSK,,,8/20/2020 8:07:45 AM,False,7426,Accepted,
27108187,0568000,LOUISVILLE METRO POLICE DEPT,Accepted,JEFFERSON,,1054,BARRET,AVE,,,,,,,,38.235339149,-85.727329291,1.042,8/19/2020 12:00:00 AM,1642,2,2,0,1,CLEAR,DRY,True,1 VEHICLE PARKED POSITION (NOT PARKING LOT/DRIVEWAY),BACKING,,DAYLIGHT,,,8/21/2020 8:15:17 AM,False,2228,Accepted,
27108188,0568000,LOUISVILLE METRO POLICE DEPT,Accepted,JEFFERSON,US0031W,7862,DIXIE,HWY,,,,,,,,38.142113263,-85.840458486,11.480,8/19/2020 12:00:00 AM,1216,2,2,0,0,CLEAR,DRY,False,SIDESWIPE COLLISION - SAME DIRECTION,SIDESWIPE-SAME DIRECTION,STRAIGHT & LEVEL,DAYLIGHT,,,8/21/2020 8:15:23 AM,False,7234,Accepted,
27103667,0568000,LOUISVILLE METRO POLICE DEPT,Accepted,JEFFERSON,KY1727,,TERRY,RD,,KY1934,CANE RUN,,,,,38.178127641,-85.861927019,4.049,8/19/2020 12:00:00 AM,0830,2,2,0,1,CLEAR,DRY,False,OTHER INTERSECTION COLLISIONS,REAR END,CURVE & LEVEL,DAYLIGHT,,,8/20/2020 8:07:02 AM,False,7356,Accepted,
27103668,0568000,LOUISVILLE METRO POLICE DEPT,Accepted,JEFFERSON,,,4TH,ST,S,US0150,BROADWAY,,,,,38.246082471,-85.758380509,0.734,8/19/2020 12:00:00 AM,1537,2,2,0,1,CLEAR,DRY,False,ANGLE COLLISION - OTHER,ANGLE,STRAIGHT & LEVEL,DAYLIGHT,,,8/20/2020 8:07:08 AM,False,7220,Accepted,
27099271,0568000,LOUISVILLE METRO POLICE DEPT,Accepted,JEFFERSON,KY3064,,PORTLAND,AVE,,,26TH,,,,,38.271030388,-85.790015284,0.442,8/19/2020 12:00:00 AM,0402,3,3,0,0,CLEAR,DRY,True,COLLISION WITH PARKED VEHICLE,ANGLE,STRAIGHT & LEVEL,DARK-HWY LIGHTED/ON,,,8/19/2020 8:45:45 AM,False,7311,Accepted,
27099273,0568000,LOUISVILLE METRO POLICE DEPT,Accepted,JEFFERSON,I 0065,,,,,I 0065,I65 W EXIT12 OFF RAMP,,,,,38.191182673,-85.720922721,0.133,8/19/2020 12:00:00 AM,0426,1,1,0,0,CLEAR,DRY,True,COLLISION WITH FIXED OBJECT IN INTERSECTION - FIRST EVENT COLLISION 09 - 32,SINGLE VEHICLE,STRAIGHT & LEVEL,DUSK,,,8/19/2020 8:45:52 AM,False,7291,Accepted,
27103673,0568000,LOUISVILLE METRO POLICE DEPT,Accepted,JEFFERSON,,,RIVER PARK,DR,,,,,,,,38.254281814,-85.805962820,1.151,8/19/2020 12:00:00 AM,2005,2,2,0,1,CLEAR,DRY,True,1 VEHICLE ENTERING/LEAVING ENTRANCE,ANGLE,STRAIGHT & LEVEL,DAYLIGHT,,,8/20/2020 8:07:30 AM,False,7489,Accepted,
27108189,0568000,LOUISVILLE METRO POLICE DEPT,Accepted,JEFFERSON,US0031W,,DIXIE,HWY,,,,,,,,38.173457953,-85.824669971,13.660,8/19/2020 12:00:00 AM,1400,2,2,0,1,CLEAR,DRY,False,SIDESWIPE COLLISION - SAME DIRECTION,SIDESWIPE-SAME DIRECTION,STRAIGHT & LEVEL,DAYLIGHT,,,8/21/2020 8:15:28 AM,False,7234,Accepted,
27108196,0568000,LOUISVILLE METRO POLICE DEPT,Accepted,JEFFERSON,,,BROADWAY,,W,,38TH,,,,,38.250191958,-85.815180180,1.447,8/19/2020 12:00:00 AM,0313,2,2,0,0,CLEAR,DRY,False,OTHER INTERSECTION COLLISIONS,REAR END,STRAIGHT & LEVEL,DAYLIGHT,,,8/21/2020 8:15:58 AM,False,7923,Accepted,
27108201,0568000,LOUISVILLE METRO POLICE DEPT,Accepted,JEFFERSON,KY1747,3620,FERN VALLEY,RD,,,,,,,,38.157984408,-85.693605106,2.131,8/19/2020 12:00:00 AM,1644,3,3,0,2,CLEAR,DRY,False,1 VEHICLE ENTERING/LEAVING ENTRANCE,ANGLE,STRAIGHT & LEVEL,DAYLIGHT,,,8/21/2020 8:16:24 AM,False,7812,Accepted,
27103655,0568000,LOUISVILLE METRO POLICE DEPT,Accepted,JEFFERSON,KY0061,,PRESTON,HWY,,,,,,,,38.132960049,-85.683728169,3.556,8/19/2020 12:00:00 AM,0954,2,2,0,0,CLEAR,DRY,False,1 VEHICLE ENTERING/LEAVING ENTRANCE,ANGLE,STRAIGHT & LEVEL,DAYLIGHT,,,8/20/2020 8:06:09 AM,False,4693,Accepted,
27103656,0568000,LOUISVILLE METRO POLICE DEPT,Accepted,JEFFERSON,I 0071,,I71 S,,,,,,,,,38.314287143,-85.583312143,8.997,8/19/2020 12:00:00 AM,0957,1,1,0,1,CLEAR,DRY,False,COLLISION WITH FIXED OBJECT NON - INTERSECTION - FIRST EVENT COLLISION 09 - 32 EXCLUDING 16,SINGLE VEHICLE,STRAIGHT & LEVEL,DAYLIGHT,,,8/20/2020 8:06:13 AM,False,4903,Accepted,
27103663,0568000,LOUISVILLE METRO POLICE DEPT,Accepted,JEFFERSON,,7501,GRADE,LN,,,,,,,,38.134737635,-85.737881447,3.720,8/19/2020 12:00:00 AM,1456,1,1,0,0,CLEAR,DRY,False,COLLISION IN PARKING LOT,SINGLE VEHICLE,STRAIGHT & LEVEL,DAYLIGHT,,,8/20/2020 8:06:42 AM,False,7397,Accepted,
27103670,0568000,LOUISVILLE METRO POLICE DEPT,Accepted,JEFFERSON,US0031E,,BARDSTOWN,RD,,KY1932,BRECKENRIDGE,,,,,38.181312715,-85.627020516,8.707,8/19/2020 12:00:00 AM,1050,2,2,0,0,CLEAR,DRY,False,SIDESWIPE-SAME DIRECTION,SIDESWIPE-SAME DIRECTION,STRAIGHT & LEVEL,DAYLIGHT,,,8/20/2020 8:07:18 AM,False,7483,Accepted,