IncidentID,AgencyORI,AgencyName,IncidentStatusDesc,County,RdwyNumber,Street,RoadwayName,StreetSfx,StreetDir,IntersectionRdwy,IntersectionRdwyName,BetweenStRdwy1,BetweenStRdwyName1,BetweenStRdwy2,BetweenStRdwyName2,Latitude,Longitude,Milepoint,CollisionDate,CollisionTime,UnitsInvolved,MotorVehiclesInvolved,NumberKilled,NumberInjured,Weather,RdwyConditionCode,HitandRun,DirAnalysisCode,MannerofCollision,RdwyCharacter,LightCondition,RampFromRdwyId,RampToRdwyId,AcceptedDate,IsSecondaryCollision,OwnerBadge,IncidentStatus,
27103672,0568000,LOUISVILLE METRO POLICE DEPT,Accepted,JEFFERSON,US0150,,BROADWAY,,W,,12TH ST CONN,,,,,38.247594161,-85.771624674,1.650,8/19/2020 12:00:00 AM,1633,2,2,0,2,CLEAR,DRY,False,ANGLE COLLISION - OTHER,ANGLE,STRAIGHT & LEVEL,DAYLIGHT,,,8/20/2020 8:07:26 AM,False,2854,Accepted,
27108182,0568000,LOUISVILLE METRO POLICE DEPT,Accepted,JEFFERSON,I 0064,,I64 E,,,,,,,,,38.222822154,-85.511174339,18.672,8/19/2020 12:00:00 AM,1637,2,2,0,0,CLEAR,DRY,False,REAR END IN TRAFFIC LANES BOTH VEHICLES MOVING,REAR END,STRAIGHT & LEVEL,DAYLIGHT,,,8/21/2020 8:14:37 AM,False,7751,Accepted,
27108184,0568000,LOUISVILLE METRO POLICE DEPT,Accepted,JEFFERSON,I 0265,,I265 S,,,,,,,,,38.274665309,-85.500731807,29.039,8/19/2020 12:00:00 AM,1538,2,2,0,0,CLEAR,DRY,False,REAR END IN TRAFFIC LANES BOTH VEHICLES MOVING,REAR END,STRAIGHT & LEVEL,DAYLIGHT,,,8/21/2020 8:14:48 AM,False,7751,Accepted,
27108185,0568000,LOUISVILLE METRO POLICE DEPT,Accepted,JEFFERSON,,,WHITE BLOSSOM,BLVD,,,TULIP GROVE,,,,,38.303292938,-85.567234605,0.816,8/19/2020 12:00:00 AM,1755,2,2,0,0,CLEAR,DRY,False,OPPOSING LEFT TURN,OPPOSING LEFT TURN,STRAIGHT & LEVEL,DAYLIGHT,,,8/21/2020 8:14:56 AM,False,7751,Accepted,
27108243,0568000,LOUISVILLE METRO POLICE DEPT,Accepted,JEFFERSON,KY0061,,PRESTON,ST,S,,ST CATHERINE,,,,,38.236202085,-85.749121894,11.619,8/19/2020 12:00:00 AM,2135,2,2,0,0,CLEAR,DRY,True,OTHER INTERSECTION COLLISIONS,REAR END,STRAIGHT & LEVEL,DARK-HWY LIGHTED/ON,,,8/21/2020 8:20:45 AM,False,5245,Accepted,
27108191,0568000,LOUISVILLE METRO POLICE DEPT,Accepted,JEFFERSON,US0031W,8037,DIXIE,HWY,,,,,,,,38.133489628,-85.845719806,10.753,8/19/2020 12:00:00 AM,1641,2,2,0,0,CLEAR,DRY,False,COLLISION IN PARKING LOT,SIDESWIPE-OPPOSITE DIRECTION,STRAIGHT & LEVEL,DAYLIGHT,,,8/21/2020 8:15:36 AM,False,7234,Accepted,
27137819,0568000,LOUISVILLE METRO POLICE DEPT,Accepted,JEFFERSON,,,MURPHY,LN,,,NANSEMOND,,,,,38.304241737,-85.534137539,0.175,8/18/2020 12:00:00 AM,1719,2,2,0,2,CLOUDY,DRY,False,ANGLE COLLISION - OTHER,ANGLE,STRAIGHT & LEVEL,DAYLIGHT,,,8/28/2020 9:18:18 AM,False,6830,Accepted,
27103664,0568000,LOUISVILLE METRO POLICE DEPT,Accepted,JEFFERSON,US0042,3100,BROWNSBORO,RD,,,,,,,,38.266761898,-85.662414381,4.088,8/18/2020 12:00:00 AM,1029,2,1,0,0,CLEAR,DRY,False,COLLISION WITH BICYCLIST NON INTERSECTION,SINGLE VEHICLE,STRAIGHT & LEVEL,DAYLIGHT,,,8/20/2020 8:06:45 AM,False,2738,Accepted,
27132755,0568000,LOUISVILLE METRO POLICE DEPT,Accepted,JEFFERSON,I 0065,,I65 S,,,,,,,,,38.218922732,-85.752148479,133.370,8/18/2020 12:00:00 AM,1351,1,1,0,2,CLOUDY,DRY,False,OTHER ROADWAY OR MID-BLOCK COLLISION,SINGLE VEHICLE,CURVE & LEVEL,DAYLIGHT,,,8/27/2020 8:11:46 AM,False,7628,Accepted,
27103657,0568000,LOUISVILLE METRO POLICE DEPT,Accepted,JEFFERSON,,3706,KLONDIKE,LN,,,,,,,,38.209437460,-85.639127833,0.830,8/18/2020 12:00:00 AM,2000,1,1,0,0,,,True,COLLISION IN PARKING LOT,SINGLE VEHICLE,STRAIGHT & LEVEL,,,,8/20/2020 8:06:16 AM,False,4693,Accepted,
27103658,0568000,LOUISVILLE METRO POLICE DEPT,Accepted,JEFFERSON,US0060,8017,SHELBYVILLE,RD,,,,,,,,38.248734447,-85.605526444,6.290,8/18/2020 12:00:00 AM,1116,2,2,0,0,CLOUDY,DRY,False,1 VEHICLE ENTERING/LEAVING ENTRANCE,ANGLE,STRAIGHT & LEVEL,DAYLIGHT,,,8/20/2020 8:06:19 AM,False,6456,Accepted,
27099238,0568000,LOUISVILLE METRO POLICE DEPT,Accepted,JEFFERSON,US0042,,US42,,,,,,WOODHILL VALLEY,,ELMCROFT,38.316063057,-85.624497023,8.414,8/18/2020 12:00:00 AM,0832,2,2,0,1,CLEAR,DRY,False,REAR END IN TRAFFIC LANES BOTH VEHICLES MOVING,REAR END,STRAIGHT & GRADE,DAYLIGHT,,,8/19/2020 8:43:44 AM,False,6929,Accepted,
27099246,0568000,LOUISVILLE METRO POLICE DEPT,Accepted,JEFFERSON,KY3064,,PORTLAND,AVE,,,,,,,,38.274097555,-85.798305938,0.913,8/18/2020 12:00:00 AM,1300,1,1,0,0,CLEAR,DRY,True,COLLISION WITH FIXED OBJECT NON - INTERSECTION - FIRST EVENT COLLISION 09 - 32 EXCLUDING 16,SINGLE VEHICLE,STRAIGHT & LEVEL,DAYLIGHT,,,8/19/2020 8:44:11 AM,False,7988,Accepted,
27099254,0568000,LOUISVILLE METRO POLICE DEPT,Accepted,JEFFERSON,,,16TH,ST,S,,JEFFERSON,,,,,38.256062469,-85.776858676,0.191,8/18/2020 12:00:00 AM,1327,2,2,0,0,CLEAR,DRY,False,ANGLE COLLISION - OTHER,ANGLE,STRAIGHT & LEVEL,DAYLIGHT,,,8/19/2020 8:44:44 AM,False,7361,Accepted,
27099262,0568000,LOUISVILLE METRO POLICE DEPT,Accepted,JEFFERSON,US0031E,,BAXTER,AVE,,,LEXINGTON,,,,,38.248326328,-85.730580728,16.286,8/18/2020 12:00:00 AM,1818,2,2,0,0,CLOUDY,WET,False,ANGLE COLLISION - OTHER,ANGLE,STRAIGHT & GRADE,DAYLIGHT,,,8/19/2020 8:45:15 AM,False,2230,Accepted,
27099272,0568000,LOUISVILLE METRO POLICE DEPT,Accepted,JEFFERSON,KY2052,4201,SHEPHERDSVILLE,RD,,,,,,,,38.189400469,-85.659770517,3.504,8/18/2020 12:00:00 AM,2243,1,1,0,1,CLEAR,DRY,False,COLLISION WITH FIXED OBJECT NON - INTERSECTION - FIRST EVENT COLLISION 09 - 32 EXCLUDING 16,SINGLE VEHICLE,STRAIGHT & GRADE,DARK-HWY LIGHTED/ON,,,8/19/2020 8:45:48 AM,False,5189,Accepted,
27099253,0568000,LOUISVILLE METRO POLICE DEPT,Accepted,JEFFERSON,,,15TH,ST,S,,OAK,,,,,38.236658110,-85.778398864,0.782,8/18/2020 12:00:00 AM,1349,2,2,0,0,CLOUDY,DRY,False,SIDESWIPE-SAME DIRECTION,SIDESWIPE-SAME DIRECTION,STRAIGHT & HILLCREST,DAYLIGHT,,,8/19/2020 8:44:41 AM,False,7091,Accepted,
27099261,0568000,LOUISVILLE METRO POLICE DEPT,Accepted,JEFFERSON,I 0064,,I64 W,,,I 0065,I65 N,,,,,38.260443964,-85.741168353,5.170,8/18/2020 12:00:00 AM,1820,1,1,0,1,CLOUDY,WET,False,OTHER INTERSECTION COLLISIONS,SINGLE VEHICLE,CURVE & GRADE,DUSK,,,8/19/2020 8:45:08 AM,False,6360,Accepted,
27099270,0568000,LOUISVILLE METRO POLICE DEPT,Accepted,JEFFERSON,KY1065,,OUTER,LOOP,,,,,,,,38.138318813,-85.687111885,6.049,8/18/2020 12:00:00 AM,2012,2,2,0,0,CLEAR,DRY,False,1 VEHICLE ENTERING/LEAVING ENTRANCE,ANGLE,STRAIGHT & LEVEL,DAYLIGHT,,,8/19/2020 8:45:39 AM,False,5182,Accepted,
27103654,0568000,LOUISVILLE METRO POLICE DEPT,Accepted,JEFFERSON,US0031E,,BARDSTOWN,RD,,,WAHL ST BLVD,,,,,38.187247993,-85.637867309,9.437,8/18/2020 12:00:00 AM,1216,2,2,0,1,CLOUDY,DRY,False,OPPOSING LEFT TURN,OPPOSING LEFT TURN,STRAIGHT & LEVEL,DAYLIGHT,,,8/20/2020 8:06:05 AM,False,4693,Accepted,
27099269,0568000,LOUISVILLE METRO POLICE DEPT,Accepted,JEFFERSON,I 0071,,I71 N,,,I 0071,I71 N EXIT2 ON RAMP FROM  ZORN AVE,,,,,38.278015867,-85.692171501,2.138,8/18/2020 12:00:00 AM,1900,2,2,0,0,CLEAR,DRY,False,OTHER INTERSECTION COLLISIONS,REAR END,STRAIGHT & LEVEL,DAYLIGHT,,,8/19/2020 8:45:32 AM,False,5240,Accepted,
27099241,0568000,LOUISVILLE METRO POLICE DEPT,Accepted,JEFFERSON,,,CHESTNUT,ST,E,,,KY0061,PRESTON,KY0061,JACKSON,38.247690995,-85.746320431,0.362,8/18/2020 12:00:00 AM,0800,2,2,0,0,CLEAR,DRY,False,REAR END IN TRAFFIC LANES BOTH VEHICLES MOVING,REAR END,STRAIGHT & LEVEL,DAYLIGHT,,,8/19/2020 8:43:56 AM,False,2403,Accepted,
27099257,0568000,LOUISVILLE METRO POLICE DEPT,Accepted,JEFFERSON,KY0864,7711,FEGENBUSH,LN,,,,,,,,38.140077363,-85.618027137,4.556,8/18/2020 12:00:00 AM,1456,2,2,0,4,CLOUDY,DRY,False,1 VEHICLE ENTERING/LEAVING ENTRANCE,ANGLE,STRAIGHT & LEVEL,DAYLIGHT,,,8/19/2020 8:44:52 AM,False,5005,Accepted,
27099267,0568000,LOUISVILLE METRO POLICE DEPT,Accepted,JEFFERSON,,,26TH,ST,S,,GREENWOOD,,,,,38.241760769,-85.795797902,1.313,8/18/2020 12:00:00 AM,2210,2,2,0,0,CLEAR,DRY,False,ANGLE COLLISION - ONE VEHICLE TURNING LEFT,ANGLE,STRAIGHT & LEVEL,DARK-HWY LIGHTED/ON,,,8/19/2020 8:45:25 AM,False,7481,Accepted,
27094271,0568000,LOUISVILLE METRO POLICE DEPT,Accepted,JEFFERSON,I 0071,,I71 S,,,,,,,,,38.291576717,-85.640953546,5.411,8/18/2020 12:00:00 AM,0135,2,2,0,0,CLEAR,DRY,False,COLLISION WITH NON-FIXED OBJECT ,SIDESWIPE-SAME DIRECTION,STRAIGHT & LEVEL,DARK-HWY LIGHTED/ON,,,8/18/2020 8:11:55 AM,False,5240,Accepted,
27099243,0568000,LOUISVILLE METRO POLICE DEPT,Accepted,JEFFERSON,,,FLOYD,ST,S,,,,BYRNE,,HAHN,38.211826030,-85.755589950,3.021,8/18/2020 12:00:00 AM,1020,2,2,0,0,CLEAR,DRY,False,OTHER ROADWAY OR MID-BLOCK COLLISION,REAR END,STRAIGHT & LEVEL,DAYLIGHT,,,8/19/2020 8:44:00 AM,False,7418,Accepted,
27099244,0568000,LOUISVILLE METRO POLICE DEPT,Accepted,JEFFERSON,,,ORMSBY,AVE,E,KY0061,JACKSON,,,,,38.230773497,-85.748104693,0.425,8/18/2020 12:00:00 AM,1156,2,2,0,0,CLOUDY,DRY,False,ANGLE COLLISION - OTHER,ANGLE,STRAIGHT & LEVEL,DAYLIGHT,,,8/19/2020 8:44:04 AM,False,7391,Accepted,
27099251,0568000,LOUISVILLE METRO POLICE DEPT,Accepted,JEFFERSON,,,LAKEHEATH,DR,,,HELMWOOD,,,,,38.169757615,-85.703045314,0.279,8/18/2020 12:00:00 AM,0914,1,1,0,0,CLEAR,DRY,False,COLLISION WITH FIXED OBJECT IN INTERSECTION - FIRST EVENT COLLISION 09 - 32,SINGLE VEHICLE,STRAIGHT & LEVEL,DAYLIGHT,,,8/19/2020 8:44:34 AM,False,4693,Accepted,
27099252,0568000,LOUISVILLE METRO POLICE DEPT,Accepted,JEFFERSON,KY0864,,POPLAR LEVEL,RD,,,,,,,,38.184794482,-85.700036107,10.465,8/18/2020 12:00:00 AM,1334,1,1,0,1,CLOUDY,DRY,False,COLLISION WITH FIXED OBJECT NON - INTERSECTION - FIRST EVENT COLLISION 09 - 32 EXCLUDING 16,SINGLE VEHICLE,STRAIGHT & LEVEL,DAYLIGHT,,,8/19/2020 8:44:37 AM,False,4693,Accepted,
27099258,0568000,LOUISVILLE METRO POLICE DEPT,Accepted,JEFFERSON,US0031E,2440,BARDSTOWN,RD,,,,,,,,38.223681217,-85.687750899,13.305,8/18/2020 12:00:00 AM,1750,2,2,0,0,RAINING,WET,True,1 VEHICLE PARKED POSITION (NOT PARKING LOT/DRIVEWAY),SIDESWIPE-OPPOSITE DIRECTION,STRAIGHT & LEVEL,DAYLIGHT,,,8/19/2020 8:44:56 AM,False,7570,Accepted,
27117913,0568000,LOUISVILLE METRO POLICE DEPT,Accepted,JEFFERSON,,1300B,CLARA,AVE,,,,,,,,38.199787273,-85.783321337,0.037,8/18/2020 12:00:00 AM,1547,2,2,0,3,CLEAR,DRY,False,1 VEHICLE ENTERING/LEAVING ENTRANCE,ANGLE,STRAIGHT & LEVEL,DAYLIGHT,,,8/24/2020 8:17:34 AM,False,7398,Accepted,
27099259,0568000,LOUISVILLE METRO POLICE DEPT,Accepted,JEFFERSON,,,DIXIE,HWY,,,GALLAGHER,,,,,38.239181818,-85.786018547,0.708,8/17/2020 12:00:00 AM,1229,2,2,0,1,CLEAR,DRY,False,OTHER INTERSECTION COLLISIONS,REAR END,STRAIGHT & LEVEL,DAYLIGHT,,,8/19/2020 8:45:00 AM,False,5179,Accepted,
27094272,0568000,LOUISVILLE METRO POLICE DEPT,Accepted,JEFFERSON,KY1932,,BRECKENRIDGE,LN,,,BRONNER,,,,,38.184835284,-85.626275153,0.252,8/17/2020 12:00:00 AM,2223,2,2,0,1,CLEAR,DRY,False,REAR END - ONE VEHICLE TURNING LEFT,REAR END,STRAIGHT & GRADE,DARK (UNKNOWN ROADWAY LIGHTING),,,8/18/2020 8:11:58 AM,False,7492,Accepted,
27094263,0568000,LOUISVILLE METRO POLICE DEPT,Accepted,JEFFERSON,,,1ST,ST,S,US0150,BROADWAY,,,,,38.245730312,-85.753382558,0.721,8/17/2020 12:00:00 AM,1800,2,2,0,0,CLEAR,DRY,False,ANGLE COLLISION - OTHER,ANGLE,STRAIGHT & LEVEL,DAYLIGHT,,,8/18/2020 8:11:24 AM,False,2855,Accepted,
27094269,0568000,LOUISVILLE METRO POLICE DEPT,Accepted,JEFFERSON,,,INDIAN,TRL,E,,TUPELO,,,,,38.170031649,-85.692064170,0.802,8/17/2020 12:00:00 AM,2142,2,2,0,0,CLEAR,FLOODED,False,ANGLE COLLISION - OTHER,ANGLE,STRAIGHT & GRADE,DARK-HWY LIGHTED/OFF,,,8/18/2020 8:11:46 AM,False,5203,Accepted,
27094261,0568000,LOUISVILLE METRO POLICE DEPT,Accepted,JEFFERSON,KY0155,,TAYLORSVILLE,RD,,,,,,,,38.189610035,-85.505706927,5.872,8/17/2020 12:00:00 AM,1522,2,2,0,0,CLEAR,DRY,False,OTHER ROADWAY OR MID-BLOCK COLLISION,REAR END,STRAIGHT & LEVEL,DAYLIGHT,,,8/18/2020 8:11:16 AM,False,7698,Accepted,
27089163,0568000,LOUISVILLE METRO POLICE DEPT,Accepted,JEFFERSON,KY1934,,CANE RUN,RD,,,ROCKFORD,,,,,38.184434193,-85.854645142,7.783,8/17/2020 12:00:00 AM,0715,2,2,0,0,CLEAR,DRY,False,OTHER INTERSECTION COLLISIONS,REAR END,STRAIGHT & LEVEL,DAYLIGHT,,,8/17/2020 9:05:20 AM,False,7460,Accepted,
27089280,0568000,LOUISVILLE METRO POLICE DEPT,Accepted,JEFFERSON,KY2054,,ALGONQUIN,PKWY,,,CYPRESS,,,,,38.223746749,-85.800650267,1.194,8/17/2020 12:00:00 AM,0710,2,2,0,6,CLEAR,DRY,False,HEAD-ON COLLISION,HEAD ON,STRAIGHT & LEVEL,DAYLIGHT,,,8/17/2020 9:11:56 AM,False,7461,Accepted,
27089158,0568000,LOUISVILLE METRO POLICE DEPT,Accepted,JEFFERSON,I 0065,,,,,,,,,,,38.248190373,-85.752847324,0.009,8/17/2020 12:00:00 AM,0530,2,2,0,2,CLEAR,DRY,False,OTHER RAMP RELATED COLLISIONS NOT LISTED ABOVE,REAR END,STRAIGHT & LEVEL,DARK-HWY LIGHTED/ON,W CHESTNUT ST,I 0065,8/17/2020 9:04:58 AM,False,5172,Accepted,
27094255,0568000,LOUISVILLE METRO POLICE DEPT,Accepted,JEFFERSON,KY2251,,BARDSTOWN,RD,,,,,,,,38.198802919,-85.659569592,1.013,8/17/2020 12:00:00 AM,1315,2,2,0,0,CLEAR,DRY,False,REAR END IN TRAFFIC LANES BOTH VEHICLES MOVING,REAR END,STRAIGHT & LEVEL,DAYLIGHT,,,8/18/2020 8:11:02 AM,False,4693,Accepted,
27099268,0568000,LOUISVILLE METRO POLICE DEPT,Accepted,JEFFERSON,US0031W,,DIXIE,HWY,,KY1849,MOORMAN,,,,,38.085416186,-85.879897955,6.940,8/17/2020 12:00:00 AM,2000,2,2,0,1,CLEAR,DRY,False,ANGLE COLLISION - ONE VEHICLE TURNING LEFT,ANGLE,STRAIGHT & LEVEL,DAYLIGHT,,,8/19/2020 8:45:29 AM,False,5279,Accepted,
27103456,0560400,SHIVELY POLICE DEPARTMENT,Accepted,JEFFERSON,US0031W,,DIXIE,HWY,,,,KY2051,ROCKFORD,,STALLINGS,38.174456845,-85.823310185,13.845,8/17/2020 12:00:00 AM,1840,2,2,0,0,CLEAR,DRY,False,SIDESWIPE COLLISION - SAME DIRECTION,SIDESWIPE-SAME DIRECTION,STRAIGHT & LEVEL,DAYLIGHT,,,8/20/2020 7:21:06 AM,False,7120,Accepted,
27099245,0568000,LOUISVILLE METRO POLICE DEPT,Accepted,JEFFERSON,KY2052,,SHEPHERDSVILLE,RD,,,WHISPERING HILLS,,,,,38.148596525,-85.659917192,0.690,8/17/2020 12:00:00 AM,1839,2,2,0,1,CLEAR,DRY,False,SIDESWIPE-SAME DIRECTION,SIDESWIPE-SAME DIRECTION,STRAIGHT & LEVEL,DAYLIGHT,,,8/19/2020 8:44:07 AM,False,7484,Accepted,
27099264,0568000,LOUISVILLE METRO POLICE DEPT,Accepted,JEFFERSON,US0060,,SHELBYVILLE,RD,,,BIRCHAM,,,,,38.235952179,-85.476919522,13.552,8/17/2020 12:00:00 AM,1214,2,2,0,1,CLEAR,DRY,False,ANGLE COLLISION - OTHER,ANGLE,CURVE & GRADE,DAYLIGHT,,,8/19/2020 8:45:20 AM,False,7802,Accepted,
27099256,0568000,LOUISVILLE METRO POLICE DEPT,Accepted,JEFFERSON,KY1020,,2ND,ST,S,,ST CATHERINE,,,,,38.237060638,-85.756593352,11.507,8/17/2020 12:00:00 AM,1758,2,2,0,1,CLEAR,DRY,False,ANGLE COLLISION - OTHER,ANGLE,STRAIGHT & LEVEL,DAYLIGHT,,,8/19/2020 8:44:48 AM,False,5111,Accepted,
27099247,0568000,LOUISVILLE METRO POLICE DEPT,Accepted,JEFFERSON,,,DIXIE,HWY,,,BERNHEIM,,,,,38.221421214,-85.793252028,1.995,8/17/2020 12:00:00 AM,1830,2,2,0,2,CLEAR,DRY,True,ANGLE COLLISION - OTHER,ANGLE,STRAIGHT & LEVEL,DAYLIGHT,,,8/19/2020 8:44:15 AM,False,7656,Accepted,
27089153,0568000,LOUISVILLE METRO POLICE DEPT,Accepted,JEFFERSON,KY2054,,ALGONQUIN,PKWY,,US0031W,22ND,,,,,38.223342265,-85.795099194,1.504,8/17/2020 12:00:00 AM,0038,2,2,0,0,CLEAR,DRY,False,ANGLE COLLISION - OTHER,ANGLE,STRAIGHT & LEVEL,DARK-HWY LIGHTED/ON,,,8/17/2020 9:04:23 AM,False,7388,Accepted,
27094259,0568000,LOUISVILLE METRO POLICE DEPT,Accepted,JEFFERSON,US0060A,,EASTERN,PKWY,,,,,CASTLEVALE,,DAHLIA,38.225200737,-85.725302646,5.815,8/17/2020 12:00:00 AM,1231,2,2,0,0,CLEAR,DRY,False,1 VEHICLE PARKED POSITION (NOT PARKING LOT/DRIVEWAY),REAR END,STRAIGHT & GRADE,DAYLIGHT,,,8/18/2020 8:11:09 AM,False,2230,Accepted,
27094264,0568000,LOUISVILLE METRO POLICE DEPT,Accepted,JEFFERSON,KY1934,,CANE RUN,RD,,,TEAKWOOD,,,,,38.187471315,-85.851730370,8.049,8/17/2020 12:00:00 AM,1617,2,1,0,0,CLEAR,DRY,False,COLLISION WITH PEDESTRIAN IN INTERSECTION,SINGLE VEHICLE,STRAIGHT & LEVEL,DAYLIGHT,,,8/18/2020 8:11:27 AM,False,5282,Accepted,
27094265,0568000,LOUISVILLE METRO POLICE DEPT,Accepted,JEFFERSON,KY1934,,CANE RUN,RD,,,TEAKWOOD,,,,,38.187705165,-85.851584472,8.062,8/17/2020 12:00:00 AM,1641,2,2,0,0,CLEAR,DRY,False,OTHER INTERSECTION COLLISIONS,REAR END,STRAIGHT & LEVEL,DAYLIGHT,,,8/18/2020 8:11:30 AM,False,5282,Accepted,
27089152,0568000,LOUISVILLE METRO POLICE DEPT,Accepted,JEFFERSON,KY1065,,OUTER,LOOP,,,JUDGE,,,,,38.137897278,-85.669351109,7.016,8/17/2020 12:00:00 AM,0005,2,2,0,0,CLEAR,DRY,False,OTHER INTERSECTION COLLISIONS,REAR END,STRAIGHT & LEVEL,DARK-HWY NOT LIGHTED,,,8/17/2020 9:04:19 AM,False,5101,Accepted,
27094266,0568000,LOUISVILLE METRO POLICE DEPT,Accepted,JEFFERSON,,,BRECKINRIDGE,ST,E,US0031E,BAXTER,,,,,38.242749727,-85.726254122,,8/17/2020 12:00:00 AM,1820,2,1,0,1,CLEAR,DRY,False,COLLISION WITH PEDESTRIAN IN INTERSECTION,SINGLE VEHICLE,STRAIGHT & LEVEL,DAYLIGHT,,,8/18/2020 8:11:34 AM,False,7129,Accepted,
27094267,0568000,LOUISVILLE METRO POLICE DEPT,Accepted,JEFFERSON,KY0061,,PRESTON,HWY,,,GILLS,,,,,38.120563427,-85.677976723,2.633,8/17/2020 12:00:00 AM,1705,2,2,0,1,CLEAR,DRY,True,SIDESWIPE-SAME DIRECTION,SIDESWIPE-SAME DIRECTION,STRAIGHT & LEVEL,DAYLIGHT,,,8/18/2020 8:11:37 AM,False,7669,Accepted,
27094274,0568000,LOUISVILLE METRO POLICE DEPT,Accepted,JEFFERSON,KY1931,4600 BLK,MANSLICK,RD,,,,,,,,38.181878771,-85.799438250,7.420,8/17/2020 12:00:00 AM,2140,1,1,0,1,CLEAR,DRY,False,RAN OFF ROADWAY (1 VEHICLE WITH/EARTH EMBANKMENT/DITCH),SINGLE VEHICLE,STRAIGHT & LEVEL,DARK-HWY LIGHTED/ON,,,8/18/2020 8:12:02 AM,False,7040,Accepted,
27395417,0568000,LOUISVILLE METRO POLICE DEPT,Accepted,JEFFERSON,I 0065,,I65 S,,,I 0065,I65 S EXIT136 ON RAMP FROM  W CHESTNUT ST,,,,,38.246378347,-85.752268052,135.302,8/17/2020 12:00:00 AM,0530,2,2,0,0,CLOUDY,WET,False,OTHER INTERSECTION COLLISIONS,REAR END,STRAIGHT & LEVEL,DARK-HWY LIGHTED/ON,,,10/30/2020 8:33:31 AM,False,5275,Accepted,
27641302,0568000,LOUISVILLE METRO POLICE DEPT,Accepted,JEFFERSON,,4500 BLK,ALGONQUIN,PKWY,,,,,,,,38.232599272,-85.829274236,0.744,8/17/2020 12:00:00 AM,2053,2,2,0,2,CLEAR,DRY,True,1 VEHICLE ENTERING/LEAVING ENTRANCE,ANGLE,STRAIGHT & LEVEL,DARK-HWY LIGHTED/ON,,,1/6/2021 2:54:53 PM,False,7476,Accepted,
27276828,0568000,LOUISVILLE METRO POLICE DEPT,Accepted,JEFFERSON,US0031E,,BAXTER,AVE,,KY0864,CHESTNUT,,,,,38.251172810,-85.732949889,16.539,8/17/2020 12:00:00 AM,0630,2,1,0,0,CLEAR,DRY,False,COLLISION WITH BICYCLE IN INTERSECTION,SINGLE VEHICLE,STRAIGHT & LEVEL,DAWN,,,10/1/2020 8:17:50 AM,False,5275,Accepted,
27196651,0568000,LOUISVILLE METRO POLICE DEPT,Accepted,JEFFERSON,KY0841,,,,,,,,,,,38.119329086,-85.748128169,0.016,8/17/2020 12:00:00 AM,1129,2,2,0,1,CLEAR,DRY,False,OTHER RAMP RELATED COLLISIONS NOT LISTED ABOVE,REAR END,STRAIGHT & GRADE,DAYLIGHT,KY1020,KY0841,9/11/2020 8:10:38 AM,False,7221,Accepted,
27235932,0568000,LOUISVILLE METRO POLICE DEPT,Accepted,JEFFERSON,KY1065,,OUTER,LOOP,,,,,,,,38.126374291,-85.775668227,1.052,8/17/2020 12:00:00 AM,1833,3,3,0,0,CLEAR,DRY,False,1 VEHICLE ENTERING/LEAVING ENTRANCE,ANGLE,STRAIGHT & GRADE,DAYLIGHT,,,9/21/2020 9:10:24 AM,False,7221,Accepted,
27117900,0568000,LOUISVILLE METRO POLICE DEPT,Accepted,JEFFERSON,KY0061,6310,PRESTON,HWY,,,,,,,,38.160788250,-85.699191551,5.656,8/16/2020 12:00:00 AM,0011,2,2,1,1,CLEAR,DRY,False,1 VEHICLE ENTERING/LEAVING ENTRANCE,ANGLE,STRAIGHT & GRADE,DARK-HWY LIGHTED/ON,,,8/24/2020 8:16:38 AM,False,6886,Accepted,
27108216,0568000,LOUISVILLE METRO POLICE DEPT,Accepted,JEFFERSON,KY1020,,SOUTHSIDE,DR,,,KINGSTON,,,,,38.172846560,-85.764695795,7.084,8/16/2020 12:00:00 AM,1340,2,2,0,1,CLEAR,DRY,False,ANGLE COLLISION - OTHER,ANGLE,STRAIGHT & LEVEL,DAYLIGHT,,,8/21/2020 8:18:05 AM,False,7471,Accepted,
27108208,0568000,LOUISVILLE METRO POLICE DEPT,Accepted,JEFFERSON,KY1934,,CANE RUN,RD,,,SHANKS,,,,,38.195469865,-85.842660347,8.794,8/16/2020 12:00:00 AM,2135,2,2,1,1,CLEAR,DRY,False,ANGLE COLLISION - OTHER,ANGLE,STRAIGHT & LEVEL,DARK-HWY LIGHTED/ON,,,8/21/2020 8:17:03 AM,False,2217,Accepted,