IncidentID,AgencyORI,AgencyName,IncidentStatusDesc,County,RdwyNumber,Street,RoadwayName,StreetSfx,StreetDir,IntersectionRdwy,IntersectionRdwyName,BetweenStRdwy1,BetweenStRdwyName1,BetweenStRdwy2,BetweenStRdwyName2,Latitude,Longitude,Milepoint,CollisionDate,CollisionTime,UnitsInvolved,MotorVehiclesInvolved,NumberKilled,NumberInjured,Weather,RdwyConditionCode,HitandRun,DirAnalysisCode,MannerofCollision,RdwyCharacter,LightCondition,RampFromRdwyId,RampToRdwyId,AcceptedDate,IsSecondaryCollision,OwnerBadge,IncidentStatus,
27122840,0568000,LOUISVILLE METRO POLICE DEPT,Accepted,JEFFERSON,US0060A,,BERRY,BLVD,,,POWELL,,,,,38.196544892,-85.790240459,1.062,8/16/2020 12:00:00 AM,1941,3,3,0,2,CLEAR,DRY,False,ANGLE COLLISION - ONE VEHICLE TURNING LEFT,ANGLE,STRAIGHT & LEVEL,DAYLIGHT,,,8/25/2020 7:58:01 AM,False,5139,Accepted,
27137839,0568000,LOUISVILLE METRO POLICE DEPT,Accepted,JEFFERSON,I 0264,,I264 E,,,,,,,,,38.190364746,-85.727352169,12.200,8/16/2020 12:00:00 AM,1413,2,2,0,0,CLEAR,DRY,False,,REAR END,STRAIGHT & LEVEL,DAYLIGHT,,,8/28/2020 9:19:51 AM,False,7243,Accepted,
27144456,0568000,LOUISVILLE METRO POLICE DEPT,Accepted,JEFFERSON,I 0064,,I64 W,,,,,,,I 0064,I64 W EXIT8 OFF RAMP TO  GRINSTEAD DR,38.243093828,-85.695342879,8.215,8/16/2020 12:00:00 AM,0000,2,2,0,0,CLEAR,DRY,False,COLLISION WITH FIXED OBJECT NON - INTERSECTION - FIRST EVENT COLLISION 09 - 32 EXCLUDING 16,REAR END,STRAIGHT & LEVEL,DARK-HWY LIGHTED/ON,,,8/30/2020 11:00:52 AM,False,7544,Accepted,
27089159,0568000,LOUISVILLE METRO POLICE DEPT,Accepted,JEFFERSON,I 0071,,I71 S,,,,,,,,,38.328200836,-85.545969419,11.292,8/16/2020 12:00:00 AM,1915,5,5,0,5,CLEAR,DRY,False,OTHER ROADWAY OR MID-BLOCK COLLISION,REAR END,STRAIGHT & LEVEL,DAYLIGHT,,,8/17/2020 9:05:04 AM,False,7012,Accepted,
27089060,0568000,LOUISVILLE METRO POLICE DEPT,Accepted,JEFFERSON,I 0265,,I265 E,,,,,I 0265,I265 E EXIT23 OFF RAMP TO KY155,I 0265,I265 E EXIT23 ON RAMP FROM KY155,38.189304715,-85.509287200,23.164,8/16/2020 12:00:00 AM,0841,2,2,0,0,CLEAR,DRY,False,1 VEHICLE PARKED POSITION (NOT PARKING LOT/DRIVEWAY),REAR END,STRAIGHT & LEVEL,DAYLIGHT,,,8/17/2020 9:03:30 AM,True,2321,Accepted,
27089068,0568000,LOUISVILLE METRO POLICE DEPT,Accepted,JEFFERSON,KY1020,,NATIONAL,TPKE,,,RECOVERY,,,,,38.143709603,-85.756325886,4.877,8/16/2020 12:00:00 AM,1801,2,2,0,0,CLEAR,DRY,False,OTHER INTERSECTION COLLISIONS,REAR END,STRAIGHT & LEVEL,DAYLIGHT,,,8/17/2020 9:03:41 AM,False,7252,Accepted,
27089143,0568000,LOUISVILLE METRO POLICE DEPT,Accepted,JEFFERSON,KY0061,,PRESTON,ST,S,,ST CATHERINE,,,,,38.236212524,-85.749120129,11.619,8/16/2020 12:00:00 AM,1350,2,2,0,0,CLOUDY,DRY,False,ANGLE COLLISION - OTHER,ANGLE,STRAIGHT & LEVEL,DAYLIGHT,,,8/17/2020 9:03:53 AM,False,5221,Accepted,
27094258,0568000,LOUISVILLE METRO POLICE DEPT,Accepted,JEFFERSON,,,LOWER HUNTERS,TRCE,,,UPPER HUNTERS,,,,,38.157830416,-85.847686053,0.727,8/16/2020 12:00:00 AM,1500,2,2,0,0,CLEAR,DRY,True,OTHER INTERSECTION COLLISIONS,REAR END,STRAIGHT & LEVEL,DAYLIGHT,,,8/18/2020 8:11:05 AM,False,7524,Accepted,
27089051,0568000,LOUISVILLE METRO POLICE DEPT,Accepted,JEFFERSON,,,FLOYD,ST,S,,LIBERTY,,,,,38.252121664,-85.748542945,0.244,8/16/2020 12:00:00 AM,1640,2,2,0,0,CLEAR,DRY,False,ANGLE COLLISION - OTHER,ANGLE,STRAIGHT & LEVEL,DAYLIGHT,,,8/17/2020 9:02:47 AM,False,7239,Accepted,
27089162,0568000,LOUISVILLE METRO POLICE DEPT,Accepted,JEFFERSON,,2040,ALTA,AVE,,,,,,,,38.232087312,-85.704668991,0.098,8/16/2020 12:00:00 AM,2223,3,3,0,0,CLEAR,DRY,True,1 VEHICLE PARKED POSITION (NOT PARKING LOT/DRIVEWAY),SIDESWIPE-SAME DIRECTION,STRAIGHT & GRADE,DARK-HWY LIGHTED/OFF,,,8/17/2020 9:05:16 AM,False,5152,Accepted,
27089052,0568000,LOUISVILLE METRO POLICE DEPT,Accepted,JEFFERSON,KY2845,,MANSLICK,RD,E,,,,BRAEBURN RIDGE,KY0864,BEULAH CHURCH,38.127766449,-85.616518291,3.654,8/16/2020 12:00:00 AM,1512,1,1,0,1,CLEAR,DRY,False,RAN OFF ROADWAY (1 VEHICLE WITH/EARTH EMBANKMENT/DITCH),SINGLE VEHICLE,CURVE & GRADE,DAYLIGHT,,,8/17/2020 9:02:52 AM,False,2308,Accepted,
27089053,0568000,LOUISVILLE METRO POLICE DEPT,Accepted,JEFFERSON,,,NORTHERN SPY,DR,,,,,NORTHERN SPY,,APPLETREE,38.132058298,-85.620078193,0.120,8/16/2020 12:00:00 AM,1446,1,1,0,0,CLEAR,DRY,False,OTHER COLLISIONS ON SHOULDER,SINGLE VEHICLE,STRAIGHT & LEVEL,DAYLIGHT,,,8/17/2020 9:02:56 AM,False,6937,Accepted,
27089044,0568000,LOUISVILLE METRO POLICE DEPT,Accepted,JEFFERSON,,,RONAN,DR,,,,,,,,38.146793243,-85.872803894,0.068,8/16/2020 12:00:00 AM,0558,2,2,0,1,CLEAR,DRY,False,1 VEHICLE PARKED POSITION (NOT PARKING LOT/DRIVEWAY),ANGLE,STRAIGHT & LEVEL,DAWN,,,8/17/2020 9:01:56 AM,False,5170,Accepted,
27089033,0568000,LOUISVILLE METRO POLICE DEPT,Accepted,JEFFERSON,KY2841,16307,EASTWOOD CUT OFF,RD,,,,,,,,38.233812813,-85.448439987,0.506,8/16/2020 12:00:00 AM,0130,1,1,0,0,CLEAR,DRY,True,COLLISION WITH FIXED OBJECT NON - INTERSECTION - FIRST EVENT COLLISION 09 - 32 EXCLUDING 16,SINGLE VEHICLE,STRAIGHT & LEVEL,DARK-HWY NOT LIGHTED,,,8/17/2020 9:01:28 AM,False,7012,Accepted,
27108219,0568000,LOUISVILLE METRO POLICE DEPT,Accepted,JEFFERSON,,,MARKET,ST,W,US0031W,22ND,,,,,38.258526447,-85.786566655,0.001,8/16/2020 12:00:00 AM,2130,3,3,0,0,CLEAR,DRY,False,ANGLE COLLISION - OTHER,ANGLE,STRAIGHT & GRADE,DARK-HWY LIGHTED/ON,,,8/21/2020 8:19:38 AM,True,7416,Accepted,
27095840,KSP0600,KY STATE POLICE POST 06,Accepted,JEFFERSON,I 0071,,I71 S,,,,,,,,,38.308452310,-85.594913956,8.238,8/16/2020 12:00:00 AM,0740,1,1,0,0,CLEAR,DRY,False,RAN OFF ROADWAY (1 VEHICLE WITH/EARTH EMBANKMENT/DITCH),SINGLE VEHICLE,STRAIGHT & GRADE,DAYLIGHT,,,8/18/2020 1:48:58 PM,False,438,Accepted,
27122812,0568000,LOUISVILLE METRO POLICE DEPT,Accepted,JEFFERSON,,,9TH,ST,S,,,,,,,38.246943676,-85.766766058,0.008,8/16/2020 12:00:00 AM,0046,3,3,0,2,CLEAR,DRY,False,1 VEHICLE ENTERING/LEAVING ENTRANCE,ANGLE,STRAIGHT & LEVEL,DARK-HWY LIGHTED/ON,,,8/25/2020 7:56:29 AM,False,5148,Accepted,
27089149,0568000,LOUISVILLE METRO POLICE DEPT,Accepted,JEFFERSON,,,LINDSAY,AVE,,,CLARE,,,,,38.261171313,-85.704855813,0.144,8/16/2020 12:00:00 AM,1900,2,2,0,0,CLEAR,DRY,False,SIDESWIPE-SAME DIRECTION,SIDESWIPE-SAME DIRECTION,CURVE & HILLCREST,DAYLIGHT,,,8/17/2020 9:04:08 AM,False,2229,Accepted,
27094262,0568000,LOUISVILLE METRO POLICE DEPT,Accepted,JEFFERSON,I 0264,,I264 W,,,,,,,,,38.190293912,-85.752881724,10.875,8/16/2020 12:00:00 AM,1343,3,3,0,0,CLEAR,DRY,False,REAR END IN TRAFFIC LANES BOTH VEHICLES MOVING,REAR END,STRAIGHT & LEVEL,DAYLIGHT,,,8/18/2020 8:11:20 AM,False,7191,Accepted,
27089054,0568000,LOUISVILLE METRO POLICE DEPT,Accepted,JEFFERSON,,331,38TH,ST,N,,,,,,,38.268995367,-85.811012223,0.205,8/16/2020 12:00:00 AM,1402,3,3,0,2,CLEAR,DRY,False,VEHICLE BACKING NON INTERSECTION,BACKING,STRAIGHT & LEVEL,DAYLIGHT,,,8/17/2020 9:03:00 AM,False,7469,Accepted,
27089055,0568000,LOUISVILLE METRO POLICE DEPT,Accepted,JEFFERSON,,,PAGES,LN,W,,DEVONSHIRE,,,,,38.130840450,-85.868438465,1.122,8/16/2020 12:00:00 AM,1808,2,2,0,0,CLEAR,DRY,False,ANGLE COLLISION - ONE VEHICLE TURNING LEFT,ANGLE,STRAIGHT & LEVEL,DAYLIGHT,,,8/17/2020 9:03:04 AM,False,7485,Accepted,
27089139,0568000,LOUISVILLE METRO POLICE DEPT,Accepted,JEFFERSON,US0031E,3000,BARDSTOWN,RD,,,,,,,,38.215148084,-85.674368412,12.342,8/16/2020 12:00:00 AM,1358,1,1,0,0,CLOUDY,DRY,False,COLLISION IN PARKING LOT,SINGLE VEHICLE,STRAIGHT & LEVEL,DAYLIGHT,,,8/17/2020 9:03:46 AM,False,6813,Accepted,
27089147,0568000,LOUISVILLE METRO POLICE DEPT,Accepted,JEFFERSON,,,CONN,ST,,,GEORGETOWN,,,,,38.195917953,-85.793408227,0.565,8/16/2020 12:00:00 AM,1813,2,2,0,0,CLEAR,DRY,True,OTHER INTERSECTION COLLISIONS,REAR END,STRAIGHT & LEVEL,DAYLIGHT,,,8/17/2020 9:04:01 AM,False,5186,Accepted,
27089155,0568000,LOUISVILLE METRO POLICE DEPT,Accepted,JEFFERSON,,,UPPER HUNTERS,TRCE,,US0031W,DIXIE,,,,,38.168555308,-85.828584760,0.011,8/16/2020 12:00:00 AM,2014,3,3,0,1,CLEAR,DRY,False,OPPOSING LEFT TURN,OPPOSING LEFT TURN,STRAIGHT & LEVEL,DAYLIGHT,,,8/17/2020 9:04:32 AM,False,7115,Accepted,
27089048,0568000,LOUISVILLE METRO POLICE DEPT,Accepted,JEFFERSON,I 0065,,I65 S,,,I 0064,I64 S EXIT137 OFF RAMP,,,,,38.261423547,-85.742051734,136.654,8/16/2020 12:00:00 AM,0935,1,1,0,1,CLEAR,DRY,False,COLLISION WITH FIXED OBJECT IN INTERSECTION - FIRST EVENT COLLISION 09 - 32,SINGLE VEHICLE,STRAIGHT & GRADE,DAYLIGHT,,,8/17/2020 9:02:22 AM,False,2764,Accepted,
27089049,0568000,LOUISVILLE METRO POLICE DEPT,Accepted,JEFFERSON,I 0064,,,,,,,,,,,38.220319118,-85.581581736,0.032,8/16/2020 12:00:00 AM,1244,2,2,0,0,CLEAR,DRY,False,OTHER RAMP RELATED COLLISIONS NOT LISTED ABOVE,ANGLE,STRAIGHT & LEVEL,DAYLIGHT,I 0064,KY1747,8/17/2020 9:02:33 AM,False,5189,Accepted,
27089022,0568000,LOUISVILLE METRO POLICE DEPT,Accepted,JEFFERSON,,2220,MUHAMMAD ALI,BLVD,W,,,,,,,38.254534860,-85.788293490,1.964,8/16/2020 12:00:00 AM,0029,2,2,0,0,CLEAR,DRY,False,1 VEHICLE PARKED POSITION (NOT PARKING LOT/DRIVEWAY),REAR END,STRAIGHT & LEVEL,DARK-HWY LIGHTED/ON,,,8/17/2020 9:01:23 AM,False,7417,Accepted,
27088991,0568000,LOUISVILLE METRO POLICE DEPT,Accepted,JEFFERSON,KY0146,,LA GRANGE,RD,,,,,ALTAWOOD,,REAMERS,38.299694898,-85.503545993,8.492,8/15/2020 12:00:00 AM,0330,1,1,0,0,CLEAR,DRY,False,COLLISION WITH FIXED OBJECT NON - INTERSECTION - FIRST EVENT COLLISION 09 - 32 EXCLUDING 16,SINGLE VEHICLE,STRAIGHT & LEVEL,DARK-HWY NOT LIGHTED,,,8/17/2020 8:58:50 AM,False,7012,Accepted,
27089040,0568000,LOUISVILLE METRO POLICE DEPT,Accepted,JEFFERSON,KY1747,,HURSTBOURNE,PKWY,S,,,,,,,38.162756496,-85.613066202,6.842,8/15/2020 12:00:00 AM,2028,3,3,0,1,CLEAR,DRY,False,OTHER ROADWAY OR MID-BLOCK COLLISION,REAR END,STRAIGHT & LEVEL,DUSK,,,8/17/2020 9:01:34 AM,False,7474,Accepted,
27089056,0568000,LOUISVILLE METRO POLICE DEPT,Accepted,JEFFERSON,KY1020,,3RD,ST,S,US0060A,EASTERN,,,,,38.213830380,-85.762361631,9.874,8/15/2020 12:00:00 AM,1738,2,2,0,0,CLEAR,DRY,False,SIDESWIPE-SAME DIRECTION,SIDESWIPE-SAME DIRECTION,STRAIGHT & LEVEL,DAYLIGHT,,,8/17/2020 9:03:08 AM,False,7116,Accepted,
27089057,0568000,LOUISVILLE METRO POLICE DEPT,Accepted,JEFFERSON,US0031E,,BARDSTOWN,RD,,,HIGHLAND,,,,,38.240274400,-85.724269351,15.652,8/15/2020 12:00:00 AM,1815,2,2,0,0,CLEAR,DRY,False,ANGLE COLLISION - OTHER,ANGLE,STRAIGHT & LEVEL,DAYLIGHT,,,8/17/2020 9:03:12 AM,False,7116,Accepted,
27089016,0568000,LOUISVILLE METRO POLICE DEPT,Accepted,JEFFERSON,I 0065,,I65 N,,,,,,,,,38.118777590,-85.701620653,125.421,8/15/2020 12:00:00 AM,2331,1,1,0,0,CLEAR,DRY,False,COLLISION WITH FIXED OBJECT NON - INTERSECTION - FIRST EVENT COLLISION 09 - 32 EXCLUDING 16,SINGLE VEHICLE,CURVE & GRADE,DARK-HWY LIGHTED/ON,,,8/17/2020 9:01:15 AM,False,2737,Accepted,
27088998,0568000,LOUISVILLE METRO POLICE DEPT,Accepted,JEFFERSON,KY1631,,CRITTENDEN,DR,,,BOXLEY,,,,,38.205381876,-85.750832386,1.200,8/15/2020 12:00:00 AM,1247,2,2,0,2,CLEAR,DRY,False,SIDESWIPE-SAME DIRECTION,SIDESWIPE-SAME DIRECTION,STRAIGHT & LEVEL,DAYLIGHT,,,8/17/2020 8:59:26 AM,False,2499,Accepted,
27088999,0568000,LOUISVILLE METRO POLICE DEPT,Accepted,JEFFERSON,,1612,RICHMOND,DR,,,,,,,,38.221147616,-85.708808824,0.680,8/15/2020 12:00:00 AM,1417,2,2,0,0,CLEAR,DRY,False,1 VEHICLE PARKED POSITION (NOT PARKING LOT/DRIVEWAY),HEAD ON,STRAIGHT & LEVEL,DAYLIGHT,,,8/17/2020 8:59:30 AM,False,2100,Accepted,
27089004,0568000,LOUISVILLE METRO POLICE DEPT,Accepted,JEFFERSON,,1615,POPE LICK,RD,S,,,,,,,38.220303304,-85.515533311,3.179,8/15/2020 12:00:00 AM,1142,1,1,0,0,CLEAR,DRY,False,COLLISION WITH FIXED OBJECT NON - INTERSECTION - FIRST EVENT COLLISION 09 - 32 EXCLUDING 16,SINGLE VEHICLE,STRAIGHT & LEVEL,DAYLIGHT,,,8/17/2020 8:59:47 AM,False,7751,Accepted,
27089006,0568000,LOUISVILLE METRO POLICE DEPT,Accepted,JEFFERSON,KY3084,,OLD HENRY,RD,,,NELSON MILLER,,,,,38.267984831,-85.506294156,0.838,8/15/2020 12:00:00 AM,1310,2,2,0,0,CLEAR,DRY,False,OTHER INTERSECTION COLLISIONS,REAR END,STRAIGHT & GRADE,DAYLIGHT,,,8/17/2020 8:59:55 AM,False,7944,Accepted,
27089007,0568000,LOUISVILLE METRO POLICE DEPT,Accepted,JEFFERSON,US0031W,,DIXIE,HWY,,,,,STEPHAN,,PAGES,38.129445945,-85.848378414,10.442,8/15/2020 12:00:00 AM,1455,2,2,0,0,CLEAR,DRY,False,OTHER ROADWAY OR MID-BLOCK COLLISION,REAR END,STRAIGHT & LEVEL,DAYLIGHT,,,8/17/2020 9:00:00 AM,False,6877,Accepted,
27122829,0568000,LOUISVILLE METRO POLICE DEPT,Accepted,JEFFERSON,KY1703,,NEWBURG,RD,,,GARDINER,,,,,38.203189013,-85.690887521,2.396,8/15/2020 12:00:00 AM,1340,2,2,0,0,CLEAR,DRY,True,SIDESWIPE-SAME DIRECTION,SIDESWIPE-SAME DIRECTION,STRAIGHT & LEVEL,DAYLIGHT,,,8/25/2020 7:57:21 AM,False,5028,Accepted,
27103659,0568000,LOUISVILLE METRO POLICE DEPT,Accepted,JEFFERSON,US0060,,FRANKFORT,AVE,,KY2048,CANNONS,,,,,38.254066547,-85.670464037,2.734,8/15/2020 12:00:00 AM,1630,2,2,0,1,CLEAR,DRY,True,SIDESWIPE-SAME DIRECTION,SIDESWIPE-SAME DIRECTION,STRAIGHT & LEVEL,DAYLIGHT,,,8/20/2020 8:06:23 AM,False,2673,Accepted,
27085382,0566900,LOUISVILLE AIRPORT POLICE,Accepted,JEFFERSON,,4651,AIRFREIGHT,DR,,,,,,,,38.185046443,-85.745098476,0.342,8/15/2020 12:00:00 AM,0940,1,1,0,0,CLEAR,DRY,False,COLLISION IN PARKING LOT,SINGLE VEHICLE,STRAIGHT & LEVEL,DAYLIGHT,,,8/16/2020 7:16:56 AM,False,5832,Accepted,
27088994,0568000,LOUISVILLE METRO POLICE DEPT,Accepted,JEFFERSON,I 0065,,I65 N,,,,,I 0065,I65 N EXIT127 OFF RAMP TO KY1065,I 0065,I65 N EXIT125 ON RAMP,38.122157167,-85.701725859,125.654,8/15/2020 12:00:00 AM,0648,2,2,0,0,CLOUDY,DRY,False,REAR END IN TRAFFIC LANES BOTH VEHICLES MOVING,REAR END,STRAIGHT & LEVEL,DAWN,,,8/17/2020 8:59:05 AM,False,7397,Accepted,
27088995,0568000,LOUISVILLE METRO POLICE DEPT,Accepted,JEFFERSON,,1444,DIXIE,HWY,,,,,,,,38.229731338,-85.789914234,1.394,8/15/2020 12:00:00 AM,1057,2,2,0,0,CLEAR,DRY,False,1 VEHICLE PARKED POSITION (NOT PARKING LOT/DRIVEWAY),SIDESWIPE-SAME DIRECTION,STRAIGHT & LEVEL,DAYLIGHT,,,8/17/2020 8:59:11 AM,False,7381,Accepted,
27089001,0568000,LOUISVILLE METRO POLICE DEPT,Accepted,JEFFERSON,,,BLUEGRASS,AVE,,,,,,,,38.179488661,-85.784664341,0.776,8/15/2020 12:00:00 AM,1449,3,3,0,0,CLEAR,DRY,False,OTHER ROADWAY OR MID-BLOCK COLLISION,REAR END,STRAIGHT & LEVEL,DAYLIGHT,,,8/17/2020 8:59:39 AM,False,7667,Accepted,
27089003,0568000,LOUISVILLE METRO POLICE DEPT,Accepted,JEFFERSON,I 0065,,I65 S,,,,,,,,,38.107098309,-85.701340246,124.612,8/15/2020 12:00:00 AM,0044,2,2,0,0,CLEAR,DRY,False,1 VEHICLE ENTERING/LEAVING ENTRANCE,ANGLE,STRAIGHT & LEVEL,DARK-HWY LIGHTED/ON,,,8/17/2020 8:59:43 AM,False,7474,Accepted,
27089008,0568000,LOUISVILLE METRO POLICE DEPT,Accepted,JEFFERSON,KY1865,5533,NEW CUT,RD,,,,,,,,38.144739905,-85.774943721,2.593,8/15/2020 12:00:00 AM,1457,2,2,0,1,CLEAR,DRY,False,1 VEHICLE ENTERING/LEAVING ENTRANCE,ANGLE,STRAIGHT & LEVEL,DAYLIGHT,,,8/17/2020 9:00:08 AM,False,7232,Accepted,
27089009,0568000,LOUISVILLE METRO POLICE DEPT,Accepted,JEFFERSON,KY0907,,3RD ST,RD,,,SHOREWOOD,,,,,38.144877465,-85.776428116,6.219,8/15/2020 12:00:00 AM,1544,2,2,0,1,CLOUDY,DRY,False,ANGLE COLLISION - OTHER,ANGLE,STRAIGHT & LEVEL,DAYLIGHT,,,8/17/2020 9:00:24 AM,False,7232,Accepted,
27089045,0568000,LOUISVILLE METRO POLICE DEPT,Accepted,JEFFERSON,,,FEGENBUSH,LN,,,,,,,,38.183903545,-85.638263709,0.233,8/15/2020 12:00:00 AM,1959,2,2,0,3,CLOUDY,DRY,False,1 VEHICLE ENTERING/LEAVING ENTRANCE,ANGLE,STRAIGHT & LEVEL,DAYLIGHT,,,8/17/2020 9:02:02 AM,False,7851,Accepted,
27088992,0568000,LOUISVILLE METRO POLICE DEPT,Accepted,JEFFERSON,,,HILL,ST,W,,,,,,,38.228656903,-85.791974378,1.925,8/15/2020 12:00:00 AM,0310,2,2,0,0,CLEAR,DRY,False,1 VEHICLE PARKED POSITION (NOT PARKING LOT/DRIVEWAY),SIDESWIPE-OPPOSITE DIRECTION,STRAIGHT & LEVEL,DARK-HWY LIGHTED/ON,,,8/17/2020 8:58:53 AM,False,7312,Accepted,
27089000,0568000,LOUISVILLE METRO POLICE DEPT,Accepted,JEFFERSON,I 0065,,I65 N,,,,,I 0064,I64 N EXIT137 OFF RAMP,I 0064,I64 E EXIT5AB RAMP TO I65 N,38.261106959,-85.741750998,136.627,8/15/2020 12:00:00 AM,1448,1,1,0,0,CLEAR,DRY,False,OTHER COLLISIONS ON SHOULDER,SINGLE VEHICLE,CURVE & HILLCREST,DAYLIGHT,,,8/17/2020 8:59:34 AM,False,7058,Accepted,
27089011,0568000,LOUISVILLE METRO POLICE DEPT,Accepted,JEFFERSON,US0060A,,EASTERN,PKWY,,,BRADLEY,,,,,38.212490400,-85.747116989,4.279,8/15/2020 12:00:00 AM,2117,1,1,0,1,CLEAR,DRY,False,COLLISION WITH FIXED OBJECT IN INTERSECTION - FIRST EVENT COLLISION 09 - 32,SINGLE VEHICLE,CURVE & LEVEL,DARK-HWY LIGHTED/ON,,,8/17/2020 9:00:56 AM,False,5127,Accepted,
27117967,0568000,LOUISVILLE METRO POLICE DEPT,Accepted,JEFFERSON,,,DIXIE,HWY,,,LEE,,,,,38.227042353,-85.791014921,1.535,8/15/2020 12:00:00 AM,2100,2,1,0,0,CLEAR,DRY,True,COLLISION WITH PEDESTRIAN IN INTERSECTION,SINGLE VEHICLE,STRAIGHT & LEVEL,DARK-HWY LIGHTED/ON,,,8/24/2020 8:20:46 AM,False,7481,Accepted,
27134667,0561500,UNIV. OF LOUISVILLE POLICE,Accepted,JEFFERSON,,2030,4TH,ST,S,,,,,,,38.218200199,-85.763322798,2.676,8/14/2020 12:00:00 AM,1305,2,2,0,0,CLOUDY,DRY,True,OTHER ROADWAY OR MID-BLOCK COLLISION,REAR END,STRAIGHT & LEVEL,DAYLIGHT,,,8/27/2020 2:48:42 PM,False,5650,Accepted,
27211652,0568000,LOUISVILLE METRO POLICE DEPT,Accepted,JEFFERSON,,,LENTZ,AVE,,,CONN,,,,,38.195722838,-85.785694196,0.046,8/14/2020 12:00:00 AM,1620,2,2,0,1,CLEAR,DRY,True,ANGLE COLLISION - OTHER,ANGLE,STRAIGHT & LEVEL,DAYLIGHT,,,9/15/2020 8:28:51 AM,False,7450,Accepted,
27088984,0568000,LOUISVILLE METRO POLICE DEPT,Accepted,JEFFERSON,US0031W,,DIXIE,HWY,,,ST PAULS CHURCH,,,,,38.150564029,-85.836984178,12.058,8/14/2020 12:00:00 AM,1802,2,2,0,0,CLEAR,DRY,False,ANGLE COLLISION - OTHER,ANGLE,STRAIGHT & LEVEL,DAYLIGHT,,,8/17/2020 8:58:17 AM,False,7373,Accepted,
27089145,0568000,LOUISVILLE METRO POLICE DEPT,Accepted,JEFFERSON,KY1020,,3RD,ST,S,,,,,,,38.177928123,-85.766855841,7.540,8/14/2020 12:00:00 AM,1235,3,3,0,1,CLOUDY,DRY,False,REAR END IN TRAFFIC LANES BOTH VEHICLES MOVING,REAR END,STRAIGHT & LEVEL,DAYLIGHT,,,8/17/2020 9:03:57 AM,False,5052,Accepted,
27089161,0568000,LOUISVILLE METRO POLICE DEPT,Accepted,JEFFERSON,,4420,SARATOGA WOODS,DR,,,,,,,,38.173979929,-85.544717033,0.940,8/14/2020 12:00:00 AM,2130,1,1,0,0,CLEAR,DRY,False,COLLISION WITH FIXED OBJECT NON - INTERSECTION - FIRST EVENT COLLISION 09 - 32 EXCLUDING 16,SINGLE VEHICLE,STRAIGHT & HILLCREST,DARK-HWY LIGHTED/OFF,,,8/17/2020 9:05:12 AM,False,5014,Accepted,
27089010,0568000,LOUISVILLE METRO POLICE DEPT,Accepted,JEFFERSON,US0031E,,MARKET,ST,E,,,,1ST,,BROOK,38.254636603,-85.751361290,17.642,8/14/2020 12:00:00 AM,2220,2,2,0,1,CLEAR,DRY,False,1 VEHICLE PARKED POSITION (NOT PARKING LOT/DRIVEWAY),REAR END,STRAIGHT & LEVEL,DARK-HWY LIGHTED/ON,,,8/17/2020 9:00:35 AM,False,5275,Accepted,
27080454,0568000,LOUISVILLE METRO POLICE DEPT,Accepted,JEFFERSON,I 0064,,I64 W,,,,,,,,,38.259070406,-85.752097179,4.545,8/14/2020 12:00:00 AM,0837,1,1,0,0,RAINING,WET,False,OTHER ROADWAY OR MID-BLOCK COLLISION,SINGLE VEHICLE,STRAIGHT & LEVEL,DAYLIGHT,,,8/14/2020 2:44:10 PM,False,7772,Accepted,
27080455,0568000,LOUISVILLE METRO POLICE DEPT,Accepted,JEFFERSON,I 0065,,,,,,,,,,,38.113601049,-85.699279596,0.596,8/14/2020 12:00:00 AM,1006,1,1,0,0,RAINING,WET,False,COLLISION WITH FIXED OBJECT NOT IN GORE ,SINGLE VEHICLE,CURVE & GRADE,DAYLIGHT,I 0065,I 0065,8/14/2020 2:44:13 PM,False,7772,Accepted,
27088978,0568000,LOUISVILLE METRO POLICE DEPT,Accepted,JEFFERSON,KY1931,,ST ANDREWS CHURCH,RD,,,BLANTON,,,,,38.151813209,-85.819357178,4.417,8/14/2020 12:00:00 AM,1035,3,3,0,0,CLOUDY,WET,True,OTHER INTERSECTION COLLISIONS,REAR END,STRAIGHT & LEVEL,DAYLIGHT,,,8/17/2020 8:57:56 AM,False,7356,Accepted,
27088976,0568000,LOUISVILLE METRO POLICE DEPT,Accepted,JEFFERSON,KY1065,,OUTER,LOOP,,KY2052,SHEPHERDSVILLE,,,,,38.138978548,-85.657596270,7.656,8/14/2020 12:00:00 AM,0711,2,2,0,0,RAINING,WET,False,ANGLE COLLISION - ONE VEHICLE TURNING LEFT,ANGLE,STRAIGHT & LEVEL,DAWN,,,8/17/2020 8:57:47 AM,False,4693,Accepted,