IncidentID,AgencyORI,AgencyName,IncidentStatusDesc,County,RdwyNumber,Street,RoadwayName,StreetSfx,StreetDir,IntersectionRdwy,IntersectionRdwyName,BetweenStRdwy1,BetweenStRdwyName1,BetweenStRdwy2,BetweenStRdwyName2,Latitude,Longitude,Milepoint,CollisionDate,CollisionTime,UnitsInvolved,MotorVehiclesInvolved,NumberKilled,NumberInjured,Weather,RdwyConditionCode,HitandRun,DirAnalysisCode,MannerofCollision,RdwyCharacter,LightCondition,RampFromRdwyId,RampToRdwyId,AcceptedDate,IsSecondaryCollision,OwnerBadge,IncidentStatus,
27088977,0568000,LOUISVILLE METRO POLICE DEPT,Accepted,JEFFERSON,I 0065,,,,,I 0264,I264 W,,,,,38.191111465,-85.718535357,0.003,8/14/2020 12:00:00 AM,1637,2,2,0,1,CLEAR,DRY,False,OTHER INTERSECTION COLLISIONS,REAR END,STRAIGHT & LEVEL,DAYLIGHT,,,8/17/2020 8:57:52 AM,False,5233,Accepted,
27078917,0568000,LOUISVILLE METRO POLICE DEPT,Accepted,JEFFERSON,,,GRADE,LN,,,,,,,,38.158859093,-85.725140103,1.638,8/14/2020 12:00:00 AM,0413,2,2,0,4,RAINING,WET,False,OTHER ROADWAY OR MID-BLOCK COLLISION,OPPOSING LEFT TURN,STRAIGHT & LEVEL,DARK-HWY LIGHTED/ON,,,8/14/2020 8:06:15 AM,False,5189,Accepted,
27079342,0560400,SHIVELY POLICE DEPARTMENT,Accepted,JEFFERSON,,,15TH,ST,S,,HILL,,,,,38.227955397,-85.780124861,0.170,8/14/2020 12:00:00 AM,0020,2,2,0,0,CLEAR,DRY,True,OTHER INTERSECTION COLLISIONS,REAR END,STRAIGHT & LEVEL,UNKNOWN,,,8/14/2020 9:54:15 AM,False,7102,Accepted,
27080452,0568000,LOUISVILLE METRO POLICE DEPT,Accepted,JEFFERSON,,3419,BOHNE,AVE,,,,,,,,38.228274418,-85.813105775,0.347,8/14/2020 12:00:00 AM,0940,2,2,0,0,CLOUDY,WET,False,COLLISION IN PARKING LOT,BACKING,STRAIGHT & LEVEL,DAYLIGHT,,,8/14/2020 2:43:59 PM,False,7652,Accepted,
27088986,0568000,LOUISVILLE METRO POLICE DEPT,Accepted,JEFFERSON,,,7TH,ST,S,KY2054,ALGONQUIN,,,,,38.220068757,-85.777396028,0.001,8/14/2020 12:00:00 AM,0925,2,2,0,2,RAINING,WET,False,OTHER INTERSECTION COLLISIONS,REAR END,STRAIGHT & LEVEL,DAYLIGHT,,,8/17/2020 8:58:25 AM,False,5272,Accepted,
27078910,0568000,LOUISVILLE METRO POLICE DEPT,Accepted,JEFFERSON,,5603,ROBINWOOD,RD,,,,,,,,38.168440025,-85.666544246,0.532,8/14/2020 12:00:00 AM,0125,1,1,0,0,CLEAR,DRY,True,COLLISION WITH FIXED OBJECT NON - INTERSECTION - FIRST EVENT COLLISION 09 - 32 EXCLUDING 16,SINGLE VEHICLE,STRAIGHT & LEVEL,DARK-HWY LIGHTED/ON,,,8/14/2020 8:05:49 AM,False,7045,Accepted,
27078911,0568000,LOUISVILLE METRO POLICE DEPT,Accepted,JEFFERSON,I 0264,,I264 E,,,,,,,,,38.227570562,-85.821833583,3.691,8/14/2020 12:00:00 AM,0324,1,1,0,0,CLEAR,DRY,False,COLLISION WITH FIXED OBJECT NON - INTERSECTION - FIRST EVENT COLLISION 09 - 32 EXCLUDING 16,SINGLE VEHICLE,STRAIGHT & LEVEL,DARK-HWY LIGHTED/ON,,,8/14/2020 8:05:54 AM,False,7481,Accepted,
27103665,0568000,LOUISVILLE METRO POLICE DEPT,Accepted,JEFFERSON,US0031E,,BARDSTOWN,RD,,,PARIS,,,,,38.202016009,-85.663593339,11.272,8/14/2020 12:00:00 AM,1749,2,2,0,1,CLEAR,DRY,False,OPPOSING LEFT TURN,OPPOSING LEFT TURN,STRAIGHT & LEVEL,DAYLIGHT,,,8/20/2020 8:06:51 AM,False,5146,Accepted,
27108203,0568000,LOUISVILLE METRO POLICE DEPT,Accepted,JEFFERSON,US0060A,,TAYLOR,BLVD,,,CENTRAL,,,,,38.206330249,-85.776174438,2.292,8/14/2020 12:00:00 AM,1421,2,2,0,1,CLEAR,DRY,False,ANGLE COLLISION - OTHER,ANGLE,STRAIGHT & LEVEL,DAYLIGHT,,,8/21/2020 8:16:33 AM,False,7619,Accepted,
27122820,0568000,LOUISVILLE METRO POLICE DEPT,Accepted,JEFFERSON,,,BROOK,ST,S,,OAK,,,,,38.234437579,-85.753629757,2.069,8/14/2020 12:00:00 AM,2348,3,3,0,0,CLEAR,DRY,False,COLLISION WITH PARKED VEHICLE,SIDESWIPE-SAME DIRECTION,STRAIGHT & LEVEL,DARK-HWY LIGHTED/ON,,,8/25/2020 7:56:46 AM,False,7455,Accepted,
27128376,0561500,UNIV. OF LOUISVILLE POLICE,Accepted,JEFFERSON,,414,CHESTNUT,ST,E,,,,,,,38.247640721,-85.746081456,0.375,8/14/2020 12:00:00 AM,1244,2,2,0,0,CLEAR,DRY,True,COLLISION IN PARKING LOT,SIDESWIPE-OPPOSITE DIRECTION,STRAIGHT & LEVEL,OTHER,,,8/26/2020 9:41:27 AM,False,5672,Accepted,
27089013,0568000,LOUISVILLE METRO POLICE DEPT,Accepted,JEFFERSON,KY2048,,DUTCHMANS,LN,,,,,,,,38.223765806,-85.655680588,0.174,8/14/2020 12:00:00 AM,2052,2,2,0,0,CLEAR,DRY,False,OTHER ROADWAY OR MID-BLOCK COLLISION,REAR TO REAR,STRAIGHT & LEVEL,DARK-HWY NOT LIGHTED,,,8/17/2020 9:01:06 AM,False,5104,Accepted,
27080456,0568000,LOUISVILLE METRO POLICE DEPT,Accepted,JEFFERSON,US0031E,,BARDSTOWN,RD,,,,,ALTA,,STEVENS,38.231278316,-85.706628022,14.480,8/14/2020 12:00:00 AM,1144,2,2,0,0,CLEAR,DRY,False,SIDESWIPE COLLISION - SAME DIRECTION,SIDESWIPE-SAME DIRECTION,STRAIGHT & LEVEL,DAYLIGHT,,,8/14/2020 2:44:17 PM,False,2100,Accepted,
27082989,0560400,SHIVELY POLICE DEPARTMENT,Accepted,JEFFERSON,US0031W,4700B,DIXIE,HWY,,KY2051,ROCKFORD,,,,,38.174505546,-85.823364557,13.827,8/14/2020 12:00:00 AM,1332,2,2,0,0,CLOUDY,DRY,False,ANGLE COLLISION - OTHER,ANGLE,STRAIGHT & LEVEL,DAYLIGHT,,,8/15/2020 10:27:59 AM,False,7103,Accepted,
27078912,0568000,LOUISVILLE METRO POLICE DEPT,Accepted,JEFFERSON,I 0064,,I64 E,,,,,,,,,38.275214443,-85.811513164,0.884,8/14/2020 12:00:00 AM,0200,1,1,0,0,CLEAR,DRY,False,COLLISION WITH FIXED OBJECT NON - INTERSECTION - FIRST EVENT COLLISION 09 - 32 EXCLUDING 16,SINGLE VEHICLE,CURVE & GRADE,DARK-HWY LIGHTED/ON,,,8/14/2020 8:05:57 AM,False,5164,Accepted,
27078918,0568000,LOUISVILLE METRO POLICE DEPT,Accepted,JEFFERSON,KY0146,,LA GRANGE,RD,,I 0265,I265 N EXIT30 OFF RAMP KY146 TO,,,,,38.288239178,-85.513148533,7.465,8/14/2020 12:00:00 AM,0634,2,2,0,1,RAINING,WET,False,ANGLE COLLISION - OTHER,ANGLE,STRAIGHT & LEVEL,DARK-HWY LIGHTED/ON,,,8/14/2020 8:06:19 AM,False,6931,Accepted,
27079330,0568000,LOUISVILLE METRO POLICE DEPT,Accepted,JEFFERSON,I 0065,,I65 S,,,,,,,,,38.185262867,-85.724784625,130.299,8/14/2020 12:00:00 AM,0800,2,2,0,1,RAINING,WET,False,SIDESWIPE COLLISION - SAME DIRECTION,SIDESWIPE-SAME DIRECTION,CURVE & GRADE,DARK-HWY NOT LIGHTED,,,8/14/2020 9:49:19 AM,False,6886,Accepted,
27089046,0568000,LOUISVILLE METRO POLICE DEPT,Accepted,JEFFERSON,,,28TH,ST,S,,VIRGINIA,,,,,38.238112116,-85.800289271,1.596,8/14/2020 12:00:00 AM,2205,2,2,0,0,CLEAR,DRY,False,ANGLE COLLISION - OTHER,ANGLE,STRAIGHT & LEVEL,DARK-HWY LIGHTED/ON,,,8/17/2020 9:02:09 AM,False,5239,Accepted,
27089047,0568000,LOUISVILLE METRO POLICE DEPT,Accepted,JEFFERSON,US0031W,,DIXIE,HWY,,,,,,,,38.040276398,-85.905566598,3.433,8/14/2020 12:00:00 AM,0632,2,2,0,0,RAINING,WATER (STANDING OR MOVING),False,1 VEHICLE ENTERING/LEAVING ENTRANCE,ANGLE,STRAIGHT & LEVEL,DAWN,,,8/17/2020 9:02:16 AM,False,7634,Accepted,
27088997,0568000,LOUISVILLE METRO POLICE DEPT,Accepted,JEFFERSON,KY0864,,POPLAR LEVEL,RD,,,NAOMI,,,,,38.165480785,-85.680502157,8.732,8/14/2020 12:00:00 AM,1555,4,4,0,1,CLEAR,DRY,False,OTHER INTERSECTION COLLISIONS,REAR END,STRAIGHT & LEVEL,DAYLIGHT,,,8/17/2020 8:59:22 AM,False,5019,Accepted,
27083380,KSP0400,KY STATE POLICE POST 04,Accepted,JEFFERSON,I 0265,,I265 W,,,,,,,,,38.114775595,-85.700347824,10.313,8/14/2020 12:00:00 AM,1600,1,1,0,0,CLEAR,DRY,False,OTHER ROADWAY OR MID-BLOCK COLLISION,SINGLE VEHICLE,STRAIGHT & LEVEL,DAYLIGHT,,,8/15/2020 3:40:52 PM,False,334,Accepted,
27088989,0568000,LOUISVILLE METRO POLICE DEPT,Accepted,JEFFERSON,I 0064,,I64 W,,,,,,,,,38.225657888,-85.585542826,14.479,8/14/2020 12:00:00 AM,2101,2,2,0,0,CLOUDY,DRY,False,REAR END IN TRAFFIC LANES BOTH VEHICLES MOVING,REAR END,STRAIGHT & LEVEL,DUSK,,,8/17/2020 8:58:42 AM,False,5004,Accepted,
27088990,0568000,LOUISVILLE METRO POLICE DEPT,Accepted,JEFFERSON,KY1865,,TAYLOR,BLVD,,,BLUEGRASS,,,,,38.179601018,-85.783266244,5.030,8/14/2020 12:00:00 AM,2135,2,2,0,1,CLEAR,DRY,False,OPPOSING LEFT TURN,OPPOSING LEFT TURN,STRAIGHT & LEVEL,DARK-HWY LIGHTED/ON,,,8/17/2020 8:58:46 AM,False,5284,Accepted,
27088988,0568000,LOUISVILLE METRO POLICE DEPT,Accepted,JEFFERSON,,123,25TH,ST,N,,,,,,,38.261465106,-85.791104385,0.700,8/14/2020 12:00:00 AM,1907,2,1,0,1,CLEAR,DRY,True,COLLISION WITH BICYCLIST NON INTERSECTION,SINGLE VEHICLE,STRAIGHT & LEVEL,DAYLIGHT,,,8/17/2020 8:58:38 AM,False,7430,Accepted,
27088980,0568000,LOUISVILLE METRO POLICE DEPT,Accepted,JEFFERSON,,,ARNOLDTOWN,RD,,KY1931,ST ANDREWS CHURCH,,,,,38.149497614,-85.824140890,0.004,8/14/2020 12:00:00 AM,1513,2,2,0,0,CLOUDY,DRY,False,OTHER INTERSECTION COLLISIONS,REAR END,STRAIGHT & LEVEL,DAYLIGHT,,,8/17/2020 8:58:01 AM,False,7356,Accepted,
27088996,0568000,LOUISVILLE METRO POLICE DEPT,Accepted,JEFFERSON,US0031E,,BARDSTOWN,RD,,,GOLDSMITH,,,,,38.208337817,-85.669062227,11.773,8/14/2020 12:00:00 AM,2340,2,1,1,0,CLEAR,DRY,False,COLLISION WITH PEDESTRIAN IN INTERSECTION,SINGLE VEHICLE,STRAIGHT & GRADE,DARK-HWY NOT LIGHTED,,,8/17/2020 8:59:18 AM,False,6886,Accepted,
27076213,0561000,JEFFERSONTOWN POLICE DEPT,Accepted,JEFFERSON,KY1747,,HURSTBOURNE,PKWY,S,,,,BLUEGRASS,,BUNSEN,38.219794060,-85.582241529,11.664,8/13/2020 12:00:00 AM,1335,2,2,0,0,CLOUDY,DRY,False,OTHER ROADWAY OR MID-BLOCK COLLISION,REAR END,STRAIGHT & LEVEL,DAYLIGHT,,,8/13/2020 3:21:59 PM,False,8267,Accepted,
27078896,0568000,LOUISVILLE METRO POLICE DEPT,Accepted,JEFFERSON,I 0064,,I64 W,,,,,,,,,38.261491934,-85.734529770,5.541,8/13/2020 12:00:00 AM,1750,1,1,0,1,CLOUDY,WET,False,OTHER ROADWAY OR MID-BLOCK COLLISION,SINGLE VEHICLE,STRAIGHT & LEVEL,DAYLIGHT,,,8/14/2020 8:04:59 AM,False,6360,Accepted,
27078904,0568000,LOUISVILLE METRO POLICE DEPT,Accepted,JEFFERSON,,,JEFFERSON,CT,,KY0061,PRESTON,,,,,38.205598301,-85.736725249,0.002,8/13/2020 12:00:00 AM,1218,2,2,0,0,CLOUDY,DRY,False,OPPOSING LEFT TURN,OPPOSING LEFT TURN,STRAIGHT & LEVEL,DAYLIGHT,,,8/14/2020 8:05:27 AM,False,6148,Accepted,
27080457,0568000,LOUISVILLE METRO POLICE DEPT,Accepted,JEFFERSON,US0031E,,BARDSTOWN,RD,,,,,,,,38.232574039,-85.710286747,14.696,8/13/2020 12:00:00 AM,1045,2,2,0,0,CLOUDY,DRY,False,1 VEHICLE ENTERING/LEAVING ENTRANCE,ANGLE,STRAIGHT & LEVEL,DAYLIGHT,,,8/14/2020 2:44:20 PM,False,2738,Accepted,
27076088,0568000,LOUISVILLE METRO POLICE DEPT,Accepted,JEFFERSON,US0031E,,BARDSTOWN,RD,,,VILLAGE,,,,,38.225680557,-85.696501296,13.797,8/13/2020 12:00:00 AM,1250,3,3,0,0,CLEAR,DRY,False,ANGLE COLLISION - OTHER,ANGLE,STRAIGHT & LEVEL,DAYLIGHT,,,8/13/2020 2:50:37 PM,False,7793,Accepted,
27117914,0568000,LOUISVILLE METRO POLICE DEPT,Accepted,JEFFERSON,US0060A,,EASTERN,PKWY,,,BRADLEY,,,,,38.212460706,-85.747083090,4.281,8/13/2020 12:00:00 AM,0630,2,2,0,3,RAINING,WET,False,HEAD-ON COLLISION,HEAD ON,CURVE & LEVEL,DAYLIGHT,,,8/24/2020 8:17:38 AM,False,7322,Accepted,
27078913,0568000,LOUISVILLE METRO POLICE DEPT,Accepted,JEFFERSON,,5516,BROKERS TIP,LN,,,,,,,,38.120684978,-85.873215912,0.178,8/13/2020 12:00:00 AM,2355,2,2,0,0,RAINING,DRY,True,1 VEHICLE PARKED POSITION (NOT PARKING LOT/DRIVEWAY),HEAD ON,STRAIGHT & LEVEL,DARK-HWY LIGHTED/OFF,,,8/14/2020 8:06:00 AM,False,5136,Accepted,
27078921,0568000,LOUISVILLE METRO POLICE DEPT,Accepted,JEFFERSON,KY0061,,PRESTON,HWY,,KY1747,FERN VALLEY,,,,,38.156930382,-85.697124343,5.341,8/13/2020 12:00:00 AM,2330,3,3,0,1,CLOUDY,DRY,False,OTHER INTERSECTION COLLISIONS,REAR END,STRAIGHT & LEVEL,DARK-HWY LIGHTED/ON,,,8/14/2020 8:06:57 AM,False,5165,Accepted,
27094270,0568000,LOUISVILLE METRO POLICE DEPT,Accepted,JEFFERSON,,,CHESTNUT,ST,E,,FLOYD,,,,,38.248009368,-85.749318139,0.197,8/13/2020 12:00:00 AM,2217,2,1,0,1,CLOUDY,DRY,True,COLLISION WITH PEDESTRIAN IN INTERSECTION,SINGLE VEHICLE,,DUSK,,,8/18/2020 8:11:51 AM,False,7904,Accepted,
27099260,0568000,LOUISVILLE METRO POLICE DEPT,Accepted,JEFFERSON,I 0264,,I264 W,,,I 0264,I264 W EXIT9 OFF RAMP TO KY1865,,,,,38.189722466,-85.779289445,9.457,8/13/2020 12:00:00 AM,1712,2,2,0,1,CLOUDY,WET,False,OTHER INTERSECTION COLLISIONS,REAR END,STRAIGHT & LEVEL,DAYLIGHT,,,8/19/2020 8:45:04 AM,False,7398,Accepted,
27076085,0568000,LOUISVILLE METRO POLICE DEPT,Accepted,JEFFERSON,KY1450,,BLUE LICK,RD,,,,,,,,38.133753764,-85.684194876,3.540,8/13/2020 12:00:00 AM,0847,2,2,0,1,CLOUDY,DRY,True,REAR END IN TRAFFIC LANES BOTH VEHICLES MOVING,REAR END,,DAYLIGHT,,,8/13/2020 2:50:26 PM,False,4693,Accepted,
27076086,0568000,LOUISVILLE METRO POLICE DEPT,Accepted,JEFFERSON,KY0841,,GENE SNYDER,FWY,,,,,,,,38.321552858,-85.614951181,36.585,8/13/2020 12:00:00 AM,1022,2,2,0,0,CLOUDY,DRY,False,REAR END IN TRAFFIC LANES BOTH VEHICLES MOVING,REAR END,STRAIGHT & LEVEL,DAYLIGHT,,,8/13/2020 2:50:29 PM,False,4903,Accepted,
27078893,0568000,LOUISVILLE METRO POLICE DEPT,Accepted,JEFFERSON,,1062,EVERETT,AVE,,,,,,,,38.240641678,-85.719358468,0.641,8/13/2020 12:00:00 AM,1556,2,2,0,0,RAINING,WET,False,1 VEHICLE PARKED POSITION (NOT PARKING LOT/DRIVEWAY),REAR END,STRAIGHT & LEVEL,OTHER,,,8/14/2020 8:04:44 AM,False,5006,Accepted,
27078894,0568000,LOUISVILLE METRO POLICE DEPT,Accepted,JEFFERSON,I 0065,,I65 N,,,,,,,,,38.153907124,-85.715928348,128.000,8/13/2020 12:00:00 AM,1358,2,2,0,1,RAINING,WET,False,SIDESWIPE COLLISION - SAME DIRECTION,SIDESWIPE-SAME DIRECTION,STRAIGHT & LEVEL,DAYLIGHT,,,8/14/2020 8:04:50 AM,False,2217,Accepted,
27078901,0568000,LOUISVILLE METRO POLICE DEPT,Accepted,JEFFERSON,,231,OAK,ST,E,,,,FLOYD,,BROOK,38.234253608,-85.751993019,0.183,8/13/2020 12:00:00 AM,1736,2,2,0,0,RAINING,WET,False,SIDESWIPE COLLISION - SAME DIRECTION,SIDESWIPE-SAME DIRECTION,STRAIGHT & LEVEL,DAYLIGHT,,,8/14/2020 8:05:17 AM,False,7689,Accepted,
27078902,0568000,LOUISVILLE METRO POLICE DEPT,Accepted,JEFFERSON,,7500,MESQUITE,CT,,,,,,,,38.145627415,-85.856200452,0.005,8/13/2020 12:00:00 AM,1820,1,1,0,0,CLOUDY,DRY,False,COLLISION IN PARKING LOT,SINGLE VEHICLE,STRAIGHT & LEVEL,DAYLIGHT,,,8/14/2020 8:05:20 AM,False,7980,Accepted,
27103660,0568000,LOUISVILLE METRO POLICE DEPT,Accepted,JEFFERSON,US0042,3100,BROWNSBORO,RD,,,,,,,,38.262021317,-85.681631256,2.989,8/13/2020 12:00:00 AM,1215,1,1,0,0,CLEAR,DRY,False,COLLISION WITH ANIMAL NON INTERSECTION,SINGLE VEHICLE,STRAIGHT & LEVEL,DAYLIGHT,,,8/20/2020 8:06:26 AM,False,2738,Accepted,
27078909,0568000,LOUISVILLE METRO POLICE DEPT,Accepted,JEFFERSON,KY1934,,GREENBELT,HWY,,,DISTRIBUTION,,,,,38.150616664,-85.886198424,4.714,8/13/2020 12:00:00 AM,2250,2,2,0,1,CLEAR,DRY,False,ANGLE COLLISION - OTHER,ANGLE,STRAIGHT & LEVEL,DARK-HWY LIGHTED/ON,,,8/14/2020 8:05:45 AM,False,5059,Accepted,
27078916,0568000,LOUISVILLE METRO POLICE DEPT,Accepted,JEFFERSON,,,DENNY CRUM OVERPASS,,,,,,,,,38.203815479,-85.760460325,0.200,8/13/2020 12:00:00 AM,2321,2,2,0,1,CLEAR,DRY,False,HEAD-ON COLLISION,HEAD ON,STRAIGHT & HILLCREST,DUSK,,,8/14/2020 8:06:12 AM,False,7291,Accepted,
27078892,0568000,LOUISVILLE METRO POLICE DEPT,Accepted,JEFFERSON,,200 BLK,OAK,ST,E,,,,,,,38.234308967,-85.752370659,0.163,8/13/2020 12:00:00 AM,1706,2,2,0,0,RAINING,WET,False,OTHER ROADWAY OR MID-BLOCK COLLISION,REAR END,STRAIGHT & LEVEL,DAYLIGHT,,,8/14/2020 8:04:34 AM,False,5111,Accepted,
27078899,0568000,LOUISVILLE METRO POLICE DEPT,Accepted,JEFFERSON,KY2055,9716,MANSLICK,RD,W,,,,,,,38.115016992,-85.783690975,3.043,8/13/2020 12:00:00 AM,1734,2,2,0,1,CLOUDY,WET,False,REAR END IN TRAFFIC LANES BOTH VEHICLES MOVING,REAR END,STRAIGHT & HILLCREST,DAYLIGHT,,,8/14/2020 8:05:10 AM,False,7483,Accepted,
27078900,0568000,LOUISVILLE METRO POLICE DEPT,Accepted,JEFFERSON,KY1020,,2ND,ST,S,,,,CHESTNUT,,GUTHRIE,38.248875338,-85.754548127,12.271,8/13/2020 12:00:00 AM,1811,2,2,0,1,CLOUDY,WET,False,REAR END IN TRAFFIC LANES BOTH VEHICLES MOVING,REAR END,STRAIGHT & LEVEL,DAYLIGHT,,,8/14/2020 8:05:13 AM,False,5173,Accepted,
27080947,0566900,LOUISVILLE AIRPORT POLICE,Accepted,JEFFERSON,,600,TERMINAL,DR,,,,,,,,38.186302275,-85.742393880,0.267,8/13/2020 12:00:00 AM,1050,1,1,0,0,CLEAR,DRY,True,COLLISION IN PARKING LOT,SINGLE VEHICLE,STRAIGHT & LEVEL,DAYLIGHT,,,8/14/2020 4:46:32 PM,False,5826,Accepted,
27078897,0568000,LOUISVILLE METRO POLICE DEPT,Accepted,JEFFERSON,I 0064,,I64 E,,,,,,,,,38.260894437,-85.734848352,5.863,8/13/2020 12:00:00 AM,1820,1,1,0,0,CLOUDY,WET,False,OTHER ROADWAY OR MID-BLOCK COLLISION,SINGLE VEHICLE,CURVE & LEVEL,DAYLIGHT,,,8/14/2020 8:05:03 AM,False,6360,Accepted,
27078906,0568000,LOUISVILLE METRO POLICE DEPT,Accepted,JEFFERSON,,,NORTHWESTERN,PKWY,,,16TH,,,,,38.263680604,-85.773828146,0.077,8/13/2020 12:00:00 AM,2225,2,2,0,0,CLEAR,DRY,False,VEHICLE BACKING IN INTERSECTION,BACKING,STRAIGHT & LEVEL,DARK-HWY LIGHTED/ON,,,8/14/2020 8:05:33 AM,False,7085,Accepted,
27078914,0568000,LOUISVILLE METRO POLICE DEPT,Accepted,JEFFERSON,,400B,KINGSTON,AVE,W,,,,4TH,,CHRISTOPHER,38.173934477,-85.770617912,0.386,8/13/2020 12:00:00 AM,2023,2,2,0,0,CLEAR,DRY,False,1 VEHICLE PARKED POSITION (NOT PARKING LOT/DRIVEWAY),ANGLE,STRAIGHT & LEVEL,DUSK,,,8/14/2020 8:06:03 AM,False,7010,Accepted,
27078915,0568000,LOUISVILLE METRO POLICE DEPT,Accepted,JEFFERSON,,,3RD,ST,S,KY2801,SOUTHERN HEIGHTS,,,,,38.189167064,-85.764882441,0.789,8/13/2020 12:00:00 AM,2206,2,2,0,1,CLEAR,DRY,False,ANGLE COLLISION - OTHER,ANGLE,STRAIGHT & LEVEL,DARK-HWY LIGHTED/ON,,,8/14/2020 8:06:07 AM,False,7010,Accepted,
27094250,0568000,LOUISVILLE METRO POLICE DEPT,Accepted,JEFFERSON,KY1020,,NATIONAL,TPKE,,,,,,,,38.115732332,-85.747841219,2.913,8/13/2020 12:00:00 AM,1300,3,3,0,0,RAINING,WET,False,REAR END IN TRAFFIC LANES BOTH VEHICLES MOVING,REAR END,STRAIGHT & LEVEL,DAYLIGHT,,,8/18/2020 8:10:43 AM,False,7080,Accepted,
27094251,0568000,LOUISVILLE METRO POLICE DEPT,Accepted,JEFFERSON,,,INDIAN,TRL,W,,MARIGOLD,,,,,38.166580480,-85.708048393,0.215,8/13/2020 12:00:00 AM,1917,2,2,0,0,CLEAR,DRY,False,ANGLE COLLISION - OTHER,ANGLE,STRAIGHT & LEVEL,DAYLIGHT,,,8/18/2020 8:10:48 AM,False,5053,Accepted,
27089058,0568000,LOUISVILLE METRO POLICE DEPT,Accepted,JEFFERSON,I 0065,,I65 N,,,,,,,,,38.152641975,-85.715173111,127.903,8/12/2020 12:00:00 AM,1441,2,2,0,0,CLOUDY,DRY,False,1 VEHICLE ENTERING/LEAVING ENTRANCE,ANGLE,STRAIGHT & GRADE,DAYLIGHT,,,8/17/2020 9:03:19 AM,False,8278,Accepted,
27074151,0568000,LOUISVILLE METRO POLICE DEPT,Accepted,JEFFERSON,KY1931,,ST ANDREWS CHURCH,RD,,,CARDINAL OAKS,,,,,38.152691187,-85.817644530,4.532,8/12/2020 12:00:00 AM,1349,2,2,0,0,CLEAR,DRY,False,ANGLE COLLISION - OTHER,ANGLE,STRAIGHT & LEVEL,DAYLIGHT,,,8/13/2020 8:08:06 AM,False,7267,Accepted,
27074139,0568000,LOUISVILLE METRO POLICE DEPT,Accepted,JEFFERSON,US0150,,BROADWAY,,W,,10TH,,,,,38.247167867,-85.768270862,1.833,8/12/2020 12:00:00 AM,0940,3,3,0,1,CLOUDY,DRY,True,SIDESWIPE-SAME DIRECTION,SIDESWIPE-SAME DIRECTION,STRAIGHT & LEVEL,DAYLIGHT,,,8/13/2020 8:07:06 AM,False,6360,Accepted,
27074138,0568000,LOUISVILLE METRO POLICE DEPT,Accepted,JEFFERSON,,9410,HUDSON,LN,,,,,,,,38.168349898,-85.582583934,0.103,8/12/2020 12:00:00 AM,1245,1,1,0,0,CLEAR,DRY,False,COLLISION WITH FIXED OBJECT NON - INTERSECTION - FIRST EVENT COLLISION 09 - 32 EXCLUDING 16,SINGLE VEHICLE,STRAIGHT & LEVEL,DAYLIGHT,,,8/13/2020 8:07:03 AM,False,7486,Accepted,
27074140,0568000,LOUISVILLE METRO POLICE DEPT,Accepted,JEFFERSON,KY1065,,OUTER,LOOP,,,,,,,,38.136984894,-85.706818900,4.923,8/12/2020 12:00:00 AM,1300,2,2,0,0,CLOUDY,DRY,False,SIDESWIPE COLLISION - SAME DIRECTION,SIDESWIPE-SAME DIRECTION,STRAIGHT & LEVEL,DAYLIGHT,,,8/13/2020 8:07:10 AM,False,4693,Accepted,
27074142,0568000,LOUISVILLE METRO POLICE DEPT,Accepted,JEFFERSON,,,VIRGINIA,AVE,,,,,,,,38.239323178,-85.813942407,0.971,8/12/2020 12:00:00 AM,0740,1,1,0,0,CLEAR,DRY,False,COLLISION WITH FIXED OBJECT NON - INTERSECTION - FIRST EVENT COLLISION 09 - 32 EXCLUDING 16,SINGLE VEHICLE,CURVE & HILLCREST,DAYLIGHT,,,8/13/2020 8:07:17 AM,False,7357,Accepted,
27074157,0568000,LOUISVILLE METRO POLICE DEPT,Accepted,JEFFERSON,,201,CLUB OAK,CT,,,,,,,,38.246222411,-85.547831261,0.067,8/12/2020 12:00:00 AM,1400,2,2,0,0,CLEAR,DRY,True,1 VEHICLE PARKED POSITION (NOT PARKING LOT/DRIVEWAY),REAR END,CURVE & LEVEL,DAYLIGHT,,,8/13/2020 8:08:34 AM,False,7355,Accepted,