IncidentID,AgencyORI,AgencyName,IncidentStatusDesc,County,RdwyNumber,Street,RoadwayName,StreetSfx,StreetDir,IntersectionRdwy,IntersectionRdwyName,BetweenStRdwy1,BetweenStRdwyName1,BetweenStRdwy2,BetweenStRdwyName2,Latitude,Longitude,Milepoint,CollisionDate,CollisionTime,UnitsInvolved,MotorVehiclesInvolved,NumberKilled,NumberInjured,Weather,RdwyConditionCode,HitandRun,DirAnalysisCode,MannerofCollision,RdwyCharacter,LightCondition,RampFromRdwyId,RampToRdwyId,AcceptedDate,IsSecondaryCollision,OwnerBadge,IncidentStatus,
27074158,0568000,LOUISVILLE METRO POLICE DEPT,Accepted,JEFFERSON,KY1931,,MANSLICK,RD,,,ANNA,,,,,38.181267159,-85.799202999,7.378,8/12/2020 12:00:00 AM,1638,1,1,0,2,CLOUDY,DRY,False,OTHER INTERSECTION COLLISIONS,SINGLE VEHICLE,STRAIGHT & LEVEL,DAYLIGHT,,,8/13/2020 8:08:40 AM,False,7204,Accepted,
27074155,0568000,LOUISVILLE METRO POLICE DEPT,Accepted,JEFFERSON,KY1747,2000,FERN VALLEY,RD,,,,,,,,38.157519343,-85.727522961,0.248,8/12/2020 12:00:00 AM,0629,2,1,0,1,CLEAR,DRY,False,COLLISION IN PARKING LOT,SINGLE VEHICLE,STRAIGHT & LEVEL,DARK-HWY LIGHTED/ON,,,8/13/2020 8:08:26 AM,False,5270,Accepted,
27074163,0568000,LOUISVILLE METRO POLICE DEPT,Accepted,JEFFERSON,KY1020,,2ND,ST,S,,,,MAGNOLIA,,BURNETT,38.228408723,-85.758094536,10.888,8/12/2020 12:00:00 AM,2105,2,2,0,0,CLEAR,DRY,True,1 VEHICLE PARKED POSITION (NOT PARKING LOT/DRIVEWAY),SIDESWIPE-SAME DIRECTION,STRAIGHT & LEVEL,DARK-HWY LIGHTED/ON,,,8/13/2020 8:08:51 AM,False,5267,Accepted,
27078905,0568000,LOUISVILLE METRO POLICE DEPT,Accepted,JEFFERSON,,,23RD,ST,N,,COLUMBIA,,,,,38.262134154,-85.787637367,0.043,8/12/2020 12:00:00 AM,2338,2,2,0,0,CLEAR,DRY,True,COLLISION WITH PARKED VEHICLE,SIDESWIPE-SAME DIRECTION,STRAIGHT & LEVEL,DARK-HWY NOT LIGHTED,,,8/14/2020 8:05:30 AM,False,5118,Accepted,
27074146,0568000,LOUISVILLE METRO POLICE DEPT,Accepted,JEFFERSON,KY0061,,PRESTON,HWY,,,,,,,,38.118253812,-85.677310499,2.464,8/12/2020 12:00:00 AM,1313,2,2,0,0,CLOUDY,DRY,False,REAR END IN TRAFFIC LANES BOTH VEHICLES MOVING,REAR END,STRAIGHT & LEVEL,DAYLIGHT,,,8/13/2020 8:07:43 AM,False,4693,Accepted,
27074135,0568000,LOUISVILLE METRO POLICE DEPT,Accepted,JEFFERSON,,,PORTLAND,AVE,,,,,,,,38.268005354,-85.782770544,0.670,8/12/2020 12:00:00 AM,1045,2,2,0,1,CLOUDY,DRY,False,1 VEHICLE ENTERING/LEAVING ENTRANCE,ANGLE,STRAIGHT & LEVEL,DAYLIGHT,,,8/13/2020 8:06:55 AM,False,7988,Accepted,
27074153,0568000,LOUISVILLE METRO POLICE DEPT,Accepted,JEFFERSON,KY1447,,WESTPORT,RD,,I 0265,I265 S EXIT33 ON RAMP FROM KY1447,,,,,38.297263077,-85.549044492,6.632,8/12/2020 12:00:00 AM,1648,2,2,0,1,CLOUDY,DRY,False,ANGLE COLLISION - OTHER,ANGLE,STRAIGHT & LEVEL,DAYLIGHT,,,8/13/2020 8:08:16 AM,False,6830,Accepted,
27074154,0568000,LOUISVILLE METRO POLICE DEPT,Accepted,JEFFERSON,KY0864,,LOGAN,ST,,,,,OAK,,MARY,38.233825769,-85.739883792,14.662,8/12/2020 12:00:00 AM,1551,2,2,0,0,CLEAR,DRY,False,1 VEHICLE PARKED POSITION (NOT PARKING LOT/DRIVEWAY),SIDESWIPE-SAME DIRECTION,STRAIGHT & LEVEL,DAYLIGHT,,,8/13/2020 8:08:23 AM,False,7391,Accepted,
27074168,0568000,LOUISVILLE METRO POLICE DEPT,Accepted,JEFFERSON,KY1865,5435,NEW CUT,RD,,,,,,,,38.148826967,-85.775850375,2.875,8/12/2020 12:00:00 AM,2303,2,1,0,1,CLEAR,DRY,True,OTHER ROADWAY OR MID-BLOCK COLLISION,SINGLE VEHICLE,STRAIGHT & LEVEL,DARK-HWY LIGHTED/ON,,,8/13/2020 8:08:59 AM,False,5220,Accepted,
27074169,0568000,LOUISVILLE METRO POLICE DEPT,Accepted,JEFFERSON,,,GOLDSMITH,LN,,,,,,,,38.202794544,-85.679796628,0.334,8/12/2020 12:00:00 AM,2209,1,1,0,1,CLEAR,DRY,False,COLLISION WITH FIXED OBJECT NON - INTERSECTION - FIRST EVENT COLLISION 09 - 32 EXCLUDING 16,SINGLE VEHICLE,STRAIGHT & LEVEL,DARK-HWY LIGHTED/ON,,,8/13/2020 8:09:02 AM,False,5189,Accepted,
27074143,0568000,LOUISVILLE METRO POLICE DEPT,Accepted,JEFFERSON,,,BROADWAY,,W,,,,,,,38.249875771,-85.807801542,1.067,8/12/2020 12:00:00 AM,1337,2,2,0,1,CLEAR,DRY,True,1 VEHICLE ENTERING/LEAVING ENTRANCE,ANGLE,STRAIGHT & GRADE,DAYLIGHT,,,8/13/2020 8:07:24 AM,False,7357,Accepted,
27074159,0568000,LOUISVILLE METRO POLICE DEPT,Accepted,JEFFERSON,,,CHESTNUT,ST,W,,ROY WILKINS,,,,,38.249993790,-85.765812037,1.876,8/12/2020 12:00:00 AM,1920,1,1,0,0,CLEAR,DRY,False,COLLISION WITH FIXED OBJECT IN INTERSECTION - FIRST EVENT COLLISION 09 - 32,SINGLE VEHICLE,STRAIGHT & LEVEL,DAYLIGHT,,,8/13/2020 8:08:43 AM,False,5168,Accepted,
27434949,0568000,LOUISVILLE METRO POLICE DEPT,Accepted,JEFFERSON,,,WOODLAND,AVE,,,32ND,,,,,38.234720327,-85.807580106,0.966,8/12/2020 12:00:00 AM,0230,1,1,0,0,CLEAR,DRY,True,COLLISION WITH FIXED OBJECT IN INTERSECTION - FIRST EVENT COLLISION 09 - 32,SINGLE VEHICLE,STRAIGHT & LEVEL,DARK-HWY LIGHTED/ON,,,11/9/2020 2:05:09 PM,False,5292,Accepted,
27187093,0568000,LOUISVILLE METRO POLICE DEPT,Accepted,JEFFERSON,,,SCHLATTER,RD,,US0031E,BARDSTOWN,,,,,38.106593264,-85.566418441,0.012,8/12/2020 12:00:00 AM,0639,2,2,0,2,CLEAR,DRY,False,ANGLE COLLISION - OTHER,ANGLE,STRAIGHT & LEVEL,DAWN,,,9/9/2020 8:35:07 AM,False,7838,Accepted,
27122805,0568000,LOUISVILLE METRO POLICE DEPT,Accepted,JEFFERSON,KY1020,1425,3RD,ST,S,,,,,,,38.227232998,-85.760007318,10.794,8/11/2020 12:00:00 AM,1600,2,2,0,0,CLEAR,DRY,False,1 VEHICLE PARKED POSITION (NOT PARKING LOT/DRIVEWAY),SIDESWIPE-SAME DIRECTION,STRAIGHT & LEVEL,DAYLIGHT,,,8/25/2020 7:56:12 AM,False,7296,Accepted,
27065189,0568000,LOUISVILLE METRO POLICE DEPT,Accepted,JEFFERSON,,,MARIGOLD,AVE,,,LOTUS,,,,,38.166738790,-85.717302639,0.508,8/11/2020 12:00:00 AM,0430,2,2,0,1,CLEAR,DRY,False,ANGLE COLLISION - OTHER,ANGLE,STRAIGHT & LEVEL,DARK-HWY LIGHTED/ON,,,8/11/2020 10:15:07 AM,False,5286,Accepted,
27069470,0568000,LOUISVILLE METRO POLICE DEPT,Accepted,JEFFERSON,,,26TH,ST,S,,OAK,,,,,38.237693089,-85.796118780,1.599,8/11/2020 12:00:00 AM,1042,2,2,0,0,CLEAR,DRY,False,ANGLE COLLISION - OTHER,ANGLE,STRAIGHT & LEVEL,DAYLIGHT,,,8/12/2020 8:09:03 AM,False,7184,Accepted,
27069478,0568000,LOUISVILLE METRO POLICE DEPT,Accepted,JEFFERSON,KY1934,,CANE RUN,RD,,KY2056,BELLS,,,,,38.221149684,-85.812710280,11.220,8/11/2020 12:00:00 AM,1733,2,2,0,0,CLEAR,DRY,False,ANGLE COLLISION - OTHER,ANGLE,CURVE & LEVEL,DAYLIGHT,,,8/12/2020 8:09:36 AM,False,5002,Accepted,
27074170,0568000,LOUISVILLE METRO POLICE DEPT,Accepted,JEFFERSON,I 0064,,I64 E,,,I 0265,I265 N,,,,,38.222634731,-85.505235192,18.990,8/11/2020 12:00:00 AM,0754,2,2,0,0,CLEAR,DRY,False,OTHER INTERSECTION COLLISIONS,REAR END,STRAIGHT & LEVEL,DAYLIGHT,,,8/13/2020 8:09:05 AM,False,7720,Accepted,
27065192,0568000,LOUISVILLE METRO POLICE DEPT,Accepted,JEFFERSON,KY2054,,ALGONQUIN,PKWY,,,SOUTH,,,,,38.219220278,-85.776783358,2.584,8/11/2020 12:00:00 AM,0703,2,2,0,0,CLEAR,DRY,False,OTHER INTERSECTION COLLISIONS,REAR END,STRAIGHT & LEVEL,DAWN,,,8/11/2020 10:15:29 AM,False,7426,Accepted,
27069467,0568000,LOUISVILLE METRO POLICE DEPT,Accepted,JEFFERSON,,,RIVER,RD,,,ZORN,,,,,38.277385105,-85.699167419,2.924,8/11/2020 12:00:00 AM,0852,2,2,0,0,CLEAR,DRY,False,OPPOSING LEFT TURN,OPPOSING LEFT TURN,STRAIGHT & LEVEL,DAYLIGHT,,,8/12/2020 8:08:51 AM,False,2673,Accepted,
27069497,0568000,LOUISVILLE METRO POLICE DEPT,Accepted,JEFFERSON,I 0071,,I71 N,,,I 0071,I71 S EXIT35A RAMP TO I71 N,,,,,38.314481217,-85.582382993,9.056,8/11/2020 12:00:00 AM,2054,2,2,0,1,CLEAR,DRY,False,OTHER INTERSECTION COLLISIONS,REAR END,STRAIGHT & LEVEL,DUSK,,,8/12/2020 8:11:08 AM,False,7159,Accepted,
27069466,0568000,LOUISVILLE METRO POLICE DEPT,Accepted,JEFFERSON,,5204,AVISH,LN,,,,,,,,38.323501366,-85.635129558,0.513,8/11/2020 12:00:00 AM,0844,1,1,0,0,CLOUDY,DRY,False,COLLISION WITH FIXED OBJECT NON - INTERSECTION - FIRST EVENT COLLISION 09 - 32 EXCLUDING 16,SINGLE VEHICLE,CURVE & HILLCREST,DAYLIGHT,,,8/12/2020 8:08:46 AM,False,7944,Accepted,
27069474,0568000,LOUISVILLE METRO POLICE DEPT,Accepted,JEFFERSON,I 0264,,I264 E,,,,,,,,,38.204398762,-85.682163011,14.915,8/11/2020 12:00:00 AM,1711,2,2,0,0,CLEAR,DRY,False,SIDESWIPE COLLISION - SAME DIRECTION,SIDESWIPE-SAME DIRECTION,STRAIGHT & LEVEL,DAYLIGHT,,,8/12/2020 8:09:21 AM,False,6813,Accepted,
27069475,0568000,LOUISVILLE METRO POLICE DEPT,Accepted,JEFFERSON,,3325,HEATHER,LN,,,,,,,,38.208730775,-85.664589464,0.277,8/11/2020 12:00:00 AM,1438,2,2,0,0,CLEAR,DRY,False,HEAD-ON COLLISION,HEAD ON,STRAIGHT & LEVEL,DAYLIGHT,,,8/12/2020 8:09:24 AM,False,5146,Accepted,
27069482,0568000,LOUISVILLE METRO POLICE DEPT,Accepted,JEFFERSON,US0150,,DR W J HODGE,ST,,US0031W,MAIN,,,,,38.259776193,-85.784692536,0.763,8/11/2020 12:00:00 AM,1830,3,3,0,1,CLEAR,DRY,True,ANGLE COLLISION - OTHER,ANGLE,STRAIGHT & LEVEL,DAYLIGHT,,,8/12/2020 8:09:52 AM,False,7988,Accepted,
27069483,0568000,LOUISVILLE METRO POLICE DEPT,Accepted,JEFFERSON,,,HUDSON,LN,,,,,FAIRGROUND,,FERRER,38.168937169,-85.586700385,1.044,8/11/2020 12:00:00 AM,2220,2,2,0,0,CLEAR,DRY,True,SIDESWIPE COLLISION - OPPOSITE DIRECTION,SIDESWIPE-OPPOSITE DIRECTION,STRAIGHT & LEVEL,DARK-HWY NOT LIGHTED,,,8/12/2020 8:09:57 AM,False,2775,Accepted,
27069491,0568000,LOUISVILLE METRO POLICE DEPT,Accepted,JEFFERSON,,,TEXAS,AVE,,,,KY0864,GOSS,,SAMUEL,38.225994699,-85.733280782,0.844,8/11/2020 12:00:00 AM,2021,2,1,0,0,CLEAR,DRY,False,COLLISION WITH BICYCLIST NON INTERSECTION,SINGLE VEHICLE,STRAIGHT & LEVEL,DAYLIGHT,,,8/12/2020 8:10:46 AM,False,5267,Accepted,
27069480,0568000,LOUISVILLE METRO POLICE DEPT,Accepted,JEFFERSON,US0031W,,MARKET,ST,W,,7TH,,,,,38.255769538,-85.761736770,21.574,8/11/2020 12:00:00 AM,1128,3,3,0,2,CLEAR,DRY,False,ANGLE COLLISION - OTHER,ANGLE,STRAIGHT & LEVEL,DAYLIGHT,,,8/12/2020 8:09:44 AM,False,2854,Accepted,
27069481,0568000,LOUISVILLE METRO POLICE DEPT,Accepted,JEFFERSON,,,JEFFERSON,ST,W,,6TH,,,,,38.254199401,-85.760321216,0.454,8/11/2020 12:00:00 AM,1305,2,1,0,1,CLEAR,DRY,False,COLLISION WITH PEDESTRIAN IN INTERSECTION,SINGLE VEHICLE,STRAIGHT & LEVEL,DAYLIGHT,,,8/12/2020 8:09:49 AM,False,2854,Accepted,
27069488,0568000,LOUISVILLE METRO POLICE DEPT,Accepted,JEFFERSON,,,FLOYD,ST,S,,BRECKINRIDGE,,,,,38.240949704,-85.750495437,1.022,8/11/2020 12:00:00 AM,1926,2,2,0,0,CLEAR,DRY,False,OTHER INTERSECTION COLLISIONS,REAR END,STRAIGHT & LEVEL,DAYLIGHT,,,8/12/2020 8:10:34 AM,False,5037,Accepted,
27069489,0568000,LOUISVILLE METRO POLICE DEPT,Accepted,JEFFERSON,KY0841,,GENE SNYDER,FWY,,,,,WATSONVILLE,,GREYLING,38.104513027,-85.816975885,3.573,8/11/2020 12:00:00 AM,2034,1,1,0,1,CLEAR,DRY,False,COLLISION WITH FIXED OBJECT NON - INTERSECTION - FIRST EVENT COLLISION 09 - 32 EXCLUDING 16,SINGLE VEHICLE,STRAIGHT & LEVEL,DAYLIGHT,,,8/12/2020 8:10:38 AM,False,7321,Accepted,
27069490,0568000,LOUISVILLE METRO POLICE DEPT,Accepted,JEFFERSON,,10400,BROOKRIDGE VILLAGE,BLVD,,,,,RIDGESIDE,,HAWKINS RILL,38.144000030,-85.580996212,0.137,8/11/2020 12:00:00 AM,2111,2,2,0,1,CLEAR,DRY,False,SIDESWIPE COLLISION - OPPOSITE DIRECTION,SIDESWIPE-OPPOSITE DIRECTION,STRAIGHT & LEVEL,DARK (UNKNOWN ROADWAY LIGHTING),,,8/12/2020 8:10:42 AM,False,7828,Accepted,
27069239,0566700,MIDDLETOWN POLICE DEPARTMENT,Accepted,JEFFERSON,US0060,,SHELBYVILLE,RD,,,BECKLEY WOODS,,,,,38.241584192,-85.498560153,12.295,8/11/2020 12:00:00 AM,1805,2,2,0,0,CLEAR,DRY,False,OTHER INTERSECTION COLLISIONS,REAR END,STRAIGHT & LEVEL,DAYLIGHT,,,8/12/2020 7:43:10 AM,False,2013,Accepted,
27069471,0568000,LOUISVILLE METRO POLICE DEPT,Accepted,JEFFERSON,,,18TH,ST,S,US0150,BROADWAY,,,,,38.248976941,-85.782064179,0.696,8/11/2020 12:00:00 AM,1415,3,3,0,3,CLEAR,DRY,False,HEAD-ON COLLISION,HEAD ON,STRAIGHT & LEVEL,DAYLIGHT,,,8/12/2020 8:09:07 AM,False,7345,Accepted,
27069472,0568000,LOUISVILLE METRO POLICE DEPT,Accepted,JEFFERSON,I 0265,,I265 S,,,,,,,,,38.287350924,-85.525317223,31.011,8/11/2020 12:00:00 AM,1147,1,1,0,0,CLOUDY,DRY,False,COLLISION WITH FIXED OBJECT NON - INTERSECTION - FIRST EVENT COLLISION 09 - 32 EXCLUDING 16,SINGLE VEHICLE,STRAIGHT & LEVEL,DAYLIGHT,,,8/12/2020 8:09:13 AM,False,7751,Accepted,
27079331,0568000,LOUISVILLE METRO POLICE DEPT,Accepted,JEFFERSON,I 0065,,,,,,,KY0061,PRESTON,I 0065,I65 N,38.190996628,-85.726688824,0.245,8/11/2020 12:00:00 AM,1541,2,2,0,0,CLEAR,DRY,False,REAR END IN TRAFFIC LANES BOTH VEHICLES MOVING,REAR END,STRAIGHT & LEVEL,DAYLIGHT,,,8/14/2020 9:49:26 AM,False,2499,Accepted,
27088987,0568000,LOUISVILLE METRO POLICE DEPT,Accepted,JEFFERSON,,802,SUTCLIFFE,AVE,,,,,,,,38.248904288,-85.811774818,0.194,8/11/2020 12:00:00 AM,0617,7,7,0,0,CLEAR,DRY,True,1 VEHICLE PARKED POSITION (NOT PARKING LOT/DRIVEWAY),SIDESWIPE-SAME DIRECTION,STRAIGHT & LEVEL,DAYLIGHT,,,8/17/2020 8:58:32 AM,False,5181,Accepted,
27089064,0568000,LOUISVILLE METRO POLICE DEPT,Accepted,JEFFERSON,I 0265,,I265 E,,,,,,,,,38.111045309,-85.686868477,11.086,8/11/2020 12:00:00 AM,1717,1,1,0,0,CLEAR,DRY,False,OTHER ROADWAY OR MID-BLOCK COLLISION,SINGLE VEHICLE,STRAIGHT & GRADE,DAYLIGHT,,,8/17/2020 9:03:36 AM,False,8278,Accepted,
27089156,0568000,LOUISVILLE METRO POLICE DEPT,Accepted,JEFFERSON,,,39TH,ST,S,,,,,,,38.261713232,-85.813545627,1.465,8/11/2020 12:00:00 AM,2155,2,1,0,1,CLEAR,DRY,False,COLLISION WITH PEDESTRIAN NON - INTERSECTION,SINGLE VEHICLE,STRAIGHT & LEVEL,DARK-HWY LIGHTED/ON,,,8/17/2020 9:04:47 AM,False,5216,Accepted,
27074172,0568000,LOUISVILLE METRO POLICE DEPT,Accepted,JEFFERSON,,,CHAMBERLAIN,LN,,,,,,,,38.287960878,-85.524039797,0.724,8/11/2020 12:00:00 AM,0819,2,2,1,0,CLEAR,DRY,False,1 VEHICLE ENTERING/LEAVING ENTRANCE,ANGLE,CURVE & LEVEL,DAYLIGHT,,,8/13/2020 8:09:09 AM,False,7720,Accepted,
27069479,0568000,LOUISVILLE METRO POLICE DEPT,Accepted,JEFFERSON,,4610,PEACHTREE,AVE,,,,,,,,38.182848338,-85.779872833,1.094,8/11/2020 12:00:00 AM,1141,1,1,0,1,CLOUDY,DRY,False,COLLISION WITH FIXED OBJECT NON - INTERSECTION - FIRST EVENT COLLISION 09 - 32 EXCLUDING 16,SINGLE VEHICLE,STRAIGHT & LEVEL,DAYLIGHT,,,8/12/2020 8:09:40 AM,False,7468,Accepted,
27070230,0560400,SHIVELY POLICE DEPARTMENT,Accepted,JEFFERSON,KY1865,3900B,TAYLOR,BLVD,,,,,,,,38.187857246,-85.783588566,5.615,8/11/2020 12:00:00 AM,1810,3,3,0,0,CLEAR,DRY,False,1 VEHICLE ENTERING/LEAVING ENTRANCE,ANGLE,STRAIGHT & LEVEL,DAYLIGHT,,,8/12/2020 11:07:39 AM,False,7128,Accepted,
27069494,0568000,LOUISVILLE METRO POLICE DEPT,Accepted,JEFFERSON,KY2054,,ALGONQUIN,PKWY,,,MCCLOSKEY,,,,,38.222846640,-85.787975697,1.886,8/11/2020 12:00:00 AM,2256,2,2,0,0,CLEAR,DRY,True,OTHER INTERSECTION COLLISIONS,REAR END,STRAIGHT & LEVEL,DARK-HWY LIGHTED/ON,,,8/12/2020 8:10:57 AM,False,7388,Accepted,
27074147,0568000,LOUISVILLE METRO POLICE DEPT,Accepted,JEFFERSON,KY0061,1808,PRESTON,ST,S,,,,,,,38.220259703,-85.748411533,10.695,8/11/2020 12:00:00 AM,1740,1,1,0,0,CLEAR,DRY,True,OTHER ROADWAY OR MID-BLOCK COLLISION,SINGLE VEHICLE,STRAIGHT & LEVEL,DAYLIGHT,,,8/13/2020 8:07:49 AM,False,7391,Accepted,
27103675,0568000,LOUISVILLE METRO POLICE DEPT,Accepted,JEFFERSON,,,PHILLIPS,LN,,,,,,,,38.192263618,-85.741596690,0.571,8/11/2020 12:00:00 AM,0106,1,1,0,0,CLEAR,DRY,False,COLLISION WITH FIXED OBJECT NON - INTERSECTION - FIRST EVENT COLLISION 09 - 32 EXCLUDING 16,SINGLE VEHICLE,STRAIGHT & LEVEL,DARK-HWY LIGHTED/ON,,,8/20/2020 8:07:39 AM,False,5163,Accepted,
27088985,0568000,LOUISVILLE METRO POLICE DEPT,Accepted,JEFFERSON,KY1631,,CRITTENDEN,DR,,,HURON,,,,,38.194108896,-85.750917202,0.416,8/11/2020 12:00:00 AM,1314,2,2,0,0,CLEAR,DRY,True,ANGLE COLLISION - OTHER,ANGLE,STRAIGHT & LEVEL,DAYLIGHT,,,8/17/2020 8:58:21 AM,False,5120,Accepted,
27088983,0568000,LOUISVILLE METRO POLICE DEPT,Accepted,JEFFERSON,I 0264,,I264 E,,,,,,,,,38.230237227,-85.632517247,18.159,8/11/2020 12:00:00 AM,0624,2,2,0,2,CLEAR,DRY,False,REAR END IN TRAFFIC LANES BOTH VEHICLES MOVING,REAR END,STRAIGHT & LEVEL,DARK-HWY LIGHTED/ON,,,8/17/2020 8:58:13 AM,False,2000,Accepted,
27089050,0568000,LOUISVILLE METRO POLICE DEPT,Accepted,JEFFERSON,KY1865,,NEW CUT,RD,,KY1142,PALATKA,,,,,38.150665513,-85.776321531,3.001,8/11/2020 12:00:00 AM,1621,2,2,0,1,CLEAR,DRY,True,OTHER INTERSECTION COLLISIONS,REAR END,STRAIGHT & LEVEL,DAYLIGHT,,,8/17/2020 9:02:39 AM,False,7768,Accepted,
27069484,0568000,LOUISVILLE METRO POLICE DEPT,Accepted,JEFFERSON,KY1020,,NATIONAL,TPKE,,KY1065,OUTER,,,,,38.127454848,-85.749156900,3.697,8/11/2020 12:00:00 AM,0540,2,2,0,1,CLEAR,DRY,True,ANGLE COLLISION - OTHER,ANGLE,STRAIGHT & LEVEL,DAYLIGHT,,,8/12/2020 8:10:02 AM,False,7321,Accepted,
27069476,0568000,LOUISVILLE METRO POLICE DEPT,Accepted,JEFFERSON,,2907,RICHLAND,AVE,,,,,,,,38.223151502,-85.628117775,0.414,8/11/2020 12:00:00 AM,1750,2,2,0,0,CLEAR,DRY,False,1 VEHICLE PARKED POSITION (NOT PARKING LOT/DRIVEWAY),REAR END,STRAIGHT & LEVEL,DAYLIGHT,,,8/12/2020 8:09:28 AM,False,5146,Accepted,
27069477,0568000,LOUISVILLE METRO POLICE DEPT,Accepted,JEFFERSON,,,MARKET,ST,W,,30TH,,,,,38.260158968,-85.799918414,0.738,8/10/2020 12:00:00 AM,2111,2,1,0,1,CLOUDY,DRY,False,COLLISION WITH PEDESTRIAN IN INTERSECTION,SINGLE VEHICLE,STRAIGHT & LEVEL,DARK-HWY NOT LIGHTED,,,8/12/2020 8:09:32 AM,False,7772,Accepted,
27088993,0568000,LOUISVILLE METRO POLICE DEPT,Accepted,JEFFERSON,,,BRECKINRIDGE,ST,W,,8TH,,,,,38.242823202,-85.765715412,0.639,8/10/2020 12:00:00 AM,1850,2,2,0,1,CLEAR,DRY,False,ANGLE COLLISION - OTHER,ANGLE,STRAIGHT & LEVEL,DAYLIGHT,,,8/17/2020 8:58:57 AM,False,5131,Accepted,
27074152,0568000,LOUISVILLE METRO POLICE DEPT,Accepted,JEFFERSON,KY1703,,NEWBURG,RD,,,,,,,,38.185363482,-85.666101817,0.563,8/10/2020 12:00:00 AM,1541,2,2,0,1,CLEAR,DRY,False,OTHER ROADWAY OR MID-BLOCK COLLISION,REAR END,STRAIGHT & GRADE,DAYLIGHT,,,8/13/2020 8:08:11 AM,False,2738,Accepted,
27080453,0568000,LOUISVILLE METRO POLICE DEPT,Accepted,JEFFERSON,,,17TH,ST,S,,PRENTICE,,,,,38.240936005,-85.783284699,1.178,8/10/2020 12:00:00 AM,1415,2,2,0,0,CLEAR,DRY,False,ANGLE COLLISION - OTHER,ANGLE,STRAIGHT & LEVEL,DAYLIGHT,,,8/14/2020 2:44:06 PM,False,7381,Accepted,
27069492,0568000,LOUISVILLE METRO POLICE DEPT,Accepted,JEFFERSON,KY1934,,CANE RUN,RD,,,FARNSLEY,,,,,38.203466229,-85.832148278,9.594,8/10/2020 12:00:00 AM,1915,3,3,0,0,CLEAR,DRY,False,OPPOSING LEFT TURN,OPPOSING LEFT TURN,STRAIGHT & LEVEL,DAYLIGHT,,,8/12/2020 8:10:49 AM,False,7466,Accepted,
27069493,0568000,LOUISVILLE METRO POLICE DEPT,Accepted,JEFFERSON,,1116,PAYNE,ST,,,,,,,,38.248359377,-85.725022891,0.368,8/10/2020 12:00:00 AM,2237,2,2,0,0,CLOUDY,WET,False,1 VEHICLE PARKED POSITION (NOT PARKING LOT/DRIVEWAY),SIDESWIPE-SAME DIRECTION,STRAIGHT & LEVEL,DARK-HWY LIGHTED/ON,,,8/12/2020 8:10:53 AM,False,7376,Accepted,
27074165,0568000,LOUISVILLE METRO POLICE DEPT,Accepted,JEFFERSON,,1608,GAGEL,AVE,,,,,,,,38.173251145,-85.815900050,0.370,8/10/2020 12:00:00 AM,0048,1,1,0,0,CLOUDY,WATER (STANDING OR MOVING),True,COLLISION WITH FIXED OBJECT NON - INTERSECTION - FIRST EVENT COLLISION 09 - 32 EXCLUDING 16,SINGLE VEHICLE,,DARK-HWY LIGHTED/ON,,,8/13/2020 8:08:55 AM,False,5287,Accepted,
27089160,0568000,LOUISVILLE METRO POLICE DEPT,Accepted,JEFFERSON,I 0265,,I265 E,,,,,,,,,38.141742881,-85.575454863,17.731,8/10/2020 12:00:00 AM,2200,1,1,0,0,CLEAR,DRY,False,OTHER COLLISIONS ON SHOULDER,SINGLE VEHICLE,CURVE & HILLCREST,DARK-HWY LIGHTED/ON,,,8/17/2020 9:05:09 AM,False,5014,Accepted,
27088982,0568000,LOUISVILLE METRO POLICE DEPT,Accepted,JEFFERSON,US0042,,STORY,AVE,,,,US0042,BROWNSBORO,,FRANKFORT,38.260070271,-85.720050368,0.789,8/10/2020 12:00:00 AM,0005,2,2,0,0,CLEAR,DRY,True,1 VEHICLE PARKED POSITION (NOT PARKING LOT/DRIVEWAY),REAR END,CURVE & GRADE,DARK (UNKNOWN ROADWAY LIGHTING),,,8/17/2020 8:58:09 AM,False,5251,Accepted,
27069473,0568000,LOUISVILLE METRO POLICE DEPT,Accepted,JEFFERSON,US0031W,2133,DIXIE,HWY,,,WILART,,,,,38.219259998,-85.794148093,17.355,8/10/2020 12:00:00 AM,2250,2,2,0,2,CLOUDY,WET,False,HEAD-ON COLLISION,HEAD ON,STRAIGHT & LEVEL,DARK (UNKNOWN ROADWAY LIGHTING),,,8/12/2020 8:09:16 AM,False,7467,Accepted,