IncidentID,AgencyORI,AgencyName,IncidentStatusDesc,County,RdwyNumber,Street,RoadwayName,StreetSfx,StreetDir,IntersectionRdwy,IntersectionRdwyName,BetweenStRdwy1,BetweenStRdwyName1,BetweenStRdwy2,BetweenStRdwyName2,Latitude,Longitude,Milepoint,CollisionDate,CollisionTime,UnitsInvolved,MotorVehiclesInvolved,NumberKilled,NumberInjured,Weather,RdwyConditionCode,HitandRun,DirAnalysisCode,MannerofCollision,RdwyCharacter,LightCondition,RampFromRdwyId,RampToRdwyId,AcceptedDate,IsSecondaryCollision,OwnerBadge,IncidentStatus,
27061187,0568000,LOUISVILLE METRO POLICE DEPT,Accepted,JEFFERSON,,,GRADE,LN,,,CRITTENDEN,,,,,38.152462227,-85.734247140,2.486,8/10/2020 12:00:00 AM,0248,1,1,0,0,CLOUDY,WET,False,NON-COLLISION OBJECT COLLISION,SINGLE VEHICLE,STRAIGHT & LEVEL,DARK-HWY LIGHTED/ON,,,8/10/2020 11:55:23 AM,False,5040,Accepted,
27065187,0568000,LOUISVILLE METRO POLICE DEPT,Accepted,JEFFERSON,I 0264,,I264 E,,,,,,,,,38.219053231,-85.655912247,16.669,8/10/2020 12:00:00 AM,1740,2,2,0,0,CLEAR,DRY,False,SIDESWIPE COLLISION - SAME DIRECTION,SIDESWIPE-SAME DIRECTION,STRAIGHT & LEVEL,DAYLIGHT,,,8/11/2020 10:15:03 AM,False,6813,Accepted,
27065168,0568000,LOUISVILLE METRO POLICE DEPT,Accepted,JEFFERSON,US0031W,,DIXIE,HWY,,,MEYERS,,,,,38.163845496,-85.830929786,13.003,8/10/2020 12:00:00 AM,1139,2,2,0,0,CLOUDY,DRY,True,SIDESWIPE-SAME DIRECTION,SIDESWIPE-SAME DIRECTION,STRAIGHT & LEVEL,DAYLIGHT,,,8/11/2020 10:14:13 AM,False,7177,Accepted,
27065185,0568000,LOUISVILLE METRO POLICE DEPT,Accepted,JEFFERSON,KY0061,,PRESTON,HWY,,,,,,,,38.096426878,-85.670328844,0.894,8/10/2020 12:00:00 AM,1814,2,2,0,0,CLEAR,DRY,False,REAR END IN TRAFFIC LANES BOTH VEHICLES MOVING,REAR END,STRAIGHT & LEVEL,DAYLIGHT,,,8/11/2020 10:14:56 AM,False,7474,Accepted,
27061164,0568000,LOUISVILLE METRO POLICE DEPT,Accepted,JEFFERSON,I 0264,,I264 W,,,,,,,,,38.218670058,-85.657181499,16.595,8/10/2020 12:00:00 AM,0125,2,2,0,1,CLOUDY,DRY,False,SIDESWIPE COLLISION - SAME DIRECTION,SIDESWIPE-SAME DIRECTION,STRAIGHT & HILLCREST,DARK-HWY LIGHTED/ON,,,8/10/2020 11:54:41 AM,False,7916,Accepted,
27065163,0568000,LOUISVILLE METRO POLICE DEPT,Accepted,JEFFERSON,I 0264,,BRECKINRIDGE LANE,,,,,,,,,38.226291965,-85.635220608,0.020,8/10/2020 12:00:00 AM,1333,2,2,0,0,CLOUDY,WET,False,OTHER RAMP RELATED COLLISIONS NOT LISTED ABOVE,REAR END,STRAIGHT & GRADE,DAYLIGHT,KY1932,I 0264,8/11/2020 10:13:52 AM,False,2738,Accepted,
27065169,0568000,LOUISVILLE METRO POLICE DEPT,Accepted,JEFFERSON,KY1727,,TERRY,RD,,,WOOD,,,,,38.149556028,-85.870131162,1.944,8/10/2020 12:00:00 AM,1758,2,2,0,0,CLEAR,DRY,True,OTHER INTERSECTION COLLISIONS,REAR END,STRAIGHT & LEVEL,DAYLIGHT,,,8/11/2020 10:14:16 AM,False,7177,Accepted,
27065170,0568000,LOUISVILLE METRO POLICE DEPT,Accepted,JEFFERSON,I 0265,,I265 W,,,,,I 0265,I265 W EXIT19 OFF RAMP TO KY1819,I 0265,I265 W EXIT23 ON RAMP FROM KY155,38.166289115,-85.520844639,21.346,8/10/2020 12:00:00 AM,1737,1,1,0,1,CLEAR,DRY,False,COLLISION WITH FIXED OBJECT NON - INTERSECTION - FIRST EVENT COLLISION 09 - 32 EXCLUDING 16,SINGLE VEHICLE,STRAIGHT & LEVEL,DAYLIGHT,,,8/11/2020 10:14:19 AM,False,6337,Accepted,
27065171,0568000,LOUISVILLE METRO POLICE DEPT,Accepted,JEFFERSON,US0031W,,2ND,ST,S,,,,,,,38.254899187,-85.753655514,22.041,8/10/2020 12:00:00 AM,1622,2,2,0,1,CLEAR,DRY,True,REAR END IN TRAFFIC LANES BOTH VEHICLES MOVING,REAR END,STRAIGHT & LEVEL,DAYLIGHT,,,8/11/2020 10:14:22 AM,False,7239,Accepted,
27065177,0568000,LOUISVILLE METRO POLICE DEPT,Accepted,JEFFERSON,KY0061,,PRESTON,HWY,,,,,,,,38.112366379,-85.675527917,2.030,8/10/2020 12:00:00 AM,1845,4,4,0,1,CLEAR,DRY,False,REAR END IN TRAFFIC LANES BOTH VEHICLES MOVING,REAR END,STRAIGHT & HILLCREST,DAYLIGHT,,,8/11/2020 10:14:32 AM,False,7016,Accepted,
27065179,0568000,LOUISVILLE METRO POLICE DEPT,Accepted,JEFFERSON,,,26TH,ST,S,,BROADWAY,,,,,38.249475787,-85.794888760,0.780,8/10/2020 12:00:00 AM,2003,2,1,0,1,CLEAR,DRY,True,COLLISION WITH PEDESTRIAN IN INTERSECTION,SINGLE VEHICLE,STRAIGHT & LEVEL,DUSK,,,8/11/2020 10:14:37 AM,False,7417,Accepted,
27065186,0568000,LOUISVILLE METRO POLICE DEPT,Accepted,JEFFERSON,US0031E,,BARDSTOWN,RD,,,WENDELL,,,,,38.214067699,-85.673512320,12.253,8/10/2020 12:00:00 AM,1238,2,2,0,0,CLOUDY,DRY,False,ANGLE COLLISION - OTHER,ANGLE,STRAIGHT & LEVEL,DAYLIGHT,,,8/11/2020 10:15:00 AM,False,6813,Accepted,
27065161,0568000,LOUISVILLE METRO POLICE DEPT,Accepted,JEFFERSON,KY0864,,BEULAH CHURCH,RD,,,ZELMA FIELDS,,,,,38.130903214,-85.614095491,3.793,8/10/2020 12:00:00 AM,1140,2,2,0,0,CLOUDY,DRY,False,ANGLE COLLISION - OTHER,ANGLE,STRAIGHT & LEVEL,DAYLIGHT,,,8/11/2020 10:13:44 AM,False,4693,Accepted,
27074162,0568000,LOUISVILLE METRO POLICE DEPT,Accepted,JEFFERSON,KY0061,,PRESTON,HWY,,,CREEK POINTE,,,,,38.122638244,-85.678659726,2.779,8/10/2020 12:00:00 AM,0249,1,1,0,0,RAINING,WET,False,COLLISION WITH FIXED OBJECT IN INTERSECTION - FIRST EVENT COLLISION 09 - 32,SINGLE VEHICLE,STRAIGHT & LEVEL,DARK (UNKNOWN ROADWAY LIGHTING),,,8/13/2020 8:08:46 AM,False,5248,Accepted,
27065165,0568000,LOUISVILLE METRO POLICE DEPT,Accepted,JEFFERSON,KY0061,,PRESTON,HWY,,I 0065,I264 W EXIT12 OFF RAMP TO,,,,,38.191480314,-85.727549668,8.289,8/10/2020 12:00:00 AM,1704,2,2,0,0,CLEAR,DRY,False,ANGLE COLLISION - ONE VEHICLE TURNING LEFT,ANGLE,STRAIGHT & LEVEL,DAYLIGHT,,,8/11/2020 10:14:00 AM,False,5019,Accepted,
27065166,0568000,LOUISVILLE METRO POLICE DEPT,Accepted,JEFFERSON,,,34TH,ST,N,,DUNCAN,,,,,38.264838494,-85.806355388,0.534,8/10/2020 12:00:00 AM,1733,2,2,0,0,CLEAR,DRY,True,ANGLE COLLISION - ONE VEHICLE TURNING LEFT,ANGLE,STRAIGHT & LEVEL,DAYLIGHT,,,8/11/2020 10:14:04 AM,False,7463,Accepted,
27065167,0568000,LOUISVILLE METRO POLICE DEPT,Accepted,JEFFERSON,US0060A,,BERRY,BLVD,,KY1931,MANSLICK,,,,,38.196761104,-85.798958336,0.594,8/10/2020 12:00:00 AM,0836,2,2,0,1,CLOUDY,DRY,True,OTHER INTERSECTION COLLISIONS,REAR END,STRAIGHT & LEVEL,DAYLIGHT,,,8/11/2020 10:14:07 AM,False,5260,Accepted,
27065184,0568000,LOUISVILLE METRO POLICE DEPT,Accepted,JEFFERSON,US0031W,9070,DIXIE,HWY,,,,,,,,38.123139879,-85.854064959,9.909,8/10/2020 12:00:00 AM,1943,2,2,0,0,CLEAR,DRY,False,COLLISION IN PARKING LOT,ANGLE,STRAIGHT & LEVEL,DAYLIGHT,,,8/11/2020 10:14:50 AM,False,7166,Accepted,
27065164,0568000,LOUISVILLE METRO POLICE DEPT,Accepted,JEFFERSON,KY1865,,NEW CUT,RD,,,SOUTHERN,,,,,38.169817260,-85.781235222,4.343,8/10/2020 12:00:00 AM,1148,2,2,0,1,CLOUDY,DRY,True,ANGLE COLLISION - OTHER,ANGLE,STRAIGHT & LEVEL,DAYLIGHT,,,8/11/2020 10:13:56 AM,False,7768,Accepted,
27061160,0568000,LOUISVILLE METRO POLICE DEPT,Accepted,JEFFERSON,KY1747,,HURSTBOURNE,PKWY,,US0031E,BARDSTOWN,,,,,38.168960230,-85.605261255,7.481,8/10/2020 12:00:00 AM,0024,1,1,0,1,RAINING,WET,False,COLLISION WITH FIXED OBJECT IN INTERSECTION - FIRST EVENT COLLISION 09 - 32,SINGLE VEHICLE,STRAIGHT & LEVEL,DARK-HWY LIGHTED/ON,,,8/10/2020 11:54:30 AM,False,5011,Accepted,
27061165,0568000,LOUISVILLE METRO POLICE DEPT,Accepted,JEFFERSON,,,28TH,ST,S,,BROADWAY,,,,,38.249546680,-85.798311397,0.796,8/10/2020 12:00:00 AM,0124,2,1,0,0,CLEAR,DRY,True,COLLISION WITH BICYCLE IN INTERSECTION,SINGLE VEHICLE,STRAIGHT & LEVEL,DUSK,,,8/10/2020 11:54:45 AM,False,7904,Accepted,
27061190,0568000,LOUISVILLE METRO POLICE DEPT,Accepted,JEFFERSON,,8122,AFTERGLOW,DR,,,,,,,,38.133103690,-85.785927979,0.509,8/10/2020 12:00:00 AM,0800,3,3,0,0,CLOUDY,WET,True,1 VEHICLE PARKED POSITION (NOT PARKING LOT/DRIVEWAY),SIDESWIPE-OPPOSITE DIRECTION,CURVE & LEVEL,DAWN,,,8/10/2020 11:55:35 AM,False,7252,Accepted,
27149941,0568000,LOUISVILLE METRO POLICE DEPT,Accepted,JEFFERSON,KY1865,,TAYLOR,BLVD,,,ASHLAND,,,,,38.186635364,-85.783807483,5.531,8/10/2020 12:00:00 AM,2158,2,2,0,1,CLOUDY,DRY,False,ANGLE COLLISION - OTHER,ANGLE,STRAIGHT & LEVEL,DARK-HWY LIGHTED/ON,,,8/31/2020 2:43:33 PM,False,7426,Accepted,
27152884,0568000,LOUISVILLE METRO POLICE DEPT,Accepted,JEFFERSON,US0031W,,DIXIE,HWY,,,BLANTON,,,,,38.157336990,-85.833941862,12.527,8/9/2020 12:00:00 AM,1303,2,2,0,1,CLEAR,DRY,False,ANGLE COLLISION - OTHER,ANGLE,STRAIGHT & LEVEL,DAYLIGHT,,,9/1/2020 8:06:21 AM,False,7267,Accepted,
27122815,0568000,LOUISVILLE METRO POLICE DEPT,Accepted,JEFFERSON,US0031E,,MAIN,ST,W,,,,,,,38.256457493,-85.754893650,17.872,8/9/2020 12:00:00 AM,2138,2,1,0,1,CLEAR,DRY,True,COLLISION WITH PEDESTRIAN NON - INTERSECTION,SINGLE VEHICLE,STRAIGHT & LEVEL,DARK-HWY LIGHTED/ON,,,8/25/2020 7:56:33 AM,False,5148,Accepted,
27152898,0568000,LOUISVILLE METRO POLICE DEPT,Accepted,JEFFERSON,,,26TH,ST,S,,MADISON,,,,,38.254067528,-85.794448673,0.456,8/9/2020 12:00:00 AM,2056,2,2,0,1,CLEAR,DRY,True,ANGLE COLLISION - OTHER,ANGLE,STRAIGHT & LEVEL,DAYLIGHT,,,9/1/2020 8:08:06 AM,False,5271,Accepted,
27061139,0568000,LOUISVILLE METRO POLICE DEPT,Accepted,JEFFERSON,,3103,TEAKWOOD,CIR,,,,,,,,38.189305626,-85.854751587,0.024,8/9/2020 12:00:00 AM,0427,3,3,0,0,CLEAR,DRY,True,1 VEHICLE PARKED POSITION (NOT PARKING LOT/DRIVEWAY),REAR END,STRAIGHT & LEVEL,DARK-HWY NOT LIGHTED,,,8/10/2020 11:53:06 AM,False,2877,Accepted,
27061166,0568000,LOUISVILLE METRO POLICE DEPT,Accepted,JEFFERSON,,7619,ARNOLDTOWN,RD,,,,,,,,38.123390162,-85.805805328,2.124,8/9/2020 12:00:00 AM,2237,1,1,0,1,RAINING,WET,False,RAN OFF ROADWAY (1 VEHICLE WITH/EARTH EMBANKMENT/DITCH),SINGLE VEHICLE,CURVE & HILLCREST,DARK-HWY NOT LIGHTED,,,8/10/2020 11:54:48 AM,False,5136,Accepted,
27061184,0568000,LOUISVILLE METRO POLICE DEPT,Accepted,JEFFERSON,KY1747,,HURSTBOURNE,PKWY,S,,WATTERSON,,,,,38.162756316,-85.612985201,6.846,8/9/2020 12:00:00 AM,2256,2,2,0,0,RAINING,WET,False,ANGLE COLLISION - OTHER,ANGLE,STRAIGHT & LEVEL,DARK-HWY LIGHTED/OFF,,,8/10/2020 11:55:12 AM,False,5153,Accepted,
27061143,0568000,LOUISVILLE METRO POLICE DEPT,Accepted,JEFFERSON,,,26TH,ST,S,,BROADWAY,,,,,38.249421941,-85.794893532,0.780,8/9/2020 12:00:00 AM,1640,1,1,0,1,CLEAR,DRY,False,NON-COLLISION OBJECT COLLISION,SINGLE VEHICLE,STRAIGHT & LEVEL,DAYLIGHT,,,8/10/2020 11:53:17 AM,False,7361,Accepted,
27061152,0568000,LOUISVILLE METRO POLICE DEPT,Accepted,JEFFERSON,KY3084,,OLD HENRY,RD,,,NELSON MILLER,,,,,38.267990780,-85.506290242,0.837,8/9/2020 12:00:00 AM,0156,2,2,0,1,CLEAR,DRY,False,OPPOSING LEFT TURN,OPPOSING LEFT TURN,STRAIGHT & LEVEL,DARK-HWY LIGHTED/ON,,,8/10/2020 11:53:58 AM,False,7475,Accepted,
27061128,0568000,LOUISVILLE METRO POLICE DEPT,Accepted,JEFFERSON,US0031W,,DIXIE,HWY,,,ALANADALE,,,,,38.109320850,-85.865621903,8.764,8/9/2020 12:00:00 AM,0205,2,2,0,0,CLEAR,DRY,False,OTHER INTERSECTION COLLISIONS,REAR END,STRAIGHT & LEVEL,DARK-HWY NOT LIGHTED,,,8/10/2020 11:52:21 AM,False,7072,Accepted,
27061129,0568000,LOUISVILLE METRO POLICE DEPT,Accepted,JEFFERSON,I 0264,,,,,,,,,,,38.188994022,-85.783657003,0.160,8/9/2020 12:00:00 AM,0315,1,1,0,1,CLEAR,DRY,False,COLLISION WITH FIXED OBJECT IN GORE,SINGLE VEHICLE,STRAIGHT & GRADE,DARK-HWY LIGHTED/ON,I 0264,KY1865,8/10/2020 11:52:26 AM,False,5287,Accepted,
27061136,0568000,LOUISVILLE METRO POLICE DEPT,Accepted,JEFFERSON,KY2053,6108,MT WASHINGTON,RD,,,,,,,,38.092043787,-85.661499066,0.414,8/9/2020 12:00:00 AM,0730,1,1,0,0,CLEAR,DRY,False,COLLISION WITH FIXED OBJECT NON - INTERSECTION - FIRST EVENT COLLISION 09 - 32 EXCLUDING 16,SINGLE VEHICLE,STRAIGHT & LEVEL,DAYLIGHT,,,8/10/2020 11:52:52 AM,False,7955,Accepted,
27061159,0568000,LOUISVILLE METRO POLICE DEPT,Accepted,JEFFERSON,KY1020,3141,3RD,ST,S,,,,,,,38.204163153,-85.764060474,9.426,8/9/2020 12:00:00 AM,2142,2,2,0,2,CLEAR,DRY,False,1 VEHICLE PARKED POSITION (NOT PARKING LOT/DRIVEWAY),REAR END,STRAIGHT & LEVEL,DARK-HWY LIGHTED/ON,,,8/10/2020 11:54:24 AM,False,5252,Accepted,
27061177,0568000,LOUISVILLE METRO POLICE DEPT,Accepted,JEFFERSON,KY1065,,OUTER,LOOP,,KY6162,MINOR,,,,,38.136549701,-85.713376772,4.571,8/9/2020 12:00:00 AM,1843,3,3,0,1,CLEAR,DRY,False,ANGLE COLLISION - OTHER,ANGLE,STRAIGHT & LEVEL,DAYLIGHT,,,8/10/2020 11:54:59 AM,False,5040,Accepted,
27061185,0568000,LOUISVILLE METRO POLICE DEPT,Accepted,JEFFERSON,US0060,,SHELBYVILLE,RD,,KY1747,HURSTBOURNE,,,,,38.246479661,-85.577304491,7.876,8/9/2020 12:00:00 AM,2132,6,6,0,4,CLEAR,DRY,False,OTHER INTERSECTION COLLISIONS,REAR END,STRAIGHT & LEVEL,DARK-HWY LIGHTED/ON,,,8/10/2020 11:55:16 AM,False,7440,Accepted,
27061124,0568000,LOUISVILLE METRO POLICE DEPT,Accepted,JEFFERSON,KY1747,,FERN VALLEY,RD,,KY0864,POPLAR LEVEL,,,,,38.157794757,-85.645970938,4.780,8/9/2020 12:00:00 AM,0056,2,2,0,0,CLEAR,DRY,False,HEAD-ON COLLISION,HEAD ON,STRAIGHT & GRADE,DARK-HWY NOT LIGHTED,,,8/10/2020 11:52:01 AM,False,7735,Accepted,
27061133,0568000,LOUISVILLE METRO POLICE DEPT,Accepted,JEFFERSON,,,26TH,ST,S,,,,GRAND,,GREENWOOD,38.240944692,-85.795872418,1.371,8/9/2020 12:00:00 AM,0034,1,1,0,0,CLEAR,DRY,True,COLLISION WITH FIXED OBJECT NON - INTERSECTION - FIRST EVENT COLLISION 09 - 32 EXCLUDING 16,SINGLE VEHICLE,STRAIGHT & LEVEL,DARK-HWY LIGHTED/ON,,,8/10/2020 11:52:41 AM,False,2721,Accepted,
27061150,0568000,LOUISVILLE METRO POLICE DEPT,Accepted,JEFFERSON,,,BLAKELY,LN,,,PENDLETON,,,,,38.057740787,-85.876461758,0.318,8/9/2020 12:00:00 AM,2038,2,2,0,3,CLOUDY,DRY,False,ANGLE COLLISION - OTHER,ANGLE,STRAIGHT & LEVEL,DUSK,,,8/10/2020 11:53:50 AM,False,5103,Accepted,
27061151,0568000,LOUISVILLE METRO POLICE DEPT,Accepted,JEFFERSON,US0031E,,BARDSTOWN,RD,,,,,,,,38.209015542,-85.669698518,11.841,8/9/2020 12:00:00 AM,2041,2,2,0,0,CLEAR,DRY,False,SIDESWIPE COLLISION - SAME DIRECTION,SIDESWIPE-SAME DIRECTION,STRAIGHT & GRADE,DARK-HWY LIGHTED/ON,,,8/10/2020 11:53:54 AM,False,5203,Accepted,
27074145,0568000,LOUISVILLE METRO POLICE DEPT,Accepted,JEFFERSON,US0031W,,DIXIE,HWY,,KY1931,GREENWOOD,,,,,38.143837570,-85.839338854,11.715,8/9/2020 12:00:00 AM,1447,2,2,0,0,CLEAR,DRY,False,SIDESWIPE-SAME DIRECTION,SIDESWIPE-SAME DIRECTION,STRAIGHT & LEVEL,DAYLIGHT,,,8/13/2020 8:07:36 AM,False,7267,Accepted,
27061188,0568000,LOUISVILLE METRO POLICE DEPT,Accepted,JEFFERSON,US0031E,,BARDSTOWN,RD,,,,,LONGEST,,BEECHWOOD,38.235558795,-85.715790419,15.078,8/9/2020 12:00:00 AM,1824,2,1,0,1,CLEAR,DRY,False,COLLISION WITH PEDESTRIAN NON - INTERSECTION,SINGLE VEHICLE,STRAIGHT & LEVEL,DAYLIGHT,,,8/10/2020 11:55:26 AM,False,7129,Accepted,
27074137,0568000,LOUISVILLE METRO POLICE DEPT,Accepted,JEFFERSON,KY1934,,CANE RUN,RD,,,,,,,,38.197387864,-85.839836682,8.992,8/9/2020 12:00:00 AM,1600,4,4,0,7,BLOWING SAND/SOIL/DIRT/SNOW,FLOODED,False,REAR END IN TRAFFIC LANES BOTH VEHICLES MOVING,REAR END,STRAIGHT & LEVEL,DAYLIGHT,,,8/13/2020 8:06:59 AM,False,5280,Accepted,
27065162,0568000,LOUISVILLE METRO POLICE DEPT,Accepted,JEFFERSON,US0031E,,BARDSTOWN,RD,,,FEGENBUSH,,,,,38.187206372,-85.638012813,9.441,8/9/2020 12:00:00 AM,1745,2,2,0,1,CLEAR,DRY,False,OTHER INTERSECTION COLLISIONS,REAR END,STRAIGHT & LEVEL,DAYLIGHT,,,8/11/2020 10:13:48 AM,False,5053,Accepted,
27061148,0568000,LOUISVILLE METRO POLICE DEPT,Accepted,JEFFERSON,US0031W,,22ND,ST,S,,STANDARD,,,,,38.231597825,-85.791831873,18.349,8/9/2020 12:00:00 AM,0044,2,2,0,1,CLEAR,DRY,False,ANGLE COLLISION - OTHER,ANGLE,STRAIGHT & LEVEL,DARK-HWY LIGHTED/ON,,,8/10/2020 11:53:36 AM,True,5261,Accepted,
27061144,0568000,LOUISVILLE METRO POLICE DEPT,Accepted,JEFFERSON,,,POPE LICK,RD,S,,,,POPLAR,,TUCKER STATION,38.220822657,-85.512476308,3.006,8/9/2020 12:00:00 AM,1300,1,1,0,1,CLEAR,DRY,False,OTHER COLLISIONS ON SHOULDER,SINGLE VEHICLE,STRAIGHT & LEVEL,DAYLIGHT,,,8/10/2020 11:53:21 AM,False,6406,Accepted,
27061145,0568000,LOUISVILLE METRO POLICE DEPT,Accepted,JEFFERSON,,4500,SOUTHWESTERN,PKWY,,,,,,,,38.260770418,-85.826046768,0.447,8/9/2020 12:00:00 AM,1814,1,1,0,0,CLEAR,DRY,False,OTHER ROADWAY OR MID-BLOCK COLLISION,SINGLE VEHICLE,STRAIGHT & LEVEL,DAYLIGHT,,,8/10/2020 11:53:25 AM,False,7070,Accepted,
27061153,0568000,LOUISVILLE METRO POLICE DEPT,Accepted,JEFFERSON,KY0907,,3RD ST,RD,,,BRUCE,,,,,38.144332524,-85.777198726,6.155,8/9/2020 12:00:00 AM,2106,4,4,0,3,CLEAR,DRY,False,OPPOSING LEFT TURN,OPPOSING LEFT TURN,STRAIGHT & LEVEL,DARK-HWY LIGHTED/ON,,,8/10/2020 11:54:02 AM,False,5209,Accepted,
27061162,0568000,LOUISVILLE METRO POLICE DEPT,Accepted,JEFFERSON,I 0064,,,,,,,,,,,38.222355914,-85.504213702,0.095,8/9/2020 12:00:00 AM,2315,1,1,0,1,CLOUDY,WET,False,COLLISION WITH FIXED OBJECT NOT IN GORE ,SINGLE VEHICLE,CURVE & GRADE,DARK-HWY LIGHTED/ON,I 0064,I 0265,8/10/2020 11:54:38 AM,False,7785,Accepted,
27061171,0568000,LOUISVILLE METRO POLICE DEPT,Accepted,JEFFERSON,KY0907,,3RD ST,RD,,,PAGES,,,,,38.115121550,-85.835298656,2.082,8/9/2020 12:00:00 AM,2325,1,1,0,0,RAINING,WET,False,COLLISION WITH FIXED OBJECT IN INTERSECTION - FIRST EVENT COLLISION 09 - 32,SINGLE VEHICLE,CURVE & LEVEL,DARK-HWY LIGHTED/ON,,,8/10/2020 11:54:52 AM,False,5136,Accepted,
27061180,0568000,LOUISVILLE METRO POLICE DEPT,Accepted,JEFFERSON,KY1747,,HURSTBOURNE,PKWY,S,,WATTERSON,,,,,38.183559629,-85.606883285,8.524,8/9/2020 12:00:00 AM,2256,2,2,0,0,RAINING,WET,False,OPPOSING LEFT TURN,OPPOSING LEFT TURN,STRAIGHT & LEVEL,DARK (UNKNOWN ROADWAY LIGHTING),,,8/10/2020 11:55:04 AM,False,7492,Accepted,
27061173,0568000,LOUISVILLE METRO POLICE DEPT,Accepted,JEFFERSON,I 0064,,I64 E,,,,,,,,,38.276497027,-85.819776272,0.370,8/9/2020 12:00:00 AM,2303,2,2,0,0,RAINING,WET,False,1 VEHICLE ENTERING/LEAVING ENTRANCE,ANGLE,STRAIGHT & LEVEL,DARK-HWY LIGHTED/ON,,,8/10/2020 11:54:55 AM,False,5164,Accepted,
27061181,0568000,LOUISVILLE METRO POLICE DEPT,Accepted,JEFFERSON,,,1ST,ST,S,,ST CATHERINE,,,,,38.236879756,-85.754927248,1.337,8/9/2020 12:00:00 AM,2132,2,2,0,0,CLOUDY,DRY,True,SIDESWIPE-SAME DIRECTION,SIDESWIPE-SAME DIRECTION,STRAIGHT & LEVEL,DARK-HWY LIGHTED/ON,,,8/10/2020 11:55:08 AM,False,5236,Accepted,
27078898,0568000,LOUISVILLE METRO POLICE DEPT,Accepted,JEFFERSON,KY1727,,TERRY,RD,,KY1931,GREENWOOD,,,,,38.144718216,-85.871906066,1.593,8/9/2020 12:00:00 AM,1136,2,2,0,0,CLEAR,DRY,False,OTHER INTERSECTION COLLISIONS,REAR END,STRAIGHT & LEVEL,DAYLIGHT,,,8/14/2020 8:05:06 AM,False,2311,Accepted,
27078908,0568000,LOUISVILLE METRO POLICE DEPT,Accepted,JEFFERSON,,3302,GARLAND,AVE,,,,,,,,38.245750293,-85.807763125,2.196,8/9/2020 12:00:00 AM,0440,5,5,0,0,CLEAR,DRY,False,1 VEHICLE PARKED POSITION (NOT PARKING LOT/DRIVEWAY),SIDESWIPE-OPPOSITE DIRECTION,STRAIGHT & LEVEL,DARK-HWY LIGHTED/ON,,,8/14/2020 8:05:41 AM,False,5054,Accepted,
27069485,0568000,LOUISVILLE METRO POLICE DEPT,Accepted,JEFFERSON,US0031W,,DIXIE,HWY,,,,,BONNYVILLE,,UPPER HUNTERS,38.168396212,-85.828589013,13.263,8/9/2020 12:00:00 AM,2301,2,2,0,0,RAINING,WET,False,OTHER ROADWAY OR MID-BLOCK COLLISION,REAR END,STRAIGHT & LEVEL,DARK-HWY NOT LIGHTED,,,8/12/2020 8:10:11 AM,False,7980,Accepted,
27069468,0568000,LOUISVILLE METRO POLICE DEPT,Accepted,JEFFERSON,I 0264,,I264 E,,,I 0264,I264 E EXIT15 OFF RAMP TO KY1703,,,,,38.199945299,-85.699323365,13.921,8/8/2020 12:00:00 AM,2346,2,2,0,1,CLEAR,DRY,False,OTHER INTERSECTION COLLISIONS,REAR END,STRAIGHT & LEVEL,DARK-HWY LIGHTED/ON,,,8/12/2020 8:08:55 AM,False,7972,Accepted,
27094260,0568000,LOUISVILLE METRO POLICE DEPT,Accepted,JEFFERSON,US0060A,,EASTERN,PKWY,,KY0864,GOSS,,,,,38.224099313,-85.730186986,5.523,8/8/2020 12:00:00 AM,1607,2,2,0,2,CLEAR,DRY,False,OPPOSING LEFT TURN,OPPOSING LEFT TURN,STRAIGHT & LEVEL,DAYLIGHT,,,8/18/2020 8:11:12 AM,False,7938,Accepted,
27094252,0568000,LOUISVILLE METRO POLICE DEPT,Accepted,JEFFERSON,,,24TH,ST,S,,HOWARD,,,,,38.246035725,-85.792384661,0.992,8/8/2020 12:00:00 AM,1332,2,2,0,1,CLEAR,DRY,False,ANGLE COLLISION - ONE VEHICLE TURNING LEFT,ANGLE,STRAIGHT & LEVEL,DAYLIGHT,,,8/18/2020 8:10:51 AM,False,5003,Accepted,
27094253,0568000,LOUISVILLE METRO POLICE DEPT,Accepted,JEFFERSON,I 0064,,I64 W,,,,,,,,,38.275870252,-85.818781630,0.407,8/8/2020 12:00:00 AM,1730,2,2,0,0,CLEAR,DRY,False,SIDESWIPE COLLISION - SAME DIRECTION,SIDESWIPE-SAME DIRECTION,STRAIGHT & LEVEL,DAYLIGHT,,,8/18/2020 8:10:55 AM,False,5003,Accepted,