IncidentID,AgencyORI,AgencyName,IncidentStatusDesc,County,RdwyNumber,Street,RoadwayName,StreetSfx,StreetDir,IntersectionRdwy,IntersectionRdwyName,BetweenStRdwy1,BetweenStRdwyName1,BetweenStRdwy2,BetweenStRdwyName2,Latitude,Longitude,Milepoint,CollisionDate,CollisionTime,UnitsInvolved,MotorVehiclesInvolved,NumberKilled,NumberInjured,Weather,RdwyConditionCode,HitandRun,DirAnalysisCode,MannerofCollision,RdwyCharacter,LightCondition,RampFromRdwyId,RampToRdwyId,AcceptedDate,IsSecondaryCollision,OwnerBadge,IncidentStatus,
27069498,0568000,LOUISVILLE METRO POLICE DEPT,Accepted,JEFFERSON,US0031W,9070,DIXIE,HWY,,,,,,,,38.122721346,-85.854406654,9.875,8/8/2020 12:00:00 AM,1432,2,2,0,0,CLEAR,DRY,False,REAR END IN TRAFFIC LANES BOTH VEHICLES MOVING,REAR END,STRAIGHT & LEVEL,DAYLIGHT,,,8/12/2020 8:11:12 AM,False,7524,Accepted,
27065826,0561500,UNIV. OF LOUISVILLE POLICE,Accepted,JEFFERSON,,,CRITTENDEN,DR,,,WAINWRIGHT,,,,,38.212605243,-85.751250043,0.296,8/8/2020 12:00:00 AM,1355,2,2,0,0,CLEAR,DRY,False,SIDESWIPE-SAME DIRECTION,SIDESWIPE-SAME DIRECTION,STRAIGHT & LEVEL,DAYLIGHT,,,8/11/2020 12:07:55 PM,False,5674,Accepted,
27061157,0568000,LOUISVILLE METRO POLICE DEPT,Accepted,JEFFERSON,,,SOUTHERN PKWY FRONTAGE RD 2,,,,WHITNEY,,,,,38.193944023,-85.766960668,0.568,8/8/2020 12:00:00 AM,2113,4,4,0,5,CLEAR,DRY,True,ANGLE COLLISION - OTHER,ANGLE,STRAIGHT & LEVEL,DUSK,,,8/10/2020 11:54:12 AM,False,5252,Accepted,
27061158,0568000,LOUISVILLE METRO POLICE DEPT,Accepted,JEFFERSON,I 0065,,I65 S,,,,,,,,,38.202177160,-85.736643809,131.652,8/8/2020 12:00:00 AM,0622,2,2,0,0,CLEAR,DRY,True,REAR END IN TRAFFIC LANES BOTH VEHICLES MOVING,REAR END,CURVE & LEVEL,DAWN,,,8/10/2020 11:54:19 AM,False,5252,Accepted,
27061132,0568000,LOUISVILLE METRO POLICE DEPT,Accepted,JEFFERSON,,,CHESTNUT,ST,E,KY0061,PRESTON,,,,,38.247824267,-85.747251157,0.310,8/8/2020 12:00:00 AM,2306,2,2,0,0,CLEAR,DRY,True,ANGLE COLLISION - OTHER,ANGLE,STRAIGHT & LEVEL,DARK-HWY LIGHTED/ON,,,8/10/2020 11:52:38 AM,False,5254,Accepted,
27061096,0568000,LOUISVILLE METRO POLICE DEPT,Accepted,JEFFERSON,,,BROADWAY,,W,,28TH,,,,,38.249529796,-85.798288620,0.546,8/8/2020 12:00:00 AM,0329,2,2,0,0,CLEAR,DRY,False,ANGLE COLLISION - OTHER,ANGLE,STRAIGHT & LEVEL,DARK-HWY LIGHTED/ON,,,8/10/2020 11:50:11 AM,False,7311,Accepted,
27061097,0568000,LOUISVILLE METRO POLICE DEPT,Accepted,JEFFERSON,I 0265,,I265 E,,,,,,,,,38.110413384,-85.675703100,11.704,8/8/2020 12:00:00 AM,0456,1,1,0,1,CLEAR,DRY,False,COLLISION WITH FIXED OBJECT NON - INTERSECTION - FIRST EVENT COLLISION 09 - 32 EXCLUDING 16,SINGLE VEHICLE,STRAIGHT & LEVEL,DARK-HWY LIGHTED/ON,,,8/10/2020 11:50:15 AM,False,5182,Accepted,
27061111,0568000,LOUISVILLE METRO POLICE DEPT,Accepted,JEFFERSON,KY1020,,SOUTHSIDE,DR,,,THALIA,,,,,38.158068885,-85.764666864,6.086,8/8/2020 12:00:00 AM,1811,4,4,0,3,CLEAR,DRY,False,OTHER INTERSECTION COLLISIONS,REAR END,STRAIGHT & LEVEL,DAYLIGHT,,,8/10/2020 11:51:20 AM,False,7496,Accepted,
27061112,0568000,LOUISVILLE METRO POLICE DEPT,Accepted,JEFFERSON,,,FEGENBUSH,LN,,,BELRAD,,,,,38.180031082,-85.638689724,0.496,8/8/2020 12:00:00 AM,1720,2,2,0,1,CLEAR,DRY,False,OTHER INTERSECTION COLLISIONS,REAR END,STRAIGHT & LEVEL,DAYLIGHT,,,8/10/2020 11:51:25 AM,False,7294,Accepted,
27061113,0568000,LOUISVILLE METRO POLICE DEPT,Accepted,JEFFERSON,US0031W,,MARKET,ST,W,,13TH,,,,,38.256868562,-85.771658385,21.008,8/8/2020 12:00:00 AM,1547,2,2,0,1,CLEAR,DRY,True,ANGLE COLLISION - OTHER,ANGLE,STRAIGHT & LEVEL,DAYLIGHT,,,8/10/2020 11:51:29 AM,False,5187,Accepted,
27061134,0568000,LOUISVILLE METRO POLICE DEPT,Accepted,JEFFERSON,,,15TH,ST,S,,MAGAZINE,,,,,38.249662112,-85.776284650,1.682,8/8/2020 12:00:00 AM,1930,2,2,0,6,CLEAR,DRY,False,ANGLE COLLISION - OTHER,ANGLE,STRAIGHT & LEVEL,DAYLIGHT,,,8/10/2020 11:52:45 AM,False,7111,Accepted,
27061122,0568000,LOUISVILLE METRO POLICE DEPT,Accepted,JEFFERSON,,,TENNY,AVE,W,,,,,,,38.176642779,-85.763338806,0.001,8/8/2020 12:00:00 AM,2050,2,2,0,0,CLEAR,DRY,False,1 VEHICLE ENTERING/LEAVING ENTRANCE,ANGLE,STRAIGHT & LEVEL,DARK-HWY LIGHTED/ON,,,8/10/2020 11:51:52 AM,False,7560,Accepted,
27061126,0568000,LOUISVILLE METRO POLICE DEPT,Accepted,JEFFERSON,KY2860,,GRINSTEAD,DR,,,,,,,,38.238568660,-85.720685285,0.019,8/8/2020 12:00:00 AM,0046,2,2,0,0,CLEAR,DRY,False,SIDESWIPE COLLISION - SAME DIRECTION,SIDESWIPE-SAME DIRECTION,STRAIGHT & LEVEL,DARK-HWY LIGHTED/ON,,,8/10/2020 11:52:10 AM,False,6813,Accepted,
27061127,0568000,LOUISVILLE METRO POLICE DEPT,Accepted,JEFFERSON,US0031W,,DIXIE,HWY,,,LOWER HUNTERS,,,,,38.156216740,-85.834432079,12.446,8/8/2020 12:00:00 AM,1920,2,2,0,0,CLEAR,DRY,False,ANGLE COLLISION - ONE VEHICLE TURNING LEFT,ANGLE,STRAIGHT & LEVEL,DAYLIGHT,,,8/10/2020 11:52:14 AM,False,5175,Accepted,
27061123,0568000,LOUISVILLE METRO POLICE DEPT,Accepted,JEFFERSON,,,JEFFERSON HILL,RD,,,,,,,,38.099141517,-85.784058726,0.635,8/8/2020 12:00:00 AM,2255,1,1,0,1,CLEAR,DRY,False,OTHER ROADWAY OR MID-BLOCK COLLISION,SINGLE VEHICLE,CURVE & LEVEL,DARK-HWY LIGHTED/OFF,,,8/10/2020 11:51:56 AM,False,5209,Accepted,
27061130,0568000,LOUISVILLE METRO POLICE DEPT,Accepted,JEFFERSON,,,MURPHY,LN,,,TAZWELL,,,,,38.305813925,-85.535344574,0.300,8/8/2020 12:00:00 AM,2333,2,2,0,1,CLEAR,DRY,False,HEAD-ON COLLISION,HEAD ON,STRAIGHT & LEVEL,DARK-HWY NOT LIGHTED,,,8/10/2020 11:52:30 AM,False,5128,Accepted,
27061131,0568000,LOUISVILLE METRO POLICE DEPT,Accepted,JEFFERSON,,1409,15TH,ST,S,,,,,,,38.230566481,-85.779385505,0.356,8/8/2020 12:00:00 AM,0024,2,2,0,2,CLEAR,DRY,False,HEAD-ON COLLISION,HEAD ON,STRAIGHT & LEVEL,DARK-HWY LIGHTED/ON,,,8/10/2020 11:52:34 AM,False,7181,Accepted,
27061138,0568000,LOUISVILLE METRO POLICE DEPT,Accepted,JEFFERSON,KY1020,,3RD,ST,S,,,,CHESTNUT,,GUTHRIE,38.249247880,-85.756164935,12.270,8/8/2020 12:00:00 AM,1520,2,2,0,0,CLEAR,DRY,False,SIDESWIPE COLLISION - SAME DIRECTION,SIDESWIPE-SAME DIRECTION,STRAIGHT & LEVEL,DAYLIGHT,,,8/10/2020 11:53:02 AM,False,5173,Accepted,
27061099,0568000,LOUISVILLE METRO POLICE DEPT,Accepted,JEFFERSON,,,DAFFODIL,DR,,,AZALEA,,,,,38.143153485,-85.859486170,0.082,8/8/2020 12:00:00 AM,0306,1,1,0,0,CLEAR,DRY,True,COLLISION WITH FIXED OBJECT IN INTERSECTION - FIRST EVENT COLLISION 09 - 32,SINGLE VEHICLE,STRAIGHT & LEVEL,DARK-HWY LIGHTED/ON,,,8/10/2020 11:50:23 AM,False,2721,Accepted,
27061100,0568000,LOUISVILLE METRO POLICE DEPT,Accepted,JEFFERSON,,,CASTLEWOOD,AVE,,,BARRET,,,,,38.231008426,-85.723997670,0.423,8/8/2020 12:00:00 AM,0440,1,1,0,1,CLEAR,DRY,False,COLLISION WITH FIXED OBJECT IN INTERSECTION - FIRST EVENT COLLISION 09 - 32,SINGLE VEHICLE,CURVE & LEVEL,DARK-HWY LIGHTED/ON,,,8/10/2020 11:50:27 AM,False,5188,Accepted,
27061092,0568000,LOUISVILLE METRO POLICE DEPT,Accepted,JEFFERSON,,,BROADWAY,,W,,28TH,,,,,38.249447641,-85.798089476,0.536,8/8/2020 12:00:00 AM,0011,3,2,0,1,CLEAR,DRY,True,HEAD-ON COLLISION,HEAD ON,STRAIGHT & LEVEL,DARK-HWY LIGHTED/ON,,,8/10/2020 11:49:56 AM,False,7138,Accepted,
27061108,0568000,LOUISVILLE METRO POLICE DEPT,Accepted,JEFFERSON,I 0065,,I65 S,,,,,,,,,38.229921078,-85.751233990,134.139,8/8/2020 12:00:00 AM,1300,3,3,0,0,CLEAR,DRY,True,REAR END IN TRAFFIC LANES BOTH VEHICLES MOVING,REAR END,STRAIGHT & LEVEL,DAYLIGHT,,,8/10/2020 11:51:07 AM,False,5111,Accepted,
27061109,0568000,LOUISVILLE METRO POLICE DEPT,Accepted,JEFFERSON,US0031W,,DIXIE,HWY,,,,,ASHBY,,VESPER,38.105342643,-85.868158321,8.457,8/8/2020 12:00:00 AM,1627,2,2,0,2,CLEAR,DRY,False,OTHER ROADWAY OR MID-BLOCK COLLISION,OPPOSING LEFT TURN,STRAIGHT & LEVEL,DAYLIGHT,,,8/10/2020 11:51:12 AM,False,7144,Accepted,
27061110,0568000,LOUISVILLE METRO POLICE DEPT,Accepted,JEFFERSON,,,BANK,ST,,,20TH,,,,,38.265383920,-85.782123818,0.113,8/8/2020 12:00:00 AM,1745,2,2,0,0,CLEAR,DRY,False,ANGLE COLLISION - OTHER,ANGLE,STRAIGHT & LEVEL,DAYLIGHT,,,8/10/2020 11:51:16 AM,False,7988,Accepted,
27108218,0568000,LOUISVILLE METRO POLICE DEPT,Accepted,JEFFERSON,,,INGLE,AVE,,,,,WEISSER,KY2048,CANNONS,38.252197553,-85.669665105,0.031,8/8/2020 12:00:00 AM,1337,3,3,0,0,CLEAR,DRY,False,1 VEHICLE ENTERING/LEAVING ENTRANCE,ANGLE,STRAIGHT & LEVEL,DAYLIGHT,,,8/21/2020 8:19:30 AM,False,7180,Accepted,
27132757,0568000,LOUISVILLE METRO POLICE DEPT,Accepted,JEFFERSON,,,GREENWOOD,RD,,KY1230,CANE RUN,,,,,38.147580126,-85.896166973,0.004,8/7/2020 12:00:00 AM,2035,2,2,0,1,CLEAR,DRY,False,ANGLE COLLISION - OTHER,ANGLE,STRAIGHT & LEVEL,DUSK,,,8/27/2020 8:11:55 AM,False,5212,Accepted,
27187081,0568000,LOUISVILLE METRO POLICE DEPT,Accepted,JEFFERSON,,,38TH,ST,S,,BROADWAY,,,,,38.250369902,-85.815093537,0.754,8/7/2020 12:00:00 AM,0435,2,2,0,1,CLOUDY,DRY,False,COLLISION WITH PARKED VEHICLE,SIDESWIPE-SAME DIRECTION,STRAIGHT & LEVEL,DARK (UNKNOWN ROADWAY LIGHTING),,,9/9/2020 8:34:41 AM,False,5202,Accepted,
27753042,0560000,JEFFERSON COUNTY SHERIFF DEPT.,Accepted,JEFFERSON,,,LILLIAN,AVE,,,UTAH,,,,,38.210222221,-85.777401662,0.240,8/7/2020 12:00:00 AM,0315,2,2,0,0,CLEAR,DRY,True,COLLISION WITH PARKED VEHICLE,SIDESWIPE-SAME DIRECTION,STRAIGHT & LEVEL,DARK (UNKNOWN ROADWAY LIGHTING),,,2/5/2021 1:03:40 PM,False,4064,Accepted,
27061077,0568000,LOUISVILLE METRO POLICE DEPT,Accepted,JEFFERSON,,,4TH,ST,S,,ORMSBY,,,,,38.232867316,-85.760721148,1.654,8/7/2020 12:00:00 AM,1620,3,3,0,2,CLEAR,DRY,False,ANGLE COLLISION - OTHER,ANGLE,STRAIGHT & LEVEL,DAYLIGHT,,,8/10/2020 11:48:53 AM,False,5111,Accepted,
27061093,0568000,LOUISVILLE METRO POLICE DEPT,Accepted,JEFFERSON,US0031W,12006,DIXIE,HWY,,,,,,,,38.081639911,-85.882088220,6.654,8/7/2020 12:00:00 AM,2311,2,2,0,0,CLEAR,DRY,True,SIDESWIPE COLLISION - SAME DIRECTION,SIDESWIPE-SAME DIRECTION,STRAIGHT & LEVEL,DARK-HWY NOT LIGHTED,,,8/10/2020 11:50:00 AM,False,5103,Accepted,
27061098,0568000,LOUISVILLE METRO POLICE DEPT,Accepted,JEFFERSON,US0060,,SHELBYVILLE,RD,,,LYNDON,,,,,38.248191282,-85.598801889,6.657,8/7/2020 12:00:00 AM,2025,2,2,0,0,CLEAR,DRY,False,ANGLE COLLISION - ONE VEHICLE TURNING LEFT,ANGLE,STRAIGHT & LEVEL,DUSK,,,8/10/2020 11:50:19 AM,False,7055,Accepted,
27061107,0568000,LOUISVILLE METRO POLICE DEPT,Accepted,JEFFERSON,,,GARLAND,AVE,,,,,,,,38.246925577,-85.820800198,2.950,8/7/2020 12:00:00 AM,1300,2,2,0,0,CLEAR,DRY,True,1 VEHICLE ENTERING/LEAVING ENTRANCE,ANGLE,STRAIGHT & GRADE,DAYLIGHT,,,8/10/2020 11:50:56 AM,False,7357,Accepted,
27061101,0568000,LOUISVILLE METRO POLICE DEPT,Accepted,JEFFERSON,,,MAGNOLIA,AVE,W,,,,4TH,KY1020,3RD,38.229096263,-85.760550980,0.229,8/7/2020 12:00:00 AM,2252,3,3,0,1,CLEAR,DRY,True,1 VEHICLE PARKED POSITION (NOT PARKING LOT/DRIVEWAY),SIDESWIPE-OPPOSITE DIRECTION,STRAIGHT & LEVEL,DARK-HWY LIGHTED/ON,,,8/10/2020 11:50:31 AM,False,5236,Accepted,
27061075,0568000,LOUISVILLE METRO POLICE DEPT,Accepted,JEFFERSON,KY0061,4918,PRESTON,HWY,,,,,,,,38.176138116,-85.714311472,7.010,8/7/2020 12:00:00 AM,1330,1,1,0,1,CLEAR,DRY,False,COLLISION WITH FIXED OBJECT NON - INTERSECTION - FIRST EVENT COLLISION 09 - 32 EXCLUDING 16,SINGLE VEHICLE,STRAIGHT & LEVEL,DAYLIGHT,,,8/10/2020 11:48:42 AM,False,7451,Accepted,
27061076,0568000,LOUISVILLE METRO POLICE DEPT,Accepted,JEFFERSON,,433,ATWOOD,ST,,,,,,,,38.215521565,-85.751094962,0.344,8/7/2020 12:00:00 AM,0945,1,1,0,0,CLEAR,WET,False,COLLISION WITH FIXED OBJECT NON - INTERSECTION - FIRST EVENT COLLISION 09 - 32 EXCLUDING 16,SINGLE VEHICLE,STRAIGHT & LEVEL,DAYLIGHT,,,8/10/2020 11:48:49 AM,False,5111,Accepted,
27061082,0568000,LOUISVILLE METRO POLICE DEPT,Accepted,JEFFERSON,KY1934,,GREENBELT,HWY,,,,,,,,38.110920295,-85.894434640,1.918,8/7/2020 12:00:00 AM,1718,2,2,0,3,CLEAR,DRY,False,1 VEHICLE ENTERING/LEAVING ENTRANCE,ANGLE,STRAIGHT & LEVEL,DAYLIGHT,,,8/10/2020 11:49:15 AM,False,7234,Accepted,
27061085,0568000,LOUISVILLE METRO POLICE DEPT,Accepted,JEFFERSON,KY2054,,ALGONQUIN,PKWY,,,16TH,,,,,38.222188312,-85.782833785,2.168,8/7/2020 12:00:00 AM,1424,2,2,0,1,CLOUDY,DRY,False,ANGLE COLLISION - OTHER,ANGLE,STRAIGHT & HILLCREST,DAYLIGHT,,,8/10/2020 11:49:29 AM,False,5273,Accepted,
27061090,0568000,LOUISVILLE METRO POLICE DEPT,Accepted,JEFFERSON,,,LIBERTY,ST,W,,6TH,,,,,38.253432717,-85.760618297,0.418,8/7/2020 12:00:00 AM,1919,2,2,0,1,CLEAR,DRY,False,OTHER INTERSECTION COLLISIONS,REAR END,STRAIGHT & LEVEL,DAYLIGHT,,,8/10/2020 11:49:47 AM,False,7311,Accepted,
27050197,0568000,LOUISVILLE METRO POLICE DEPT,Accepted,JEFFERSON,I 0265,,I265 W,,,,,,,,,38.114161593,-85.664757568,12.348,8/7/2020 12:00:00 AM,0044,1,1,0,0,CLEAR,DRY,False,COLLISION WITH FIXED OBJECT NON - INTERSECTION - FIRST EVENT COLLISION 09 - 32 EXCLUDING 16,SINGLE VEHICLE,STRAIGHT & LEVEL,DARK-HWY LIGHTED/ON,,,8/7/2020 8:36:19 AM,False,7474,Accepted,
27050194,0568000,LOUISVILLE METRO POLICE DEPT,Accepted,JEFFERSON,,,WINKLER,AVE,,,UTAH,,,,,38.212728449,-85.772163301,0.155,8/7/2020 12:00:00 AM,0310,1,1,0,0,CLEAR,DRY,False,COLLISION WITH FIXED OBJECT IN INTERSECTION - FIRST EVENT COLLISION 09 - 32,SINGLE VEHICLE,STRAIGHT & LEVEL,DARK (UNKNOWN ROADWAY LIGHTING),,,8/7/2020 8:36:02 AM,False,5213,Accepted,
27050195,0568000,LOUISVILLE METRO POLICE DEPT,Accepted,JEFFERSON,US0031W,,22ND,ST,S,,GAULBERT,,,,,38.228020247,-85.793212244,18.092,8/7/2020 12:00:00 AM,0154,2,2,0,1,CLEAR,DRY,True,OTHER INTERSECTION COLLISIONS,REAR END,CURVE & LEVEL,DARK-HWY LIGHTED/ON,,,8/7/2020 8:36:09 AM,False,5239,Accepted,
27061115,0568000,LOUISVILLE METRO POLICE DEPT,Accepted,JEFFERSON,KY1865,,TAYLOR,BLVD,,,LYNNHURST,,,,,38.178557568,-85.783030374,4.957,8/7/2020 12:00:00 AM,1124,2,2,0,1,CLEAR,DRY,False,OPPOSING LEFT TURN,OPPOSING LEFT TURN,STRAIGHT & LEVEL,DAYLIGHT,,,8/10/2020 11:51:36 AM,False,2745,Accepted,
27061116,0568000,LOUISVILLE METRO POLICE DEPT,Accepted,JEFFERSON,KY1931,,MANSLICK,RD,,,ANNA,,,,,38.181256201,-85.799193822,7.377,8/7/2020 12:00:00 AM,1432,2,2,0,2,CLEAR,DRY,False,SIDESWIPE-SAME DIRECTION,SIDESWIPE-SAME DIRECTION,STRAIGHT & GRADE,DAYLIGHT,,,8/10/2020 11:51:40 AM,False,2745,Accepted,
27061135,0568000,LOUISVILLE METRO POLICE DEPT,Accepted,JEFFERSON,,,SHORT,ST,,,GRIFFITHS,,,,,38.263959415,-85.784270401,0.066,8/7/2020 12:00:00 AM,1538,2,2,0,0,CLEAR,DRY,True,HEAD-ON COLLISION,HEAD ON,STRAIGHT & LEVEL,DAYLIGHT,,,8/10/2020 11:52:49 AM,False,7805,Accepted,
27061114,0568000,LOUISVILLE METRO POLICE DEPT,Accepted,JEFFERSON,KY1934,,CANE RUN,RD,,,LINDENWOOD,,,,,38.178701681,-85.860751589,7.258,8/7/2020 12:00:00 AM,2015,2,2,0,1,CLEAR,DRY,False,ANGLE COLLISION - OTHER,ANGLE,STRAIGHT & LEVEL,DAYLIGHT,,,8/10/2020 11:51:32 AM,False,5059,Accepted,
27061121,0568000,LOUISVILLE METRO POLICE DEPT,Accepted,JEFFERSON,US0060,,SHELBYVILLE,RD,,,BECKLEY WOODS,,,,,38.241626958,-85.498520495,12.295,8/7/2020 12:00:00 AM,1148,2,2,0,0,CLEAR,DRY,False,OTHER INTERSECTION COLLISIONS,REAR END,STRAIGHT & GRADE,DAYLIGHT,,,8/10/2020 11:51:48 AM,False,7802,Accepted,
27061103,0568000,LOUISVILLE METRO POLICE DEPT,Accepted,JEFFERSON,I 0264,,I264 W,,,,,,,,,38.190245777,-85.758873289,10.707,8/7/2020 12:00:00 AM,1614,3,3,0,1,CLEAR,DRY,True,REAR END IN TRAFFIC LANES BOTH VEHICLES MOVING,REAR END,STRAIGHT & LEVEL,DAYLIGHT,,,8/10/2020 11:50:39 AM,False,7472,Accepted,
27061104,0568000,LOUISVILLE METRO POLICE DEPT,Accepted,JEFFERSON,,,ESQUIRE,ALY,,,10TH,,,,,38.247850003,-85.768377856,0.092,8/7/2020 12:00:00 AM,0852,2,2,0,0,CLEAR,DRY,False,COLLISION WITH PARKED VEHICLE,SIDESWIPE-SAME DIRECTION,STRAIGHT & LEVEL,DAYLIGHT,,,8/10/2020 11:50:43 AM,False,5173,Accepted,
27061105,0568000,LOUISVILLE METRO POLICE DEPT,Accepted,JEFFERSON,US0031W,,DIXIE,HWY,,,JOHNSONTOWN,,,,,38.121201748,-85.855689434,9.749,8/7/2020 12:00:00 AM,1110,3,3,0,0,CLEAR,DRY,False,ANGLE COLLISION - OTHER,ANGLE,STRAIGHT & LEVEL,DAYLIGHT,,,8/10/2020 11:50:47 AM,False,2311,Accepted,
27061106,0568000,LOUISVILLE METRO POLICE DEPT,Accepted,JEFFERSON,I 0064,,,,,,,,,,,38.259158645,-85.742851781,0.168,8/7/2020 12:00:00 AM,1910,2,2,0,0,CLEAR,DRY,False,OTHER RAMP RELATED COLLISIONS NOT LISTED ABOVE,SIDESWIPE-SAME DIRECTION,CURVE & GRADE,DAYLIGHT,I 0065,I 0064,8/10/2020 11:50:51 AM,False,2855,Accepted,
27061078,0568000,LOUISVILLE METRO POLICE DEPT,Accepted,JEFFERSON,,,3RD,ST,S,KY2801,SOUTHERN HEIGHTS,,,,,38.189164552,-85.764951321,0.785,8/7/2020 12:00:00 AM,1626,1,1,0,0,CLEAR,DRY,False,COLLISION WITH FIXED OBJECT IN INTERSECTION - FIRST EVENT COLLISION 09 - 32,SINGLE VEHICLE,STRAIGHT & LEVEL,DAYLIGHT,,,8/10/2020 11:48:58 AM,False,7048,Accepted,
27061079,0568000,LOUISVILLE METRO POLICE DEPT,Accepted,JEFFERSON,,,3RD,ST,S,KY2801,SOUTHERN HEIGHTS,,,,,38.189149897,-85.764856525,0.788,8/7/2020 12:00:00 AM,1729,2,2,0,1,CLEAR,DRY,False,OTHER INTERSECTION COLLISIONS,REAR END,STRAIGHT & LEVEL,DAYLIGHT,,,8/10/2020 11:49:01 AM,False,7048,Accepted,
27061080,0568000,LOUISVILLE METRO POLICE DEPT,Accepted,JEFFERSON,,119,OAK,ST,E,,,,,,,38.234568719,-85.754681615,0.035,8/7/2020 12:00:00 AM,1550,2,2,0,0,CLEAR,DRY,False,1 VEHICLE ENTERING/LEAVING ENTRANCE,ANGLE,STRAIGHT & LEVEL,DAYLIGHT,,,8/10/2020 11:49:06 AM,False,7441,Accepted,
27061081,0568000,LOUISVILLE METRO POLICE DEPT,Accepted,JEFFERSON,I 0264,,I264 W,,,,,,,,,38.185908040,-85.805357504,8.000,8/7/2020 12:00:00 AM,1506,4,4,0,1,CLEAR,DRY,False,SIDESWIPE COLLISION - SAME DIRECTION,SIDESWIPE-SAME DIRECTION,STRAIGHT & LEVEL,DAYLIGHT,,,8/10/2020 11:49:10 AM,False,2217,Accepted,
27061086,0568000,LOUISVILLE METRO POLICE DEPT,Accepted,JEFFERSON,US0031W,,MARKET,ST,W,,,,12TH,,11TH,38.256550898,-85.768667851,21.174,8/7/2020 12:00:00 AM,1633,2,2,0,0,CLEAR,DRY,False,REAR END IN TRAFFIC LANES BOTH VEHICLES MOVING,REAR END,STRAIGHT & LEVEL,DAYLIGHT,,,8/10/2020 11:49:34 AM,False,5173,Accepted,
27061087,0568000,LOUISVILLE METRO POLICE DEPT,Accepted,JEFFERSON,,3812,WHEELER,AVE,,,,,,,,38.187933444,-85.788810531,0.541,8/7/2020 12:00:00 AM,1721,3,3,0,1,CLEAR,DRY,False,1 VEHICLE PARKED POSITION (NOT PARKING LOT/DRIVEWAY),HEAD ON,STRAIGHT & LEVEL,DAYLIGHT,,,8/10/2020 11:49:38 AM,False,7472,Accepted,
27061089,0568000,LOUISVILLE METRO POLICE DEPT,Accepted,JEFFERSON,,,OLD HEADY,RD,,,SARATOGA SPRINGS,,,,,38.174025385,-85.529675774,0.972,8/7/2020 12:00:00 AM,0817,2,2,0,2,CLEAR,DRY,False,OPPOSING LEFT TURN,OPPOSING LEFT TURN,STRAIGHT & LEVEL,DAYLIGHT,,,8/10/2020 11:49:42 AM,False,4693,Accepted,
27061140,0568000,LOUISVILLE METRO POLICE DEPT,Accepted,JEFFERSON,KY1934,3408,CANE RUN,RD,,,,,PENWAY,,LINWOOD,38.223256402,-85.810381275,11.404,8/7/2020 12:00:00 AM,1024,2,2,0,1,CLEAR,DRY,False,1 VEHICLE ENTERING/LEAVING ENTRANCE,ANGLE,STRAIGHT & LEVEL,DAYLIGHT,,,8/10/2020 11:53:09 AM,False,7656,Accepted,
27050190,0568000,LOUISVILLE METRO POLICE DEPT,Accepted,JEFFERSON,KY0146,,LA GRANGE,RD,,KY1447,WESTPORT,,,,,38.297023844,-85.506099650,8.250,8/7/2020 12:00:00 AM,0608,2,2,0,0,CLEAR,DRY,False,ANGLE COLLISION - OTHER,ANGLE,STRAIGHT & LEVEL,DAWN,,,8/7/2020 8:35:43 AM,False,7012,Accepted,
27050192,0568000,LOUISVILLE METRO POLICE DEPT,Accepted,JEFFERSON,US0042,2100,BROWNSBORO,RD,,,,,,,,38.259281426,-85.706080734,1.603,8/7/2020 12:00:00 AM,0505,1,1,0,0,CLEAR,DRY,False,COLLISION WITH FIXED OBJECT NON - INTERSECTION - FIRST EVENT COLLISION 09 - 32 EXCLUDING 16,SINGLE VEHICLE,STRAIGHT & LEVEL,DARK-HWY LIGHTED/ON,,,8/7/2020 8:35:54 AM,False,5029,Accepted,
27050198,0568000,LOUISVILLE METRO POLICE DEPT,Accepted,JEFFERSON,,2107,DATE,ST,,,,,,,,38.242999396,-85.788340607,0.394,8/7/2020 12:00:00 AM,0007,2,2,0,0,CLEAR,DRY,True,1 VEHICLE PARKED POSITION (NOT PARKING LOT/DRIVEWAY),SIDESWIPE-SAME DIRECTION,STRAIGHT & LEVEL,DARK-HWY LIGHTED/ON,,,8/7/2020 8:36:28 AM,False,7388,Accepted,
27061137,0568000,LOUISVILLE METRO POLICE DEPT,Accepted,JEFFERSON,,,TEXTILE,AVE,,,,,,,,38.146814254,-85.838817621,0.038,8/7/2020 12:00:00 AM,2009,1,1,0,0,CLEAR,DRY,True,COLLISION WITH FIXED OBJECT NON - INTERSECTION - FIRST EVENT COLLISION 09 - 32 EXCLUDING 16,SINGLE VEHICLE,STRAIGHT & LEVEL,DAYLIGHT,,,8/10/2020 11:52:58 AM,False,7340,Accepted,