IncidentID,AgencyORI,AgencyName,IncidentStatusDesc,County,RdwyNumber,Street,RoadwayName,StreetSfx,StreetDir,IntersectionRdwy,IntersectionRdwyName,BetweenStRdwy1,BetweenStRdwyName1,BetweenStRdwy2,BetweenStRdwyName2,Latitude,Longitude,Milepoint,CollisionDate,CollisionTime,UnitsInvolved,MotorVehiclesInvolved,NumberKilled,NumberInjured,Weather,RdwyConditionCode,HitandRun,DirAnalysisCode,MannerofCollision,RdwyCharacter,LightCondition,RampFromRdwyId,RampToRdwyId,AcceptedDate,IsSecondaryCollision,OwnerBadge,IncidentStatus,
27061155,0568000,LOUISVILLE METRO POLICE DEPT,Accepted,JEFFERSON,,600,34TH,ST,S,,,,,,,38.253968034,-85.807736639,0.528,8/7/2020 12:00:00 AM,2210,2,2,0,1,CLEAR,DRY,False,1 VEHICLE PARKED POSITION (NOT PARKING LOT/DRIVEWAY),REAR END,STRAIGHT & LEVEL,DARK-HWY NOT LIGHTED,,,8/10/2020 11:54:07 AM,False,5158,Accepted,
27050168,0568000,LOUISVILLE METRO POLICE DEPT,Accepted,JEFFERSON,KY2053,,THIXTON,LN,,,,,,,,38.092383298,-85.593520750,5.274,8/6/2020 12:00:00 AM,1052,2,2,0,2,CLOUDY,DRY,False,1 VEHICLE ENTERING/LEAVING ENTRANCE,ANGLE,STRAIGHT & LEVEL,DAYLIGHT,,,8/7/2020 8:33:55 AM,False,4693,Accepted,
27061395,0560000,JEFFERSON COUNTY SHERIFF DEPT.,Accepted,JEFFERSON,,,7TH,ST,S,,,,,,,38.246804208,-85.763309070,2.047,8/6/2020 12:00:00 AM,1530,2,2,0,0,CLEAR,DRY,False,1 VEHICLE ENTERING/LEAVING ENTRANCE,ANGLE,STRAIGHT & LEVEL,DAYLIGHT,,,8/10/2020 12:40:45 PM,False,4021,Accepted,
27065175,0568000,LOUISVILLE METRO POLICE DEPT,Accepted,JEFFERSON,,,28TH,ST,S,,MAGAZINE,,,,,38.252041511,-85.797834298,0.626,8/6/2020 12:00:00 AM,1828,2,2,0,2,CLEAR,DRY,False,ANGLE COLLISION - OTHER,ANGLE,STRAIGHT & LEVEL,DAYLIGHT,,,8/11/2020 10:14:28 AM,False,2854,Accepted,
27050209,0568000,LOUISVILLE METRO POLICE DEPT,Accepted,JEFFERSON,KY0061,5601,PRESTON,HWY,,,,,,,,38.168609407,-85.706034610,6.309,8/6/2020 12:00:00 AM,1905,2,2,0,0,CLEAR,DRY,False,COLLISION IN PARKING LOT,ANGLE,STRAIGHT & LEVEL,DAYLIGHT,,,8/7/2020 8:37:17 AM,False,5269,Accepted,
27050175,0568000,LOUISVILLE METRO POLICE DEPT,Accepted,JEFFERSON,US0060A,,LEXINGTON,RD,,,GARDEN,,,,,38.248649694,-85.680592582,9.226,8/6/2020 12:00:00 AM,1338,2,1,0,1,CLEAR,DRY,False,COLLISION WITH PEDESTRIAN IN INTERSECTION,SINGLE VEHICLE,STRAIGHT & LEVEL,DAYLIGHT,,,8/7/2020 8:34:21 AM,False,7403,Accepted,
27050216,0568000,LOUISVILLE METRO POLICE DEPT,Accepted,JEFFERSON,KY1932,,BRECKENRIDGE,LN,,KY0155,TAYLORSVILLE,,,,,38.220207692,-85.630563995,2.865,8/6/2020 12:00:00 AM,1641,3,3,0,0,CLEAR,DRY,False,OTHER INTERSECTION COLLISIONS,REAR END,STRAIGHT & LEVEL,DAYLIGHT,,,8/7/2020 8:38:07 AM,False,7864,Accepted,
27050218,0568000,LOUISVILLE METRO POLICE DEPT,Accepted,JEFFERSON,KY0864,,POPLAR LEVEL,RD,,,,,,,,38.193835094,-85.707074951,11.196,8/6/2020 12:00:00 AM,1644,2,2,0,0,CLEAR,DRY,False,REAR END IN TRAFFIC LANES BOTH VEHICLES MOVING,REAR END,CURVE & HILLCREST,DAYLIGHT,,,8/7/2020 8:38:19 AM,False,5130,Accepted,
27050224,0568000,LOUISVILLE METRO POLICE DEPT,Accepted,JEFFERSON,,,CHAMBERLAIN,LN,,I 0265,I265 S EXIT33 OFF RAMP TO  CHAMBERLAIN LN,,,,,38.294443929,-85.540100942,1.745,8/6/2020 12:00:00 AM,0549,2,2,0,2,CLEAR,DRY,False,OPPOSING LEFT TURN,OPPOSING LEFT TURN,STRAIGHT & LEVEL,DAWN,,,8/7/2020 8:38:55 AM,False,7098,Accepted,
27050225,0568000,LOUISVILLE METRO POLICE DEPT,Accepted,JEFFERSON,,,DUNCAN,ST,,,,,,,,38.263554702,-85.794234182,0.950,8/6/2020 12:00:00 AM,0030,3,3,0,0,CLEAR,DRY,True,1 VEHICLE PARKED POSITION (NOT PARKING LOT/DRIVEWAY),SIDESWIPE-SAME DIRECTION,STRAIGHT & LEVEL,DARK-HWY LIGHTED/ON,,,8/7/2020 8:39:01 AM,False,7487,Accepted,
27050214,0568000,LOUISVILLE METRO POLICE DEPT,Accepted,JEFFERSON,,,LYDIA,ST,,,,,,,,38.220540230,-85.732908535,0.160,8/6/2020 12:00:00 AM,1845,2,1,0,1,CLEAR,DRY,False,COLLISION WITH BICYCLIST NON INTERSECTION,SINGLE VEHICLE,STRAIGHT & LEVEL,DAYLIGHT,,,8/7/2020 8:37:51 AM,False,5052,Accepted,
27050215,0568000,LOUISVILLE METRO POLICE DEPT,Accepted,JEFFERSON,,,OAKDALE,AVE,,,,,,,,38.203472082,-85.765366655,0.199,8/6/2020 12:00:00 AM,1845,2,2,0,1,CLEAR,DRY,True,1 VEHICLE ENTERING/LEAVING ENTRANCE,ANGLE,STRAIGHT & LEVEL,DAYLIGHT,,,8/7/2020 8:37:58 AM,True,5260,Accepted,
27050200,0568000,LOUISVILLE METRO POLICE DEPT,Accepted,JEFFERSON,,825,28TH,ST,S,,,,,,,38.246771480,-85.798735267,0.993,8/6/2020 12:00:00 AM,2345,2,1,0,1,CLEAR,DRY,True,COLLISION WITH BICYCLIST NON INTERSECTION,SINGLE VEHICLE,STRAIGHT & LEVEL,DARK-HWY LIGHTED/ON,,,8/7/2020 8:36:32 AM,False,5239,Accepted,
27050201,0568000,LOUISVILLE METRO POLICE DEPT,Accepted,JEFFERSON,KY0061,,PRESTON,HWY,,,OAKLAWN,,,,,38.148784843,-85.692463031,4.730,8/6/2020 12:00:00 AM,2312,2,2,0,0,CLEAR,DRY,False,OTHER INTERSECTION COLLISIONS,REAR END,STRAIGHT & LEVEL,DARK-HWY LIGHTED/ON,,,8/7/2020 8:36:36 AM,False,7016,Accepted,
27050206,0568000,LOUISVILLE METRO POLICE DEPT,Accepted,JEFFERSON,,,CHATEAU,LN,,,,,,,,38.147588447,-85.693398407,0.083,8/6/2020 12:00:00 AM,0845,2,2,0,0,CLEAR,DRY,False,COLLISION IN PARKING LOT,BACKING,STRAIGHT & LEVEL,DARK-HWY LIGHTED/ON,,,8/7/2020 8:37:06 AM,False,7670,Accepted,
27050207,0568000,LOUISVILLE METRO POLICE DEPT,Accepted,JEFFERSON,,,7TH,ST,S,,,,MAGNOLIA,,BURNETT,38.228600857,-85.768061554,0.794,8/6/2020 12:00:00 AM,1949,2,2,0,0,CLEAR,DRY,False,OTHER ROADWAY OR MID-BLOCK COLLISION,REAR END,STRAIGHT & GRADE,DAYLIGHT,,,8/7/2020 8:37:12 AM,False,7426,Accepted,
27061191,0568000,LOUISVILLE METRO POLICE DEPT,Accepted,JEFFERSON,,,VIRGINIA,AVE,,,32ND,,,,,38.238985428,-85.810266349,0.768,8/6/2020 12:00:00 AM,1747,2,2,0,0,CLEAR,DRY,False,COLLISION WITH PARKED VEHICLE,SIDESWIPE-SAME DIRECTION,STRAIGHT & LEVEL,DAYLIGHT,,,8/10/2020 11:55:39 AM,False,7437,Accepted,
27050212,0568000,LOUISVILLE METRO POLICE DEPT,Accepted,JEFFERSON,,,BRENTLINGER,LN,,,,US0031E,BARDSTOWN,,CHISM TRAIL,38.134678556,-85.577903655,0.100,8/6/2020 12:00:00 AM,1902,1,1,0,1,CLEAR,DRY,False,COLLISION WITH FIXED OBJECT NON - INTERSECTION - FIRST EVENT COLLISION 09 - 32 EXCLUDING 16,SINGLE VEHICLE,CURVE & LEVEL,DAYLIGHT,,,8/7/2020 8:37:43 AM,False,2321,Accepted,
27050203,0568000,LOUISVILLE METRO POLICE DEPT,Accepted,JEFFERSON,,,18TH,ST,S,,MUHAMMAD ALI,,,,,38.253651082,-85.780695501,0.380,8/6/2020 12:00:00 AM,2148,2,2,0,1,CLEAR,DRY,False,ANGLE COLLISION - OTHER,ANGLE,STRAIGHT & LEVEL,OTHER,,,8/7/2020 8:36:51 AM,False,7173,Accepted,
27050205,0568000,LOUISVILLE METRO POLICE DEPT,Accepted,JEFFERSON,KY1934,,CANE RUN,RD,,,SHANKS,,,,,38.195403954,-85.842625351,8.782,8/6/2020 12:00:00 AM,2132,4,4,0,0,CLEAR,DRY,True,ANGLE COLLISION - OTHER,ANGLE,STRAIGHT & LEVEL,DARK-HWY LIGHTED/ON,,,8/7/2020 8:37:00 AM,False,7388,Accepted,
27045567,0568000,LOUISVILLE METRO POLICE DEPT,Accepted,JEFFERSON,KY1747,,FERN VALLEY,RD,,,,,,,,38.157521063,-85.727963667,0.224,8/6/2020 12:00:00 AM,0530,2,2,0,0,CLEAR,DRY,True,OTHER ROADWAY OR MID-BLOCK COLLISION,REAR END,STRAIGHT & HILLCREST,DARK-HWY LIGHTED/ON,,,8/6/2020 8:06:45 AM,False,7016,Accepted,
27050160,0568000,LOUISVILLE METRO POLICE DEPT,Accepted,JEFFERSON,,7200,INTERMODAL,DR,,,,,,,,38.158545257,-85.890579258,0.337,8/6/2020 12:00:00 AM,0900,2,2,0,2,CLEAR,DRY,False,OTHER ROADWAY OR MID-BLOCK COLLISION,OPPOSING LEFT TURN,STRAIGHT & LEVEL,DAYLIGHT,,,8/7/2020 8:33:02 AM,False,7149,Accepted,
27050170,0568000,LOUISVILLE METRO POLICE DEPT,Accepted,JEFFERSON,,1901,35TH,ST,S,KY2054,ALGONQUIN,,,,,38.225044112,-85.814220181,1.217,8/6/2020 12:00:00 AM,1410,2,2,0,0,CLEAR,DRY,False,COLLISION WITH PARKED VEHICLE,REAR END,STRAIGHT & LEVEL,DAYLIGHT,,,8/7/2020 8:34:06 AM,False,5002,Accepted,
27061083,0568000,LOUISVILLE METRO POLICE DEPT,Accepted,JEFFERSON,I 0065,,I65 N,,,,,I 0065,I65 N EXIT134 ON RAMP FROM US61,I 0065,I65 N EXIT133 ON RAMP FROM  WARNOCK ST,38.220113239,-85.751760266,133.458,8/6/2020 12:00:00 AM,0730,2,2,0,0,CLEAR,DRY,True,OTHER ROADWAY OR MID-BLOCK COLLISION,REAR END,STRAIGHT & LEVEL,DAYLIGHT,,,8/10/2020 11:49:20 AM,False,7116,Accepted,
27050219,0568000,LOUISVILLE METRO POLICE DEPT,Accepted,JEFFERSON,US0031E,,BARDSTOWN,RD,,,,,,,,38.213265264,-85.672898439,12.188,8/6/2020 12:00:00 AM,1528,2,2,0,0,CLEAR,DRY,False,REAR END IN TRAFFIC LANES BOTH VEHICLES MOVING,REAR END,STRAIGHT & LEVEL,DAYLIGHT,,,8/7/2020 8:38:27 AM,False,6886,Accepted,
27050220,0568000,LOUISVILLE METRO POLICE DEPT,Accepted,JEFFERSON,,,BLUEGRASS,AVE,,,HAZELWOOD,,,,,38.179427034,-85.788242364,0.581,8/6/2020 12:00:00 AM,1430,2,2,0,0,CLEAR,DRY,True,SIDESWIPE-SAME DIRECTION,SIDESWIPE-SAME DIRECTION,STRAIGHT & LEVEL,DAYLIGHT,,,8/7/2020 8:38:37 AM,False,7471,Accepted,
27050221,0568000,LOUISVILLE METRO POLICE DEPT,Accepted,JEFFERSON,KY0061,,PRESTON,HWY,,,HESS,,,,,38.204860891,-85.736208711,9.324,8/6/2020 12:00:00 AM,0914,2,2,0,0,CLEAR,DRY,False,OTHER INTERSECTION COLLISIONS,REAR END,STRAIGHT & LEVEL,DAYLIGHT,,,8/7/2020 8:38:42 AM,False,7602,Accepted,
27050222,0568000,LOUISVILLE METRO POLICE DEPT,Accepted,JEFFERSON,KY1747,,FERN VALLEY,RD,,,JEFFERSON,,,,,38.156883657,-85.671340829,3.316,8/6/2020 12:00:00 AM,0730,2,2,0,1,CLEAR,DRY,False,OPPOSING LEFT TURN,OPPOSING LEFT TURN,STRAIGHT & LEVEL,DAYLIGHT,,,8/7/2020 8:38:50 AM,False,7397,Accepted,
27061066,0568000,LOUISVILLE METRO POLICE DEPT,Accepted,JEFFERSON,KY1020,9703,NATIONAL,TPKE,,,,,,,,38.111574053,-85.747149138,2.593,8/6/2020 12:00:00 AM,2043,2,2,0,0,CLEAR,DRY,False,VEHICLE BACKING NON INTERSECTION,BACKING,STRAIGHT & LEVEL,DUSK,,,8/10/2020 11:47:57 AM,False,5121,Accepted,
27061102,0568000,LOUISVILLE METRO POLICE DEPT,Accepted,JEFFERSON,,,GREENWOOD,RD,,KY1230,CANE RUN,,,,,38.147540769,-85.896225521,0.001,8/6/2020 12:00:00 AM,1959,2,2,0,1,CLEAR,DRY,False,ANGLE COLLISION - OTHER,ANGLE,STRAIGHT & LEVEL,DAYLIGHT,,,8/10/2020 11:50:35 AM,False,7321,Accepted,
27061073,0568000,LOUISVILLE METRO POLICE DEPT,Accepted,JEFFERSON,KY1631,,CRITTENDEN,DR,,,CENTRAL,,,,,38.202936273,-85.750710667,1.037,8/6/2020 12:00:00 AM,1121,2,2,0,0,CLEAR,DRY,False,ANGLE COLLISION - OTHER,ANGLE,STRAIGHT & LEVEL,DAYLIGHT,,,8/10/2020 11:48:33 AM,False,7830,Accepted,
27050210,0568000,LOUISVILLE METRO POLICE DEPT,Accepted,JEFFERSON,KY1865,4070,TAYLOR,BLVD,,,,,,,,38.179920237,-85.783307250,5.053,8/6/2020 12:00:00 AM,1912,4,4,0,2,CLEAR,DRY,False,1 VEHICLE ENTERING/LEAVING ENTRANCE,ANGLE,STRAIGHT & LEVEL,DAYLIGHT,,,8/7/2020 8:37:21 AM,False,7471,Accepted,
27069486,0568000,LOUISVILLE METRO POLICE DEPT,Accepted,JEFFERSON,I 0264,,I264 E,,,,,,,,,38.227040963,-85.821853734,3.729,8/6/2020 12:00:00 AM,0200,1,1,0,2,CLEAR,DRY,False,COLLISION WITH FIXED OBJECT NON - INTERSECTION - FIRST EVENT COLLISION 09 - 32 EXCLUDING 16,SINGLE VEHICLE,STRAIGHT & LEVEL,DARK-HWY LIGHTED/ON,,,8/12/2020 8:10:23 AM,False,5181,Accepted,
27045547,0568000,LOUISVILLE METRO POLICE DEPT,Accepted,JEFFERSON,KY0864,,POPLAR LEVEL,RD,,,,,,,,38.193171942,-85.706614655,11.186,8/5/2020 12:00:00 AM,1600,2,2,0,1,CLEAR,DRY,False,SIDESWIPE COLLISION - SAME DIRECTION,SIDESWIPE-SAME DIRECTION,STRAIGHT & GRADE,DAYLIGHT,,,8/6/2020 8:05:45 AM,False,5130,Accepted,
27045555,0568000,LOUISVILLE METRO POLICE DEPT,Accepted,JEFFERSON,,8710,SHEPHERDSVILLE,RD,,,,,,,,38.122593524,-85.667095575,1.273,8/5/2020 12:00:00 AM,1052,2,2,0,0,CLEAR,DRY,True,HEAD-ON COLLISION,HEAD ON,STRAIGHT & LEVEL,DAYLIGHT,,,8/6/2020 8:06:07 AM,False,7812,Accepted,
27050157,0568000,LOUISVILLE METRO POLICE DEPT,Accepted,JEFFERSON,,,RUSSETT,BLVD,,,,,ROBINWOOD,,ROBINWOOD,38.166182144,-85.663295793,0.277,8/5/2020 12:00:00 AM,1605,2,2,0,0,CLEAR,DRY,False,1 VEHICLE PARKED POSITION (NOT PARKING LOT/DRIVEWAY),BACKING,STRAIGHT & LEVEL,DAYLIGHT,,,8/7/2020 8:32:52 AM,False,7602,Accepted,
27050164,0568000,LOUISVILLE METRO POLICE DEPT,Accepted,JEFFERSON,,,PRODUCE,RD,,,CAMPISANO,,,,,38.186135518,-85.679540007,0.825,8/5/2020 12:00:00 AM,1315,2,2,0,3,CLEAR,DRY,False,OPPOSING LEFT TURN,OPPOSING LEFT TURN,STRAIGHT & LEVEL,DAYLIGHT,,,8/7/2020 8:33:19 AM,False,7879,Accepted,
27050166,0568000,LOUISVILLE METRO POLICE DEPT,Accepted,JEFFERSON,KY0155,,TAYLORSVILLE,RD,,US0031E,BARDSTOWN,,,,,38.223048382,-85.684666364,16.537,8/5/2020 12:00:00 AM,1224,2,2,0,3,CLEAR,DRY,False,ANGLE COLLISION - ONE VEHICLE TURNING LEFT,ANGLE,STRAIGHT & LEVEL,DAYLIGHT,,,8/7/2020 8:33:43 AM,False,2673,Accepted,
27061084,0568000,LOUISVILLE METRO POLICE DEPT,Accepted,JEFFERSON,,745,VINE,ST,,,,,,,,38.240619504,-85.733885360,0.250,8/5/2020 12:00:00 AM,1500,2,2,0,0,CLEAR,DRY,False,HEAD-ON COLLISION,HEAD ON,STRAIGHT & LEVEL,DAYLIGHT,,,8/10/2020 11:49:26 AM,False,7116,Accepted,
27045559,0568000,LOUISVILLE METRO POLICE DEPT,Accepted,JEFFERSON,KY0907,,3RD ST,RD,,,,,,,,38.115373539,-85.823882213,2.717,8/5/2020 12:00:00 AM,1434,2,2,0,1,CLEAR,DRY,False,SIDESWIPE COLLISION - OPPOSITE DIRECTION,SIDESWIPE-OPPOSITE DIRECTION,CURVE & HILLCREST,DAYLIGHT,,,8/6/2020 8:06:17 AM,False,7234,Accepted,
27045562,0568000,LOUISVILLE METRO POLICE DEPT,Accepted,JEFFERSON,US0031W,7200,DIXIE,HWY,,,,,,,,38.144784313,-85.838876651,11.770,8/5/2020 12:00:00 AM,1335,2,2,0,0,CLEAR,DRY,False,REAR END IN TRAFFIC LANES BOTH VEHICLES MOVING,REAR END,STRAIGHT & LEVEL,DAYLIGHT,,,8/6/2020 8:06:28 AM,False,7524,Accepted,
27045563,0568000,LOUISVILLE METRO POLICE DEPT,Accepted,JEFFERSON,US0031E,,BARDSTOWN,RD,,,,,,,,38.144775722,-85.584841878,5.163,8/5/2020 12:00:00 AM,2203,3,3,0,2,CLEAR,DRY,False,1 VEHICLE ENTERING/LEAVING ENTRANCE,ANGLE,CURVE & LEVEL,DARK-HWY NOT LIGHTED,,,8/6/2020 8:06:31 AM,False,7106,Accepted,
27045544,0568000,LOUISVILLE METRO POLICE DEPT,Accepted,JEFFERSON,KY0841,,GENE SNYDER,FWY,,,,,,,,38.115142890,-85.701993324,10.220,8/5/2020 12:00:00 AM,1219,2,2,0,1,CLEAR,DRY,False,REAR END IN TRAFFIC LANES BOTH VEHICLES MOVING,REAR END,CURVE & LEVEL,DAYLIGHT,,,8/6/2020 8:05:33 AM,False,4693,Accepted,
27045546,0568000,LOUISVILLE METRO POLICE DEPT,Accepted,JEFFERSON,,,JOHNSON SCHOOL,RD,,,CEDAR CREEK,,,,,38.122974008,-85.599155485,1.407,8/5/2020 12:00:00 AM,0200,1,1,0,0,CLEAR,DRY,False,COLLISION WITH FIXED OBJECT IN INTERSECTION - FIRST EVENT COLLISION 09 - 32,SINGLE VEHICLE,STRAIGHT & LEVEL,DARK-HWY NOT LIGHTED,,,8/6/2020 8:05:38 AM,False,7755,Accepted,
27045548,0568000,LOUISVILLE METRO POLICE DEPT,Accepted,JEFFERSON,KY1865,,TAYLOR,BLVD,,I 0264,I264 W EXIT9 OFF RAMP TO KY1865,,,,,38.189830108,-85.783422875,5.753,8/5/2020 12:00:00 AM,1708,2,1,0,1,CLEAR,DRY,False,COLLISION WITH BICYCLE IN INTERSECTION,SINGLE VEHICLE,CURVE & LEVEL,DAYLIGHT,,,8/6/2020 8:05:50 AM,False,7360,Accepted,
27045549,0568000,LOUISVILLE METRO POLICE DEPT,Accepted,JEFFERSON,,,STONESTREET,RD,,US0031W,DIXIE,,,,,38.120855542,-85.854664205,0.062,8/5/2020 12:00:00 AM,1218,2,2,0,0,CLEAR,DRY,False,OTHER INTERSECTION COLLISIONS,REAR END,STRAIGHT & GRADE,DAYLIGHT,,,8/6/2020 8:05:55 AM,False,6877,Accepted,
27045550,0568000,LOUISVILLE METRO POLICE DEPT,Accepted,JEFFERSON,,1233,HILL,ST,W,,,,13TH,,12TH,38.227562571,-85.776400835,1.068,8/5/2020 12:00:00 AM,1155,2,2,0,0,CLEAR,DRY,False,SIDESWIPE COLLISION - SAME DIRECTION,SIDESWIPE-SAME DIRECTION,STRAIGHT & LEVEL,DAYLIGHT,,,8/6/2020 8:05:59 AM,False,7381,Accepted,
27045557,0568000,LOUISVILLE METRO POLICE DEPT,Accepted,JEFFERSON,KY1865,,NEW CUT,RD,,,BAKERS,,,,,38.141007591,-85.774237100,2.325,8/5/2020 12:00:00 AM,1650,2,2,0,0,CLEAR,DRY,False,ANGLE COLLISION - ONE VEHICLE TURNING LEFT,ANGLE,STRAIGHT & LEVEL,DAYLIGHT,,,8/6/2020 8:06:11 AM,False,7263,Accepted,
27045558,0568000,LOUISVILLE METRO POLICE DEPT,Accepted,JEFFERSON,,,HUNSINGER,LN,,,EASTSIDE,,,,,38.204483676,-85.619791649,1.321,8/5/2020 12:00:00 AM,1143,2,2,0,1,CLEAR,DRY,False,ANGLE COLLISION - OTHER,ANGLE,STRAIGHT & LEVEL,DAYLIGHT,,,8/6/2020 8:06:14 AM,False,7864,Accepted,
27045564,0568000,LOUISVILLE METRO POLICE DEPT,Accepted,JEFFERSON,,213,WAMPUM,AVE,W,,,,3RD,,2ND,38.186437904,-85.765134336,0.171,8/5/2020 12:00:00 AM,2038,1,1,0,0,CLEAR,DRY,False,COLLISION WITH FIXED OBJECT NON - INTERSECTION - FIRST EVENT COLLISION 09 - 32 EXCLUDING 16,SINGLE VEHICLE,STRAIGHT & LEVEL,DUSK,,,8/6/2020 8:06:36 AM,False,5245,Accepted,
27045565,0568000,LOUISVILLE METRO POLICE DEPT,Accepted,JEFFERSON,KY0061,,PRESTON,HWY,,,OAKLAWN,,,,,38.148773177,-85.692465316,4.729,8/5/2020 12:00:00 AM,2319,2,2,0,0,CLEAR,DRY,True,COLLISION WITH PARKED VEHICLE,SIDESWIPE-SAME DIRECTION,STRAIGHT & LEVEL,DARK-HWY LIGHTED/ON,,,8/6/2020 8:06:39 AM,False,7016,Accepted,
27045566,0568000,LOUISVILLE METRO POLICE DEPT,Accepted,JEFFERSON,US0031W,,DIXIE,HWY,,,JOHNSONTOWN,,,,,38.121261928,-85.855638940,9.744,8/5/2020 12:00:00 AM,1136,2,2,0,1,CLEAR,DRY,False,OTHER INTERSECTION COLLISIONS,REAR END,STRAIGHT & LEVEL,DAYLIGHT,,,8/6/2020 8:06:42 AM,False,7578,Accepted,
27050226,0568000,LOUISVILLE METRO POLICE DEPT,Accepted,JEFFERSON,KY1865,,TAYLOR,BLVD,,,LEHIGH,,,,,38.180517166,-85.783390578,5.097,8/5/2020 12:00:00 AM,1445,2,2,0,0,CLEAR,DRY,False,ANGLE COLLISION - OTHER,ANGLE,STRAIGHT & LEVEL,DAYLIGHT,,,8/7/2020 8:39:07 AM,False,7471,Accepted,
27061094,0568000,LOUISVILLE METRO POLICE DEPT,Accepted,JEFFERSON,KY1932,,BRECKENRIDGE,LN,,,SIX MILE,,,,,38.197612152,-85.625087286,1.130,8/5/2020 12:00:00 AM,0551,2,2,0,0,CLEAR,DRY,False,ANGLE COLLISION - OTHER,ANGLE,STRAIGHT & GRADE,DARK-HWY LIGHTED/ON,,,8/10/2020 11:50:04 AM,False,5288,Accepted,
27076083,0568000,LOUISVILLE METRO POLICE DEPT,Accepted,JEFFERSON,KY2251,3000,BARDSTOWN,RD,,,,,,,,38.191924420,-85.646691061,0.171,8/5/2020 12:00:00 AM,1030,2,2,0,0,CLEAR,DRY,False,COLLISION IN PARKING LOT,BACKING,STRAIGHT & LEVEL,DAYLIGHT,,,8/13/2020 2:49:42 PM,False,2034,Accepted,
27065160,0568000,LOUISVILLE METRO POLICE DEPT,Accepted,JEFFERSON,US0031W,,MAIN,ST,W,,13TH,,,,,38.258244025,-85.771424297,21.116,8/5/2020 12:00:00 AM,1910,2,2,0,2,CLEAR,DRY,False,SIDESWIPE-SAME DIRECTION,SIDESWIPE-SAME DIRECTION,STRAIGHT & LEVEL,DAYLIGHT,,,8/11/2020 10:13:41 AM,False,7058,Accepted,
27192365,0568000,LOUISVILLE METRO POLICE DEPT,Accepted,JEFFERSON,KY1065,4601,OUTER,LOOP,,,,,,,,38.138239528,-85.680088108,6.424,8/5/2020 12:00:00 AM,1020,2,1,0,0,CLEAR,DRY,True,1 VEHICLE PARKED POSITION (NOT PARKING LOT/DRIVEWAY),ANGLE,,DAYLIGHT,,,9/10/2020 9:31:34 AM,False,2308,Accepted,
27310496,0568000,LOUISVILLE METRO POLICE DEPT,Accepted,JEFFERSON,,,28TH,ST,S,,GARLAND,,,,,38.244945414,-85.799030272,1.116,8/4/2020 12:00:00 AM,0710,2,2,0,0,CLOUDY,DRY,False,ANGLE COLLISION - OTHER,ANGLE,STRAIGHT & LEVEL,DAYLIGHT,,,10/9/2020 8:05:24 AM,False,2569,Accepted,
27117950,0568000,LOUISVILLE METRO POLICE DEPT,Accepted,JEFFERSON,,,DOVER,RD,,,MERCER,,,,,38.188392384,-85.832990818,0.424,8/4/2020 12:00:00 AM,1200,2,2,0,0,CLEAR,DRY,True,ANGLE COLLISION - OTHER,ANGLE,STRAIGHT & LEVEL,DAYLIGHT,,,8/24/2020 8:19:37 AM,False,5257,Accepted,
27061070,0568000,LOUISVILLE METRO POLICE DEPT,Accepted,JEFFERSON,I 0064,,I64 E,,,,,,,,,38.238167412,-85.667585973,10.023,8/4/2020 12:00:00 AM,2149,2,2,0,0,CLEAR,DRY,True,SIDESWIPE COLLISION - SAME DIRECTION,SIDESWIPE-SAME DIRECTION,STRAIGHT & LEVEL,DARK-HWY LIGHTED/ON,,,8/10/2020 11:48:19 AM,False,5171,Accepted,
27061071,0568000,LOUISVILLE METRO POLICE DEPT,Accepted,JEFFERSON,US0060,,SHELBYVILLE,RD,,,CHRISTIAN,,,,,38.248826138,-85.606669594,6.227,8/4/2020 12:00:00 AM,1022,2,2,0,0,CLOUDY,DRY,False,OPPOSING LEFT TURN,OPPOSING LEFT TURN,STRAIGHT & LEVEL,DAYLIGHT,,,8/10/2020 11:48:24 AM,False,6456,Accepted,
27061072,0568000,LOUISVILLE METRO POLICE DEPT,Accepted,JEFFERSON,I 0065,,I65 N,,,,,,,,,38.168826378,-85.720508656,129.083,8/4/2020 12:00:00 AM,1701,3,3,0,0,CLEAR,DRY,False,REAR END IN TRAFFIC LANES BOTH VEHICLES MOVING,REAR END,STRAIGHT & LEVEL,DAYLIGHT,,,8/10/2020 11:48:28 AM,False,7830,Accepted,
27040837,0568000,LOUISVILLE METRO POLICE DEPT,Accepted,JEFFERSON,KY2052,,SHEPHERDSVILLE,RD,,,INDIAN,,,,,38.185785361,-85.659673114,3.266,8/4/2020 12:00:00 AM,0913,2,2,1,0,CLEAR,DRY,False,ANGLE COLLISION - OTHER,ANGLE,STRAIGHT & LEVEL,DAYLIGHT,,,8/5/2020 8:09:35 AM,False,7772,Accepted,