IncidentID,AgencyORI,AgencyName,IncidentStatusDesc,County,RdwyNumber,Street,RoadwayName,StreetSfx,StreetDir,IntersectionRdwy,IntersectionRdwyName,BetweenStRdwy1,BetweenStRdwyName1,BetweenStRdwy2,BetweenStRdwyName2,Latitude,Longitude,Milepoint,CollisionDate,CollisionTime,UnitsInvolved,MotorVehiclesInvolved,NumberKilled,NumberInjured,Weather,RdwyConditionCode,HitandRun,DirAnalysisCode,MannerofCollision,RdwyCharacter,LightCondition,RampFromRdwyId,RampToRdwyId,AcceptedDate,IsSecondaryCollision,OwnerBadge,IncidentStatus,
27040838,0568000,LOUISVILLE METRO POLICE DEPT,Accepted,JEFFERSON,,,GARLAND,AVE,,US0031W,DR W J HODGE,,,,,38.243964780,-85.787464270,1.081,8/4/2020 12:00:00 AM,1221,3,3,0,0,CLOUDY,DRY,False,ANGLE COLLISION - OTHER,ANGLE,STRAIGHT & LEVEL,DAYLIGHT,,,8/5/2020 8:09:39 AM,False,7656,Accepted,
27040862,0568000,LOUISVILLE METRO POLICE DEPT,Accepted,JEFFERSON,KY1747,,FERN VALLEY,RD,,KY0864,POPLAR LEVEL,,,,,38.157653448,-85.645872525,4.774,8/4/2020 12:00:00 AM,2105,2,2,0,0,CLEAR,DRY,False,OTHER INTERSECTION COLLISIONS,REAR END,STRAIGHT & LEVEL,DUSK,,,8/5/2020 8:10:34 AM,False,5138,Accepted,
27040840,0568000,LOUISVILLE METRO POLICE DEPT,Accepted,JEFFERSON,US0031E,,BARDSTOWN,RD,,,LITTLE SPRING,,,,,38.095891212,-85.562520922,1.529,8/4/2020 12:00:00 AM,1520,2,2,0,1,CLEAR,DRY,False,ANGLE COLLISION - OTHER,ANGLE,STRAIGHT & HILLCREST,DAYLIGHT,,,8/5/2020 8:09:46 AM,False,7278,Accepted,
27040841,0568000,LOUISVILLE METRO POLICE DEPT,Accepted,JEFFERSON,I 0264,,I264 E,,,,,,,,,38.189944202,-85.750878039,10.915,8/4/2020 12:00:00 AM,1710,2,2,0,0,CLEAR,DRY,False,REAR END IN TRAFFIC LANES BOTH VEHICLES MOVING,REAR END,STRAIGHT & LEVEL,DAYLIGHT,,,8/5/2020 8:09:50 AM,False,7872,Accepted,
27040847,0568000,LOUISVILLE METRO POLICE DEPT,Accepted,JEFFERSON,,2712,GREENWOOD,AVE,,,,,,,,38.241687642,-85.795049415,0.531,8/4/2020 12:00:00 AM,1919,2,2,0,0,CLEAR,DRY,False,1 VEHICLE PARKED POSITION (NOT PARKING LOT/DRIVEWAY),SIDESWIPE-SAME DIRECTION,STRAIGHT & LEVEL,DAYLIGHT,,,8/5/2020 8:10:09 AM,False,7460,Accepted,
27040859,0568000,LOUISVILLE METRO POLICE DEPT,Accepted,JEFFERSON,,2840,HIKES,LN,,,,,,,,38.209311754,-85.643743337,2.003,8/4/2020 12:00:00 AM,2051,1,1,0,0,CLEAR,DRY,False,COLLISION IN PARKING LOT,SINGLE VEHICLE,STRAIGHT & LEVEL,DUSK,,,8/5/2020 8:10:31 AM,False,7492,Accepted,
27045561,0568000,LOUISVILLE METRO POLICE DEPT,Accepted,JEFFERSON,,,17TH,ST,S,,ESQUIRE,,,,,38.249504629,-85.779759348,0.567,8/4/2020 12:00:00 AM,1820,2,2,0,4,CLEAR,DRY,False,ANGLE COLLISION - OTHER,ANGLE,STRAIGHT & LEVEL,DAYLIGHT,,,8/6/2020 8:06:24 AM,False,7805,Accepted,
27040855,0568000,LOUISVILLE METRO POLICE DEPT,Accepted,JEFFERSON,US0031E,,BARDSTOWN,RD,,,EDENSIDE,,,,,38.232781225,-85.710736048,14.726,8/4/2020 12:00:00 AM,2201,4,4,0,0,CLEAR,DRY,False,SIDESWIPE-SAME DIRECTION,SIDESWIPE-SAME DIRECTION,STRAIGHT & LEVEL,DARK-HWY LIGHTED/ON,,,8/5/2020 8:10:22 AM,False,5274,Accepted,
27040856,0568000,LOUISVILLE METRO POLICE DEPT,Accepted,JEFFERSON,,,2ND,ST,S,,,,CENTRAL STATION,,DENNY CRUM OVERPASS,38.203873022,-85.763207239,2.363,8/4/2020 12:00:00 AM,1740,2,2,0,0,CLEAR,DRY,False,1 VEHICLE ENTERING/LEAVING ENTRANCE,ANGLE,STRAIGHT & LEVEL,DAYLIGHT,,,8/5/2020 8:10:26 AM,False,7527,Accepted,
27061068,0568000,LOUISVILLE METRO POLICE DEPT,Accepted,JEFFERSON,KY2251,,BARDSTOWN,RD,,,GERALD,,,,,38.200099144,-85.661903758,1.162,8/4/2020 12:00:00 AM,1723,2,2,0,0,CLEAR,DRY,False,OTHER INTERSECTION COLLISIONS,REAR END,STRAIGHT & LEVEL,DAYLIGHT,,,8/10/2020 11:48:09 AM,False,7938,Accepted,
27053965,0560400,SHIVELY POLICE DEPARTMENT,Accepted,JEFFERSON,I 0264,,I264 W,,,,,I 0264,I264 W EXIT8A OFF RAMP TO US31W N,I 0264,I264 W EXIT9 ON RAMP FROM KY1865,38.185921559,-85.805007420,8.019,8/4/2020 12:00:00 AM,1740,2,2,0,0,CLEAR,DRY,True,SIDESWIPE COLLISION - SAME DIRECTION,SIDESWIPE-SAME DIRECTION,STRAIGHT & GRADE,DAYLIGHT,,,8/8/2020 8:32:02 AM,False,7120,Accepted,
27036238,0568000,LOUISVILLE METRO POLICE DEPT,Accepted,JEFFERSON,KY2054,,ALGONQUIN,PKWY,,,,,,,,38.223167407,-85.792465997,1.638,8/4/2020 12:00:00 AM,0023,2,2,0,1,CLEAR,DRY,True,REAR END IN TRAFFIC LANES BOTH VEHICLES MOVING,REAR END,STRAIGHT & LEVEL,DARK-HWY LIGHTED/ON,,,8/4/2020 8:14:13 AM,False,7434,Accepted,
27040574,0561000,JEFFERSONTOWN POLICE DEPT,Accepted,JEFFERSON,KY0155,10707,TAYLORSVILLE,RD,,,,,,,,38.185897340,-85.537001448,7.624,8/4/2020 12:00:00 AM,2155,2,2,0,0,CLEAR,DRY,False,1 VEHICLE ENTERING/LEAVING ENTRANCE,ANGLE,STRAIGHT & HILLCREST,DARK-HWY LIGHTED/ON,,,8/5/2020 7:03:52 AM,False,8304,Accepted,
27036227,0568000,LOUISVILLE METRO POLICE DEPT,Accepted,JEFFERSON,KY1932,,BRECKENRIDGE,LN,,,SIX MILE,,,,,38.197980498,-85.624983861,1.156,8/4/2020 12:00:00 AM,0014,1,1,0,1,CLEAR,DRY,False,COLLISION WITH FIXED OBJECT IN INTERSECTION - FIRST EVENT COLLISION 09 - 32,SINGLE VEHICLE,CURVE & LEVEL,DARK-HWY NOT LIGHTED,,,8/4/2020 8:12:22 AM,False,5203,Accepted,
27036228,0568000,LOUISVILLE METRO POLICE DEPT,Accepted,JEFFERSON,KY0061,,PRESTON,HWY,,,LOCUST,,,,,38.206921060,-85.737502891,9.469,8/4/2020 12:00:00 AM,0145,1,1,0,1,CLEAR,DRY,False,COLLISION WITH FIXED OBJECT IN INTERSECTION - FIRST EVENT COLLISION 09 - 32,SINGLE VEHICLE,STRAIGHT & LEVEL,DARK-HWY LIGHTED/ON,,,8/4/2020 8:12:26 AM,False,5165,Accepted,
27036229,0568000,LOUISVILLE METRO POLICE DEPT,Accepted,JEFFERSON,,9700,PRESTON CROSSING,BLVD,,,,,,,,38.108324781,-85.669397080,0.315,8/4/2020 12:00:00 AM,0250,1,1,0,0,CLEAR,DRY,False,COLLISION WITH FIXED OBJECT NON - INTERSECTION - FIRST EVENT COLLISION 09 - 32 EXCLUDING 16,SINGLE VEHICLE,STRAIGHT & LEVEL,DARK (UNKNOWN ROADWAY LIGHTING),,,8/4/2020 8:12:30 AM,False,5182,Accepted,
27040849,0568000,LOUISVILLE METRO POLICE DEPT,Accepted,JEFFERSON,,,GRADE,LN,,,GRADE LN CONN,,,,,38.169748378,-85.721276136,0.791,8/4/2020 12:00:00 AM,2215,2,2,0,0,CLEAR,DRY,False,OTHER INTERSECTION COLLISIONS,REAR END,STRAIGHT & LEVEL,DARK-HWY LIGHTED/ON,,,8/5/2020 8:10:13 AM,False,7361,Accepted,
27040843,0568000,LOUISVILLE METRO POLICE DEPT,Accepted,JEFFERSON,,,LEGHORN,DR,,,BISHOP,,,,,38.192885314,-85.686982157,0.574,8/4/2020 12:00:00 AM,1022,2,2,0,0,CLOUDY,DRY,False,ANGLE COLLISION - OTHER,ANGLE,STRAIGHT & LEVEL,DAYLIGHT,,,8/5/2020 8:09:54 AM,False,7722,Accepted,
27040844,0568000,LOUISVILLE METRO POLICE DEPT,Accepted,JEFFERSON,US0031E,,MAIN,ST,E,,,,1ST,,BROOK,38.255991466,-85.750803394,17.748,8/4/2020 12:00:00 AM,1747,2,2,0,0,CLEAR,DRY,False,SIDESWIPE COLLISION - SAME DIRECTION,SIDESWIPE-SAME DIRECTION,STRAIGHT & LEVEL,DAYLIGHT,,,8/5/2020 8:09:57 AM,False,5187,Accepted,
27040845,0568000,LOUISVILLE METRO POLICE DEPT,Accepted,JEFFERSON,,,SOUTHSIDE,DR,,,TENNY,,,,,38.177382853,-85.764662202,0.050,8/4/2020 12:00:00 AM,1636,2,2,0,0,CLEAR,DRY,False,OTHER INTERSECTION COLLISIONS,REAR END,STRAIGHT & LEVEL,DAYLIGHT,,,8/5/2020 8:10:01 AM,False,7048,Accepted,
27040851,0568000,LOUISVILLE METRO POLICE DEPT,Accepted,JEFFERSON,,,GRADE,LN,,,GRADE LN CONN,,,,,38.169166850,-85.721184228,0.832,8/4/2020 12:00:00 AM,2127,3,3,0,2,CLEAR,DRY,False,OTHER INTERSECTION COLLISIONS,REAR END,STRAIGHT & LEVEL,DARK-HWY LIGHTED/ON,,,8/5/2020 8:10:17 AM,False,5165,Accepted,
27036231,0568000,LOUISVILLE METRO POLICE DEPT,Accepted,JEFFERSON,KY1020,,NATIONAL,TPKE,,,PATRICK HENRY,,,,,38.138925661,-85.753622052,4.515,8/4/2020 12:00:00 AM,0526,2,2,0,1,CLEAR,DRY,False,ANGLE COLLISION - OTHER,ANGLE,STRAIGHT & LEVEL,DARK-HWY NOT LIGHTED,,,8/4/2020 8:12:37 AM,False,5293,Accepted,
27132745,0568000,LOUISVILLE METRO POLICE DEPT,Accepted,JEFFERSON,KY1934,,CANE RUN,RD,,KY2051,LEES,,,,,38.183753199,-85.855339133,7.729,8/4/2020 12:00:00 AM,1253,3,3,0,3,CLOUDY,DRY,False,ANGLE COLLISION - ONE VEHICLE TURNING LEFT,ANGLE,STRAIGHT & LEVEL,DAYLIGHT,,,8/27/2020 8:11:12 AM,False,5253,Accepted,
27094248,0568000,LOUISVILLE METRO POLICE DEPT,Accepted,JEFFERSON,,,WOODMORE,AVE,,,WESTHALL,,,,,38.151902785,-85.775293015,0.067,8/3/2020 12:00:00 AM,1908,1,1,0,1,CLEAR,DRY,False,NON-COLLISION OBJECT COLLISION,SINGLE VEHICLE,STRAIGHT & GRADE,DAYLIGHT,,,8/18/2020 8:10:32 AM,False,7139,Accepted,
27036233,0568000,LOUISVILLE METRO POLICE DEPT,Accepted,JEFFERSON,,,23RD,ST,S,,GREENWOOD,,,,,38.241437557,-85.791999663,0.873,8/3/2020 12:00:00 AM,2222,2,2,0,1,CLOUDY,DRY,False,ANGLE COLLISION - OTHER,ANGLE,STRAIGHT & LEVEL,DARK-HWY LIGHTED/ON,,,8/4/2020 8:12:45 AM,False,5232,Accepted,
27036217,0568000,LOUISVILLE METRO POLICE DEPT,Accepted,JEFFERSON,,,POWELL,AVE,,,CONN,,,,,38.195838542,-85.790833642,0.401,8/3/2020 12:00:00 AM,1540,2,2,0,1,RAINING,WET,False,ANGLE COLLISION - OTHER,ANGLE,STRAIGHT & LEVEL,DAYLIGHT,,,8/4/2020 8:11:47 AM,False,7472,Accepted,
27036223,0568000,LOUISVILLE METRO POLICE DEPT,Accepted,JEFFERSON,KY1447,,WESTPORT,RD,,,,,,,,38.299990194,-85.539229693,7.176,8/3/2020 12:00:00 AM,1412,2,2,0,0,CLOUDY,DRY,True,1 VEHICLE ENTERING/LEAVING ENTRANCE,ANGLE,,DAYLIGHT,,,8/4/2020 8:12:06 AM,False,6830,Accepted,
27036224,0568000,LOUISVILLE METRO POLICE DEPT,Accepted,JEFFERSON,KY1747,,HURSTBOURNE,PKWY,N,,PORTER,,,,,38.256054324,-85.579845328,14.198,8/3/2020 12:00:00 AM,1833,2,2,0,1,CLOUDY,DRY,False,OTHER INTERSECTION COLLISIONS,REAR END,STRAIGHT & LEVEL,DAYLIGHT,,,8/4/2020 8:12:10 AM,False,7337,Accepted,
27036239,0568000,LOUISVILLE METRO POLICE DEPT,Accepted,JEFFERSON,US0031E,,BARDSTOWN,RD,,,,,,,,38.168637945,-85.604544574,7.209,8/3/2020 12:00:00 AM,1345,3,3,0,2,CLOUDY,DRY,False,1 VEHICLE ENTERING/LEAVING ENTRANCE,ANGLE,STRAIGHT & LEVEL,DAYLIGHT,,,8/4/2020 8:14:18 AM,False,4693,Accepted,
27040836,0568000,LOUISVILLE METRO POLICE DEPT,Accepted,JEFFERSON,,4530,BELLEVUE,AVE,,,,,,,,38.198590917,-85.772677820,0.003,8/3/2020 12:00:00 AM,1724,1,1,0,0,RAINING,WET,False,COLLISION IN PARKING LOT,SINGLE VEHICLE,STRAIGHT & LEVEL,DAYLIGHT,,,8/5/2020 8:09:30 AM,False,7796,Accepted,
27038185,0568000,LOUISVILLE METRO POLICE DEPT,Accepted,JEFFERSON,I 0071,,I71 S,,,,,,,,,38.310509251,-85.590853285,8.506,8/3/2020 12:00:00 AM,1531,2,2,0,0,CLEAR,DRY,True,SIDESWIPE COLLISION - SAME DIRECTION,SIDESWIPE-SAME DIRECTION,STRAIGHT & GRADE,DAYLIGHT,,,8/4/2020 2:55:22 PM,False,8278,Accepted,
27036226,0568000,LOUISVILLE METRO POLICE DEPT,Accepted,JEFFERSON,KY1865,,NEW CUT,RD,,KY1065,OUTER,,,,,38.126321180,-85.776213518,1.257,8/3/2020 12:00:00 AM,1958,2,2,0,0,CLEAR,DRY,False,OTHER INTERSECTION COLLISIONS,REAR END,STRAIGHT & LEVEL,DAYLIGHT,,,8/4/2020 8:12:18 AM,False,5209,Accepted,
27036211,0568000,LOUISVILLE METRO POLICE DEPT,Accepted,JEFFERSON,,,ST CATHERINE,ST,E,KY0061,JACKSON,,,,,38.235330726,-85.747297406,0.866,8/3/2020 12:00:00 AM,1410,3,3,0,3,CLEAR,DRY,False,ANGLE COLLISION - OTHER,ANGLE,STRAIGHT & LEVEL,DAYLIGHT,,,8/4/2020 8:11:32 AM,False,7418,Accepted,
27036213,0568000,LOUISVILLE METRO POLICE DEPT,Accepted,JEFFERSON,,,RIVER PARK,DR,,,34TH,,,,,38.254439440,-85.807537731,1.064,8/3/2020 12:00:00 AM,1330,2,2,0,0,CLEAR,DRY,True,SIDESWIPE-SAME DIRECTION,SIDESWIPE-SAME DIRECTION,STRAIGHT & LEVEL,DAYLIGHT,,,8/4/2020 8:11:36 AM,False,7805,Accepted,
27036218,0568000,LOUISVILLE METRO POLICE DEPT,Accepted,JEFFERSON,,,RIVER PARK,DR,,,34TH,,,,,38.254513174,-85.807668265,1.057,8/3/2020 12:00:00 AM,0936,2,2,0,1,CLOUDY,WET,False,COLLISION WITH FIXED OBJECT IN INTERSECTION - FIRST EVENT COLLISION 09 - 32,ANGLE,STRAIGHT & LEVEL,DAYLIGHT,,,8/4/2020 8:11:51 AM,False,5000,Accepted,
27036221,0568000,LOUISVILLE METRO POLICE DEPT,Accepted,JEFFERSON,US0031W,,DIXIE,HWY,,US0031W,US31W RAMP TO KY1934,,,,,38.093833107,-85.875027306,7.602,8/3/2020 12:00:00 AM,1445,2,2,0,0,CLOUDY,DRY,False,ANGLE COLLISION - OTHER,ANGLE,STRAIGHT & LEVEL,DAYLIGHT,,,8/4/2020 8:11:59 AM,False,2311,Accepted,
27031545,0568000,LOUISVILLE METRO POLICE DEPT,Accepted,JEFFERSON,,,FLOYD,ST,S,,OAK,,,,,38.234204941,-85.751653624,1.492,8/3/2020 12:00:00 AM,0533,3,3,0,0,CLOUDY,WET,True,COLLISION WITH PARKED VEHICLE,HEAD ON,STRAIGHT & LEVEL,DARK-HWY LIGHTED/ON,,,8/3/2020 8:43:41 AM,False,5230,Accepted,
27031546,0568000,LOUISVILLE METRO POLICE DEPT,Accepted,JEFFERSON,,,ROY WILKINS,AVE,,,MUHAMMAD ALI,,,,,38.252033265,-85.765796634,0.385,8/3/2020 12:00:00 AM,0142,2,2,0,1,RAINING,WET,True,OTHER INTERSECTION COLLISIONS,REAR END,STRAIGHT & LEVEL,DARK-HWY LIGHTED/ON,,,8/3/2020 8:43:45 AM,False,5282,Accepted,
27036222,0568000,LOUISVILLE METRO POLICE DEPT,Accepted,JEFFERSON,US0031W,,DR W J HODGE,ST,,,OSAGE,,,,,38.239166752,-85.788261859,18.979,8/3/2020 12:00:00 AM,1709,2,2,0,3,CLOUDY,WET,False,ANGLE COLLISION - OTHER,ANGLE,STRAIGHT & LEVEL,DAYLIGHT,,,8/4/2020 8:12:02 AM,False,5273,Accepted,
27036230,0568000,LOUISVILLE METRO POLICE DEPT,Accepted,JEFFERSON,US0031W,,DIXIE,HWY,,,PAGES,,,,,38.130182554,-85.847855688,10.499,8/3/2020 12:00:00 AM,2228,2,2,0,0,CLEAR,DRY,False,OPPOSING LEFT TURN,OPPOSING LEFT TURN,STRAIGHT & LEVEL,DARK-HWY LIGHTED/ON,,,8/4/2020 8:12:33 AM,False,5211,Accepted,
27036207,0568000,LOUISVILLE METRO POLICE DEPT,Accepted,JEFFERSON,US0031W,9070,DIXIE,HWY,,,,,,,,38.124251416,-85.853192910,9.999,8/3/2020 12:00:00 AM,0922,2,2,0,0,CLOUDY,DRY,False,REAR END IN TRAFFIC LANES BOTH VEHICLES MOVING,REAR END,STRAIGHT & LEVEL,DAYLIGHT,,,8/4/2020 8:11:14 AM,False,7144,Accepted,
27036208,0568000,LOUISVILLE METRO POLICE DEPT,Accepted,JEFFERSON,US0031W,9905,DIXIE,HWY,,,,,,,,38.112896510,-85.862853416,9.054,8/3/2020 12:00:00 AM,1309,2,2,0,0,CLEAR,DRY,False,REAR END IN TRAFFIC LANES BOTH VEHICLES MOVING,REAR END,STRAIGHT & LEVEL,DAYLIGHT,,,8/4/2020 8:11:20 AM,False,7144,Accepted,
27043665,0561500,UNIV. OF LOUISVILLE POLICE,Accepted,JEFFERSON,,,RILEY,AVE,,,,,LEE,,GAULBERT,38.223902024,-85.763137886,0.061,8/3/2020 12:00:00 AM,1246,2,2,0,0,CLEAR,DRY,False,1 VEHICLE PARKED POSITION (NOT PARKING LOT/DRIVEWAY),HEAD ON,STRAIGHT & LEVEL,DAYLIGHT,,,8/5/2020 7:01:01 PM,False,5702,Accepted,
27050229,0568000,LOUISVILLE METRO POLICE DEPT,Accepted,JEFFERSON,,,CECIL,AVE,,,MARKET,,,,,38.262770688,-85.817706037,0.020,8/3/2020 12:00:00 AM,1821,2,2,0,0,CLEAR,DRY,False,OPPOSITE DIRECTION - BOTH VEHICLES GOING STRAIGHT AHEAD,SIDESWIPE-OPPOSITE DIRECTION,STRAIGHT & LEVEL,DAYLIGHT,,,8/7/2020 8:39:20 AM,False,5003,Accepted,
27045560,0568000,LOUISVILLE METRO POLICE DEPT,Accepted,JEFFERSON,KY0155,2209,TAYLORSVILLE,RD,,,,,,,,38.223011272,-85.684695578,16.540,8/3/2020 12:00:00 AM,0525,2,2,0,0,CLOUDY,DRY,True,COLLISION IN PARKING LOT,BACKING,STRAIGHT & LEVEL,DARK-HWY LIGHTED/ON,,,8/6/2020 8:06:21 AM,False,2976,Accepted,
27040846,0568000,LOUISVILLE METRO POLICE DEPT,Accepted,JEFFERSON,,,FAIRMONT,AVE,W,,,,3RD,,SOUTHERN PKWY FRONTAGE RD 1,38.195352075,-85.765973399,0.132,8/3/2020 12:00:00 AM,1620,2,2,0,2,RAINING,WET,False,1 VEHICLE ENTERING/LEAVING ENTRANCE,ANGLE,STRAIGHT & LEVEL,DAYLIGHT,,,8/5/2020 8:10:05 AM,False,2745,Accepted,
27061149,0568000,LOUISVILLE METRO POLICE DEPT,Accepted,JEFFERSON,I 0264,,,,,,,,,,,38.210589841,-85.670938500,0.322,8/3/2020 12:00:00 AM,1649,2,2,0,0,CLOUDY,DRY,False,OTHER RAMP RELATED COLLISIONS NOT LISTED ABOVE,REAR END,STRAIGHT & LEVEL,DAYLIGHT,I 0264,US31E S,8/10/2020 11:53:40 AM,False,7968,Accepted,
27061189,0568000,LOUISVILLE METRO POLICE DEPT,Accepted,JEFFERSON,,,INTERMODAL,DR,,KY1934,GREENBELT,,,,,38.157200863,-85.884835884,0.008,8/3/2020 12:00:00 AM,1537,2,2,1,2,CLOUDY,DRY,False,ANGLE COLLISION - OTHER,ANGLE,STRAIGHT & LEVEL,DAYLIGHT,,,8/10/2020 11:55:30 AM,False,7628,Accepted,
27192379,0568000,LOUISVILLE METRO POLICE DEPT,Accepted,JEFFERSON,,4100B,VERMONT,AVE,,,,,,,,38.257053878,-85.819341772,1.026,8/3/2020 12:00:00 AM,1609,2,2,0,1,CLOUDY,DRY,False,1 VEHICLE ENTERING/LEAVING ENTRANCE,ANGLE,STRAIGHT & LEVEL,DAYLIGHT,,,9/10/2020 9:33:02 AM,False,5000,Accepted,
27178541,0568000,LOUISVILLE METRO POLICE DEPT,Accepted,JEFFERSON,I 0264,,,,,,,,,,,38.241903907,-85.815173705,0.135,8/3/2020 12:00:00 AM,1700,2,2,0,1,CLEAR,DRY,True,OTHER RAMP RELATED COLLISIONS NOT LISTED ABOVE,REAR END,STRAIGHT & LEVEL,DAYLIGHT,I 0264,HALE AVE,9/7/2020 1:06:02 PM,False,5190,Accepted,
27187062,0568000,LOUISVILLE METRO POLICE DEPT,Accepted,JEFFERSON,,4113,MUHAMMAD ALI,BLVD,W,,,,,,,38.258005891,-85.819238130,3.665,8/2/2020 12:00:00 AM,0800,2,2,0,0,CLEAR,DRY,False,1 VEHICLE PARKED POSITION (NOT PARKING LOT/DRIVEWAY),SIDESWIPE-SAME DIRECTION,STRAIGHT & LEVEL,DAYLIGHT,,,9/9/2020 8:34:01 AM,False,5129,Accepted,
27050231,0568000,LOUISVILLE METRO POLICE DEPT,Accepted,JEFFERSON,,2309,OREGON,AVE,,,,,,,,38.221266806,-85.797030540,0.196,8/2/2020 12:00:00 AM,2230,2,2,0,1,CLEAR,DRY,False,1 VEHICLE PARKED POSITION (NOT PARKING LOT/DRIVEWAY),HEAD ON,STRAIGHT & LEVEL,DARK (UNKNOWN ROADWAY LIGHTING),,,8/7/2020 8:39:29 AM,False,7312,Accepted,
27045535,0568000,LOUISVILLE METRO POLICE DEPT,Accepted,JEFFERSON,US0031E,,BARDSTOWN,RD,,,BROAD RUN,,,,,38.086541951,-85.555707061,0.773,8/2/2020 12:00:00 AM,1246,2,2,1,3,CLEAR,DRY,False,OTHER INTERSECTION COLLISIONS,REAR END,STRAIGHT & LEVEL,DAYLIGHT,,,8/6/2020 8:05:01 AM,False,6886,Accepted,
27045537,0568000,LOUISVILLE METRO POLICE DEPT,Accepted,JEFFERSON,,,BASHFORD MANOR,LN,,KY1703,NEWBURG,,,,,38.195334456,-85.679150548,0.953,8/2/2020 12:00:00 AM,1325,2,2,0,0,CLEAR,DRY,True,OTHER INTERSECTION COLLISIONS,REAR END,STRAIGHT & LEVEL,DAYLIGHT,,,8/6/2020 8:05:12 AM,False,7879,Accepted,
27045568,0568000,LOUISVILLE METRO POLICE DEPT,Accepted,JEFFERSON,,,CHESTNUT,ST,W,,,,,,,38.249928431,-85.765822188,1.876,8/2/2020 12:00:00 AM,0434,2,2,0,2,CLEAR,DRY,True,1 VEHICLE ENTERING/LEAVING ENTRANCE,ANGLE,STRAIGHT & LEVEL,DARK-HWY LIGHTED/ON,,,8/6/2020 8:06:49 AM,False,5025,Accepted,
27031510,0568000,LOUISVILLE METRO POLICE DEPT,Accepted,JEFFERSON,KY1865,4201,TAYLOR,BLVD,,,,,BLUEGRASS,,LYNNHURST,38.179414746,-85.783232707,5.017,8/2/2020 12:00:00 AM,0340,1,1,0,0,RAINING,WET,False,COLLISION WITH FIXED OBJECT NON - INTERSECTION - FIRST EVENT COLLISION 09 - 32 EXCLUDING 16,SINGLE VEHICLE,STRAIGHT & LEVEL,DARK-HWY LIGHTED/ON,,,8/3/2020 8:41:32 AM,False,5245,Accepted,
27031512,0568000,LOUISVILLE METRO POLICE DEPT,Accepted,JEFFERSON,KY0061,,PRESTON,HWY,,I 0265,I265 E EXIT12 OFF RAMP TO KY61 N,,,,,38.108694957,-85.674585242,1.780,8/2/2020 12:00:00 AM,0413,2,2,0,0,FOG WITH RAIN,WET,False,ANGLE COLLISION - ONE VEHICLE TURNING LEFT,ANGLE,STRAIGHT & GRADE,DARK-HWY LIGHTED/ON,,,8/3/2020 8:41:39 AM,False,7016,Accepted,
27034839,0560300,ST. MATTHEWS POLICE DEPARTMENT,Accepted,JEFFERSON,US0060,5000,SHELBYVILLE,RD,,,,,,,,38.250144964,-85.623434646,5.312,8/2/2020 12:00:00 AM,1639,2,2,0,0,CLOUDY,DRY,False,1 VEHICLE PARKED POSITION (NOT PARKING LOT/DRIVEWAY),ANGLE,STRAIGHT & LEVEL,DAYLIGHT,,,8/3/2020 10:37:51 PM,False,9158,Accepted,
27031529,0568000,LOUISVILLE METRO POLICE DEPT,Accepted,JEFFERSON,,3105,HIKES,LN,,,,,,,,38.213477754,-85.636845248,2.476,8/2/2020 12:00:00 AM,1811,1,1,0,1,CLEAR,DRY,False,OTHER ROADWAY OR MID-BLOCK COLLISION,SINGLE VEHICLE,STRAIGHT & LEVEL,DAYLIGHT,,,8/3/2020 8:42:36 AM,False,7864,Accepted,
27031536,0568000,LOUISVILLE METRO POLICE DEPT,Accepted,JEFFERSON,,,INDIAN,TRL,E,KY1703,NEWBURG,,,,,38.184591588,-85.665400530,2.627,8/2/2020 12:00:00 AM,2149,2,2,0,1,CLEAR,DRY,True,OPPOSING LEFT TURN,OPPOSING LEFT TURN,STRAIGHT & LEVEL,DARK-HWY LIGHTED/ON,,,8/3/2020 8:43:03 AM,False,7371,Accepted,
27031537,0568000,LOUISVILLE METRO POLICE DEPT,Accepted,JEFFERSON,,,RIVER,RD,,,ZORN,,,,,38.277387461,-85.699151826,2.925,8/2/2020 12:00:00 AM,2002,2,2,0,1,CLEAR,DRY,False,OPPOSING LEFT TURN,OPPOSING LEFT TURN,STRAIGHT & LEVEL,DAYLIGHT,,,8/3/2020 8:43:09 AM,False,5029,Accepted,
27031530,0568000,LOUISVILLE METRO POLICE DEPT,Accepted,JEFFERSON,,,BERNHEIM,LN,,,MCCLOSKEY,,,,,38.221036994,-85.788393234,0.265,8/2/2020 12:00:00 AM,1300,1,1,0,1,CLEAR,DRY,False,COLLISION WITH FIXED OBJECT IN INTERSECTION - FIRST EVENT COLLISION 09 - 32,SINGLE VEHICLE,STRAIGHT & LEVEL,DAYLIGHT,,,8/3/2020 8:42:40 AM,False,5032,Accepted,