IncidentID,AgencyORI,AgencyName,IncidentStatusDesc,County,RdwyNumber,Street,RoadwayName,StreetSfx,StreetDir,IntersectionRdwy,IntersectionRdwyName,BetweenStRdwy1,BetweenStRdwyName1,BetweenStRdwy2,BetweenStRdwyName2,Latitude,Longitude,Milepoint,CollisionDate,CollisionTime,UnitsInvolved,MotorVehiclesInvolved,NumberKilled,NumberInjured,Weather,RdwyConditionCode,HitandRun,DirAnalysisCode,MannerofCollision,RdwyCharacter,LightCondition,RampFromRdwyId,RampToRdwyId,AcceptedDate,IsSecondaryCollision,OwnerBadge,IncidentStatus,
27031531,0568000,LOUISVILLE METRO POLICE DEPT,Accepted,JEFFERSON,KY0841,,GENE SNYDER,FWY,,,,KY0841,KY841 RAMP TO KY1865,KY2055,MANSLICK,38.118888966,-85.783491390,5.695,8/2/2020 12:00:00 AM,1809,2,2,0,0,CLOUDY,DRY,False,SIDESWIPE COLLISION - SAME DIRECTION,SIDESWIPE-SAME DIRECTION,STRAIGHT & LEVEL,DAYLIGHT,,,8/3/2020 8:42:43 AM,False,7232,Accepted,
27031538,0568000,LOUISVILLE METRO POLICE DEPT,Accepted,JEFFERSON,,401,20TH,ST,S,,,,,,,38.255961466,-85.783907470,0.227,8/2/2020 12:00:00 AM,1946,2,2,0,0,CLEAR,DRY,True,REAR END IN TRAFFIC LANES BOTH VEHICLES MOVING,REAR END,STRAIGHT & LEVEL,DAYLIGHT,,,8/3/2020 8:43:13 AM,False,5008,Accepted,
27031543,0568000,LOUISVILLE METRO POLICE DEPT,Accepted,JEFFERSON,I 0264,,I264 E,,,,,,,,,38.228313747,-85.821694479,3.639,8/2/2020 12:00:00 AM,2358,1,1,0,0,CLEAR,DRY,False,COLLISION WITH FIXED OBJECT NON - INTERSECTION - FIRST EVENT COLLISION 09 - 32 EXCLUDING 16,SINGLE VEHICLE,CURVE & HILLCREST,DARK-HWY LIGHTED/ON,,,8/3/2020 8:43:34 AM,False,5216,Accepted,
27036205,0568000,LOUISVILLE METRO POLICE DEPT,Accepted,JEFFERSON,KY0061,,PRESTON,HWY,,,,,,,,38.103317237,-85.672593459,1.389,8/2/2020 12:00:00 AM,1455,2,1,0,1,CLEAR,DRY,False,COLLISION WITH PEDESTRIAN NON - INTERSECTION,SINGLE VEHICLE,STRAIGHT & LEVEL,DAYLIGHT,,,8/4/2020 8:11:05 AM,False,6886,Accepted,
27036206,0568000,LOUISVILLE METRO POLICE DEPT,Accepted,JEFFERSON,,,ROBINHOOD,LN,,,TEMPLEWOOD,,,,,38.163345527,-85.695174261,0.144,8/2/2020 12:00:00 AM,1423,2,2,0,2,CLEAR,DRY,False,ANGLE COLLISION - OTHER,ANGLE,STRAIGHT & LEVEL,DAYLIGHT,,,8/4/2020 8:11:09 AM,False,7772,Accepted,
27108204,0568000,LOUISVILLE METRO POLICE DEPT,Accepted,JEFFERSON,,,VERMONT,AVE,,,,,,,,38.255974861,-85.811120801,0.572,8/2/2020 12:00:00 AM,1827,2,2,0,0,CLEAR,DRY,True,1 VEHICLE ENTERING/LEAVING ENTRANCE,ANGLE,STRAIGHT & LEVEL,DAYLIGHT,,,8/21/2020 8:16:39 AM,False,7469,Accepted,
27031525,0568000,LOUISVILLE METRO POLICE DEPT,Accepted,JEFFERSON,I 0264,,I264 W,,,,,,,,,38.221712718,-85.650767469,17.005,8/2/2020 12:00:00 AM,1414,2,2,0,0,CLEAR,DRY,False,1 VEHICLE ENTERING/LEAVING ENTRANCE,ANGLE,STRAIGHT & LEVEL,DAYLIGHT,,,8/3/2020 8:42:22 AM,False,7403,Accepted,
27031532,0568000,LOUISVILLE METRO POLICE DEPT,Accepted,JEFFERSON,,,DIXIE,HWY,,,HALE,,,,,38.238171219,-85.786456289,0.782,8/2/2020 12:00:00 AM,1311,2,2,0,2,CLEAR,DRY,False,ANGLE COLLISION - ONE VEHICLE TURNING LEFT,ANGLE,STRAIGHT & LEVEL,DAYLIGHT,,,8/3/2020 8:42:46 AM,False,7387,Accepted,
27031509,0568000,LOUISVILLE METRO POLICE DEPT,Accepted,JEFFERSON,,,FLOYD,ST,S,US0031E,MARKET,,,,,38.254350182,-85.748185217,0.091,8/1/2020 12:00:00 AM,2200,2,2,0,3,RAINING,WET,False,ANGLE COLLISION - OTHER,ANGLE,STRAIGHT & LEVEL,DARK-HWY LIGHTED/ON,,,8/3/2020 8:41:28 AM,False,5295,Accepted,
27031505,0568000,LOUISVILLE METRO POLICE DEPT,Accepted,JEFFERSON,I 0064,,I64 W,,,I 0064,I64 W EXIT12 RAMP TO I264 E,,,,,38.234748357,-85.613516787,12.833,8/1/2020 12:00:00 AM,1835,2,2,0,0,RAINING,WATER (STANDING OR MOVING),False,ANGLE COLLISION - OTHER,ANGLE,STRAIGHT & LEVEL,DAYLIGHT,,,8/3/2020 8:41:13 AM,False,5228,Accepted,
27031506,0568000,LOUISVILLE METRO POLICE DEPT,Accepted,JEFFERSON,KY0841,,GENE SNYDER,FWY,,KY2055,MANSLICK,,,,,38.117401104,-85.787863607,5.433,8/1/2020 12:00:00 AM,1609,1,1,0,1,RAINING,WET,False,OTHER INTERSECTION COLLISIONS,SINGLE VEHICLE,STRAIGHT & LEVEL,DAYLIGHT,,,8/3/2020 8:41:18 AM,False,7485,Accepted,
27031507,0568000,LOUISVILLE METRO POLICE DEPT,Accepted,JEFFERSON,US0060,,SHELBYVILLE,RD,,,LA FONTENAY,,,,,38.244996003,-85.558663755,8.854,8/1/2020 12:00:00 AM,1912,3,3,0,1,RAINING,WET,False,NON-COLLISION OBJECT COLLISION,REAR END,STRAIGHT & LEVEL,DAYLIGHT,,,8/3/2020 8:41:21 AM,False,6927,Accepted,
27031508,0568000,LOUISVILLE METRO POLICE DEPT,Accepted,JEFFERSON,,1900,WOODBOURNE,AVE,,,,,,,,38.222708277,-85.691641791,0.080,8/1/2020 12:00:00 AM,,2,2,0,0,CLOUDY,DRY,True,1 VEHICLE PARKED POSITION (NOT PARKING LOT/DRIVEWAY),SIDESWIPE-SAME DIRECTION,STRAIGHT & LEVEL,DARK-HWY LIGHTED/ON,,,8/3/2020 8:41:25 AM,False,2976,Accepted,
27031513,0568000,LOUISVILLE METRO POLICE DEPT,Accepted,JEFFERSON,,,MAGNOLIA,AVE,W,,6TH,,,,,38.229446252,-85.764661355,0.454,8/1/2020 12:00:00 AM,2144,3,3,0,0,CLOUDY,WET,True,COLLISION WITH PARKED VEHICLE,SIDESWIPE-SAME DIRECTION,STRAIGHT & LEVEL,DARK-HWY LIGHTED/ON,,,8/3/2020 8:41:42 AM,False,5230,Accepted,
27031514,0568000,LOUISVILLE METRO POLICE DEPT,Accepted,JEFFERSON,,,ASHLAND,AVE,W,KY1865,TAYLOR,,,,,38.186654917,-85.783788048,0.992,8/1/2020 12:00:00 AM,2350,2,2,0,1,RAINING,WET,True,ANGLE COLLISION - OTHER,ANGLE,STRAIGHT & LEVEL,DARK-HWY LIGHTED/ON,,,8/3/2020 8:41:46 AM,False,7455,Accepted,
27031515,0568000,LOUISVILLE METRO POLICE DEPT,Accepted,JEFFERSON,,,CALM RIVER,WAY,,,LONGVIEW FARM,,,,,38.154638280,-85.551386171,0.500,8/1/2020 12:00:00 AM,1800,2,2,0,0,RAINING,WET,False,COLLISION WITH PARKED VEHICLE,BACKING,STRAIGHT & LEVEL,DAYLIGHT,,,8/3/2020 8:41:49 AM,False,2321,Accepted,
27031516,0568000,LOUISVILLE METRO POLICE DEPT,Accepted,JEFFERSON,KY1849,,MOORMAN,RD,,,,,,,,38.090040404,-85.877198986,0.937,8/1/2020 12:00:00 AM,1340,2,2,0,0,CLEAR,DRY,False,1 VEHICLE ENTERING/LEAVING ENTRANCE,ANGLE,STRAIGHT & LEVEL,DAYLIGHT,,,8/3/2020 8:41:52 AM,False,2936,Accepted,
27031522,0568000,LOUISVILLE METRO POLICE DEPT,Accepted,JEFFERSON,I 0065,,I65 S,,,,,I 0064,I64 W,I 0064,I64 E,38.261392936,-85.742023249,136.647,8/1/2020 12:00:00 AM,1640,1,1,0,0,RAINING,WET,False,OTHER COLLISIONS ON SHOULDER,SINGLE VEHICLE,CURVE & GRADE,DAYLIGHT,,,8/3/2020 8:42:09 AM,False,5251,Accepted,
27031490,0568000,LOUISVILLE METRO POLICE DEPT,Accepted,JEFFERSON,,4723,SOUTHERN PKWY FRONTAGE RD 1,,,,,,SOUTHERN,,SOUTHERN PKWY FRONTAGE RD 1 CONN,38.180738230,-85.770181442,0.044,8/1/2020 12:00:00 AM,0330,1,1,0,0,RAINING,WATER (STANDING OR MOVING),True,COLLISION WITH FIXED OBJECT NON - INTERSECTION - FIRST EVENT COLLISION 09 - 32 EXCLUDING 16,SINGLE VEHICLE,STRAIGHT & LEVEL,DARK-HWY LIGHTED/ON,,,8/3/2020 8:40:17 AM,False,5245,Accepted,
27031500,0568000,LOUISVILLE METRO POLICE DEPT,Accepted,JEFFERSON,KY2054,,ALGONQUIN,PKWY,,,MCCLOSKEY,,,,,38.222846232,-85.787861703,1.881,8/1/2020 12:00:00 AM,1519,2,2,0,8,CLEAR,DRY,False,OTHER INTERSECTION COLLISIONS,REAR END,STRAIGHT & LEVEL,DAYLIGHT,,,8/3/2020 8:40:52 AM,False,7184,Accepted,
27031539,0568000,LOUISVILLE METRO POLICE DEPT,Accepted,JEFFERSON,I 0065,,,,,,,,,,,38.131618878,-85.703314367,0.092,8/1/2020 12:00:00 AM,0018,2,2,0,2,CLOUDY,WET,True,OTHER RAMP RELATED COLLISIONS NOT LISTED ABOVE,REAR END,STRAIGHT & LEVEL,DARK-HWY LIGHTED/ON,I 0065,KY1065,8/3/2020 8:43:16 AM,False,5107,Accepted,
27031521,0568000,LOUISVILLE METRO POLICE DEPT,Accepted,JEFFERSON,US0031W,,DIXIE,HWY,,,KATHERINE STATION,,,,,38.004623875,-85.938831602,0.315,8/1/2020 12:00:00 AM,1634,4,4,0,5,RAINING,WET,False,HEAD-ON COLLISION,HEAD ON,CURVE & LEVEL,DAYLIGHT,,,8/3/2020 8:42:00 AM,False,7634,Accepted,
27031528,0568000,LOUISVILLE METRO POLICE DEPT,Accepted,JEFFERSON,,,SHEPHERDSVILLE,RD,,KY1065,OUTER,,,,,38.138972560,-85.657606097,,8/1/2020 12:00:00 AM,1654,4,4,0,2,CLOUDY,DRY,False,HEAD-ON COLLISION,HEAD ON,STRAIGHT & LEVEL,DAYLIGHT,,,8/3/2020 8:42:32 AM,False,7812,Accepted,
27031540,0568000,LOUISVILLE METRO POLICE DEPT,Accepted,JEFFERSON,KY1065,4677,OUTER,LOOP,,,,,,,,38.138315677,-85.675540032,,8/1/2020 12:00:00 AM,1941,2,2,0,0,CLOUDY,WET,False,COLLISION IN PARKING LOT,HEAD ON,CURVE & LEVEL,DAYLIGHT,,,8/3/2020 8:43:20 AM,False,5107,Accepted,
27031495,0568000,LOUISVILLE METRO POLICE DEPT,Accepted,JEFFERSON,KY1931,,7TH ST,RD,,,EUCLID,,,,,38.219299770,-85.778182860,10.421,8/1/2020 12:00:00 AM,0228,1,1,0,0,RAINING,WET,False,COLLISION WITH FIXED OBJECT IN INTERSECTION - FIRST EVENT COLLISION 09 - 32,SINGLE VEHICLE,STRAIGHT & LEVEL,DARK-HWY LIGHTED/ON,,,8/3/2020 8:40:35 AM,False,7455,Accepted,
27031501,0568000,LOUISVILLE METRO POLICE DEPT,Accepted,JEFFERSON,KY2054,,ALGONQUIN,PKWY,,,CYPRESS,,,,,38.223720687,-85.800131118,1.218,8/1/2020 12:00:00 AM,1418,2,2,0,0,CLEAR,DRY,True,ANGLE COLLISION - OTHER,ANGLE,STRAIGHT & LEVEL,DAYLIGHT,,,8/3/2020 8:40:57 AM,False,5002,Accepted,
27031503,0568000,LOUISVILLE METRO POLICE DEPT,Accepted,JEFFERSON,KY2055,8999,MANSLICK,RD,W,,,,,,,38.119294506,-85.795358874,3.741,8/1/2020 12:00:00 AM,1338,1,1,0,0,RAINING,WET,False,COLLISION WITH FIXED OBJECT NON - INTERSECTION - FIRST EVENT COLLISION 09 - 32 EXCLUDING 16,SINGLE VEHICLE,CURVE & LEVEL,DAYLIGHT,,,8/3/2020 8:41:03 AM,False,7373,Accepted,
27031487,0568000,LOUISVILLE METRO POLICE DEPT,Accepted,JEFFERSON,I 0264,,,,,,,,,,,38.201203729,-85.694076996,0.232,8/1/2020 12:00:00 AM,0005,2,2,0,0,CLOUDY,WET,False,OTHER RAMP RELATED COLLISIONS NOT LISTED ABOVE,ANGLE,STRAIGHT & GRADE,DARK-HWY LIGHTED/ON,KY1703,I 0264,8/3/2020 8:40:08 AM,False,7419,Accepted,
27031526,0568000,LOUISVILLE METRO POLICE DEPT,Accepted,JEFFERSON,,8513,APPLEGATE VILLAGE,DR,,,,,,,,38.135476942,-85.655141044,0.118,8/1/2020 12:00:00 AM,1830,2,2,0,0,RAINING,WET,False,1 VEHICLE PARKED POSITION (NOT PARKING LOT/DRIVEWAY),REAR END,STRAIGHT & LEVEL,DAYLIGHT,,,8/3/2020 8:42:25 AM,False,5115,Accepted,
27031535,0568000,LOUISVILLE METRO POLICE DEPT,Accepted,JEFFERSON,,,NORTON HEALTHCARE,BLVD,,,VON ALLMEN,,,,,38.312321272,-85.571946221,0.140,8/1/2020 12:00:00 AM,1944,2,2,0,1,RAINING,WET,False,ANGLE COLLISION - OTHER,ANGLE,STRAIGHT & LEVEL,DUSK,,,8/3/2020 8:43:00 AM,False,7098,Accepted,
27162552,0568000,LOUISVILLE METRO POLICE DEPT,Accepted,JEFFERSON,KY0841,,GENE SNYDER,FWY,,,,,,,,38.119846312,-85.781881759,5.608,8/1/2020 12:00:00 AM,1521,2,2,0,0,CLEAR,DRY,False,REAR END IN TRAFFIC LANES BOTH VEHICLES MOVING,REAR END,STRAIGHT & LEVEL,DAYLIGHT,,,9/3/2020 8:07:19 AM,True,7373,Accepted,
27031542,0568000,LOUISVILLE METRO POLICE DEPT,Accepted,JEFFERSON,KY2051,,ROCKFORD,LN,,,SADDLEBROOK,,,,,38.179053636,-85.849573813,1.496,7/31/2020 12:00:00 AM,2314,2,2,0,2,RAINING,WET,False,HEAD-ON COLLISION,HEAD ON,STRAIGHT & LEVEL,DARK-HWY LIGHTED/ON,,,8/3/2020 8:43:31 AM,False,7115,Accepted,
27031541,0568000,LOUISVILLE METRO POLICE DEPT,Accepted,JEFFERSON,KY1727,,TERRY,RD,,,GRANDEL,,,,,38.154866166,-85.868609592,2.319,7/31/2020 12:00:00 AM,2106,2,2,0,1,RAINING,WET,True,HEAD-ON COLLISION,HEAD ON,STRAIGHT & LEVEL,DUSK,,,8/3/2020 8:43:25 AM,False,7115,Accepted,
27031511,0568000,LOUISVILLE METRO POLICE DEPT,Accepted,JEFFERSON,KY0061,,JACKSON,ST,S,,ST CATHERINE,,,,,38.235331898,-85.747292788,11.616,7/31/2020 12:00:00 AM,1952,2,2,0,0,CLOUDY,WET,True,ANGLE COLLISION - OTHER,ANGLE,STRAIGHT & LEVEL,DAYLIGHT,,,8/3/2020 8:41:35 AM,False,5204,Accepted,
27031527,0568000,LOUISVILLE METRO POLICE DEPT,Accepted,JEFFERSON,US0031W,,DIXIE,HWY,,,,,PENDLETON,,LANDSTAR,38.064682727,-85.885622271,5.463,7/31/2020 12:00:00 AM,1155,2,2,0,0,CLOUDY,DRY,False,1 VEHICLE ENTERING/LEAVING ENTRANCE,ANGLE,STRAIGHT & LEVEL,DAYLIGHT,,,8/3/2020 8:42:29 AM,False,7634,Accepted,
27031517,0568000,LOUISVILLE METRO POLICE DEPT,Accepted,JEFFERSON,,2918,HIKES,LN,,,,,NOE,,BRIARBRIDGE,38.210548552,-85.641702897,2.143,7/31/2020 12:00:00 AM,1528,1,1,0,0,CLEAR,DRY,False,COLLISION IN PARKING LOT,SINGLE VEHICLE,STRAIGHT & LEVEL,DAYLIGHT,,,8/3/2020 8:41:56 AM,False,5247,Accepted,
27031504,0568000,LOUISVILLE METRO POLICE DEPT,Accepted,JEFFERSON,KY1931,,GREENWOOD,RD,,,,,,,,38.144702907,-85.869896154,1.489,7/31/2020 12:00:00 AM,1440,3,3,0,1,CLEAR,DRY,False,HEAD-ON COLLISION,HEAD ON,STRAIGHT & LEVEL,DAYLIGHT,,,8/3/2020 8:41:09 AM,False,7234,Accepted,
27031496,0568000,LOUISVILLE METRO POLICE DEPT,Accepted,JEFFERSON,KY1932,,BRECKENRIDGE,LN,,,NACHAND,,,,,38.194510441,-85.625437634,0.913,7/31/2020 12:00:00 AM,2034,2,2,0,0,CLOUDY,WET,False,SIDESWIPE-SAME DIRECTION,SIDESWIPE-SAME DIRECTION,STRAIGHT & HILLCREST,DAYLIGHT,,,8/3/2020 8:40:39 AM,False,7851,Accepted,
27031471,0568000,LOUISVILLE METRO POLICE DEPT,Accepted,JEFFERSON,,,LIBERTY,ST,E,,SHELBY,,,,,38.250444951,-85.738502309,0.766,7/31/2020 12:00:00 AM,1706,2,2,0,1,CLOUDY,DRY,False,ANGLE COLLISION - OTHER,ANGLE,STRAIGHT & LEVEL,DAYLIGHT,,,8/3/2020 8:39:11 AM,False,7266,Accepted,
27039983,0560400,SHIVELY POLICE DEPARTMENT,Accepted,JEFFERSON,US0031W,,DIXIE,HWY,,,,KY2051,ROCKFORD,,STALLINGS,38.174410619,-85.823358806,13.832,7/31/2020 12:00:00 AM,1709,2,2,0,0,RAINING,WET,False,REAR END IN TRAFFIC LANES BOTH VEHICLES MOVING,REAR END,STRAIGHT & LEVEL,DAYLIGHT,,,8/5/2020 1:25:15 AM,False,7120,Accepted,
27045536,0568000,LOUISVILLE METRO POLICE DEPT,Accepted,JEFFERSON,US0031W,,DIXIE,HWY,,,MANOR ISLE,,,,,38.077067657,-85.884077708,6.324,7/31/2020 12:00:00 AM,0955,2,2,0,1,OTHER,WET,True,ANGLE COLLISION - OTHER,ANGLE,STRAIGHT & LEVEL,DAYLIGHT,,,8/6/2020 8:05:08 AM,False,7336,Accepted,
27050233,0568000,LOUISVILLE METRO POLICE DEPT,Accepted,JEFFERSON,,3211,HUNSINGER,LN,,,,,,,,38.212709582,-85.619035580,0.624,7/31/2020 12:00:00 AM,2124,1,1,0,0,CLOUDY,WET,False,COLLISION WITH FIXED OBJECT NON - INTERSECTION - FIRST EVENT COLLISION 09 - 32 EXCLUDING 16,SINGLE VEHICLE,CURVE & HILLCREST,DARK-HWY NOT LIGHTED,,,8/7/2020 8:39:35 AM,False,7200,Accepted,
27065159,0568000,LOUISVILLE METRO POLICE DEPT,Accepted,JEFFERSON,KY0864,,POPLAR LEVEL,RD,,,,,,,,38.189381883,-85.703526261,10.830,7/31/2020 12:00:00 AM,1701,2,2,0,0,RAINING,WET,False,REAR END IN TRAFFIC LANES BOTH VEHICLES MOVING,REAR END,STRAIGHT & LEVEL,DAYLIGHT,,,8/11/2020 10:13:36 AM,False,7124,Accepted,
27065828,0561500,UNIV. OF LOUISVILLE POLICE,Accepted,JEFFERSON,KY1020,,3RD,ST,S,US0060A,EASTERN,,,,,38.213758236,-85.762281244,9.868,7/31/2020 12:00:00 AM,1515,2,2,0,0,CLOUDY,DRY,False,ANGLE COLLISION - ONE VEHICLE TURNING LEFT,ANGLE,STRAIGHT & LEVEL,DAYLIGHT,,,8/11/2020 12:08:01 PM,False,5676,Accepted,
27031491,0568000,LOUISVILLE METRO POLICE DEPT,Accepted,JEFFERSON,US0060A,,WINKLER,AVE,,KY2054,ALGONQUIN,,,,,38.210870196,-85.769623915,2.780,7/31/2020 12:00:00 AM,2106,1,1,0,1,RAINING,WET,False,COLLISION WITH FIXED OBJECT IN INTERSECTION - FIRST EVENT COLLISION 09 - 32,SINGLE VEHICLE,CURVE & LEVEL,DARK-HWY LIGHTED/ON,,,8/3/2020 8:40:21 AM,False,7435,Accepted,
27022150,0568000,LOUISVILLE METRO POLICE DEPT,Accepted,JEFFERSON,KY2860,,GRINSTEAD,DR,,,,,RAY,,GRINSTEAD,38.241785945,-85.712799890,0.525,7/31/2020 12:00:00 AM,0427,1,1,0,1,RAINING,WET,False,COLLISION WITH FIXED OBJECT NON - INTERSECTION - FIRST EVENT COLLISION 09 - 32 EXCLUDING 16,SINGLE VEHICLE,STRAIGHT & LEVEL,DARK-HWY LIGHTED/ON,,,7/31/2020 8:14:43 AM,False,7049,Accepted,
27031460,0568000,LOUISVILLE METRO POLICE DEPT,Accepted,JEFFERSON,KY1747,,FERN VALLEY,RD,,,JEFFERSON,,,,,38.156905306,-85.671500244,3.333,7/31/2020 12:00:00 AM,0808,2,2,0,3,CLOUDY,DRY,False,ANGLE COLLISION - OTHER,ANGLE,STRAIGHT & LEVEL,DAWN,,,8/3/2020 8:38:36 AM,False,2324,Accepted,
27031468,0568000,LOUISVILLE METRO POLICE DEPT,Accepted,JEFFERSON,US0150,,22ND,ST,N,,LYTLE,,,,,38.267465841,-85.783001476,0.180,7/31/2020 12:00:00 AM,1302,3,3,0,1,CLOUDY,WET,False,OTHER INTERSECTION COLLISIONS,REAR END,STRAIGHT & LEVEL,DAYLIGHT,,,8/3/2020 8:38:58 AM,False,7345,Accepted,
27031469,0568000,LOUISVILLE METRO POLICE DEPT,Accepted,JEFFERSON,I 0265,,I265 W,,,,,,,,,38.218645516,-85.506110719,25.163,7/31/2020 12:00:00 AM,1345,2,2,0,0,CLOUDY,DRY,False,COLLISION WITH FIXED OBJECT NON - INTERSECTION - FIRST EVENT COLLISION 09 - 32 EXCLUDING 16,BACKING,CURVE & GRADE,DAYLIGHT,,,8/3/2020 8:39:02 AM,False,6532,Accepted,
27031470,0568000,LOUISVILLE METRO POLICE DEPT,Accepted,JEFFERSON,KY1631,,CRITTENDEN,DR,,,,,KFEC GATE3 DR,,KFEC GATE4 DR,38.201242702,-85.750766055,0.918,7/31/2020 12:00:00 AM,1612,3,3,0,0,CLOUDY,DRY,True,1 VEHICLE ENTERING/LEAVING ENTRANCE,ANGLE,STRAIGHT & LEVEL,DAYLIGHT,,,8/3/2020 8:39:05 AM,False,2499,Accepted,
27031476,0568000,LOUISVILLE METRO POLICE DEPT,Accepted,JEFFERSON,KY1703,,NEWBURG,RD,,,,,GARDINER,,GOLDSMITH,38.199494647,-85.684270831,1.944,7/31/2020 12:00:00 AM,1739,2,2,0,0,RAINING,WET,False,REAR END IN TRAFFIC LANES BOTH VEHICLES MOVING,REAR END,STRAIGHT & LEVEL,DAYLIGHT,,,8/3/2020 8:39:32 AM,False,7250,Accepted,
27031477,0568000,LOUISVILLE METRO POLICE DEPT,Accepted,JEFFERSON,KY1447,,WESTPORT,RD,,I 0265,I265 N EXIT33 ON RAMP FROM KY1447,,,,,38.297957174,-85.547029275,6.751,7/31/2020 12:00:00 AM,1820,2,2,0,0,RAINING,WET,False,OPPOSING LEFT TURN,OPPOSING LEFT TURN,STRAIGHT & LEVEL,DAYLIGHT,,,8/3/2020 8:39:36 AM,False,2109,Accepted,
27031478,0568000,LOUISVILLE METRO POLICE DEPT,Accepted,JEFFERSON,,,2ND,ST,N,US0031E,MAIN,,,,,38.256269810,-85.753307801,,7/31/2020 12:00:00 AM,1045,2,2,0,0,CLOUDY,WET,False,OTHER INTERSECTION COLLISIONS,REAR END,STRAIGHT & LEVEL,DAYLIGHT,,,8/3/2020 8:39:41 AM,False,2854,Accepted,
27031479,0568000,LOUISVILLE METRO POLICE DEPT,Accepted,JEFFERSON,,,RANGELAND,RD,,,,,,,,38.164998633,-85.669365911,0.707,7/31/2020 12:00:00 AM,1906,2,2,0,0,RAINING,WET,False,1 VEHICLE ENTERING/LEAVING ENTRANCE,ANGLE,CURVE & LEVEL,DAYLIGHT,,,8/3/2020 8:39:44 AM,False,7371,Accepted,
27031523,0568000,LOUISVILLE METRO POLICE DEPT,Accepted,JEFFERSON,,,SENECA,TRL,,,,KY1020,SOUTHSIDE,,SENECA,38.159298157,-85.764875300,0.007,7/31/2020 12:00:00 AM,1115,2,2,0,0,CLOUDY,WET,False,VEHICLE BACKING NON INTERSECTION,BACKING,STRAIGHT & LEVEL,DAYLIGHT,,,8/3/2020 8:42:13 AM,False,7232,Accepted,
27027124,0560300,ST. MATTHEWS POLICE DEPARTMENT,Accepted,JEFFERSON,I 0064,,I64 W,,,,,,,,,38.237597610,-85.629635436,11.899,7/31/2020 12:00:00 AM,2255,2,2,0,4,RAINING,WATER (STANDING OR MOVING),False,COLLISION WITH FIXED OBJECT NON - INTERSECTION - FIRST EVENT COLLISION 09 - 32 EXCLUDING 16,ANGLE,CURVE & GRADE,DARK-HWY NOT LIGHTED,,,8/1/2020 10:02:24 PM,False,9146,Accepted,
27031484,0568000,LOUISVILLE METRO POLICE DEPT,Accepted,JEFFERSON,,,SMYRNA,RD,,,,KY1065,OUTER,,BRISCOE,38.139901932,-85.643615486,0.183,7/31/2020 12:00:00 AM,1925,2,2,0,0,RAINING,WET,False,SIDESWIPE COLLISION - OPPOSITE DIRECTION,SIDESWIPE-OPPOSITE DIRECTION,CURVE & GRADE,DAYLIGHT,,,8/3/2020 8:39:58 AM,False,7120,Accepted,
27031485,0568000,LOUISVILLE METRO POLICE DEPT,Accepted,JEFFERSON,,9310,HI VIEW,LN,,,,,,,,38.120770072,-85.833493563,0.262,7/31/2020 12:00:00 AM,2131,1,1,0,1,RAINING,WET,False,OTHER COLLISIONS ON SHOULDER,SINGLE VEHICLE,CURVE & GRADE,DARK-HWY LIGHTED/OFF,,,8/3/2020 8:40:01 AM,False,7264,Accepted,
27031486,0568000,LOUISVILLE METRO POLICE DEPT,Accepted,JEFFERSON,US0060A,,EASTERN,PKWY,,US0031E,BARDSTOWN,,,,,38.231994247,-85.709333393,6.830,7/31/2020 12:00:00 AM,2100,2,2,0,0,CLEAR,WET,False,OTHER INTERSECTION COLLISIONS,REAR END,STRAIGHT & LEVEL,DARK-HWY LIGHTED/ON,,,8/3/2020 8:40:05 AM,False,7835,Accepted,
27031492,0568000,LOUISVILLE METRO POLICE DEPT,Accepted,JEFFERSON,KY0155,,TAYLORSVILLE,RD,,,DARTMOUTH,,,,,38.222620514,-85.664816044,15.455,7/31/2020 12:00:00 AM,1946,2,2,0,1,CLEAR,WET,False,OTHER INTERSECTION COLLISIONS,REAR END,STRAIGHT & LEVEL,DAYLIGHT,,,8/3/2020 8:40:24 AM,False,7101,Accepted,
27031493,0568000,LOUISVILLE METRO POLICE DEPT,Accepted,JEFFERSON,,,BROADWAY,,W,,24TH,,,,,38.249356242,-85.791507826,0.180,7/31/2020 12:00:00 AM,1045,2,2,0,2,CLOUDY,WET,False,COLLISION WITH PARKED VEHICLE,REAR END,STRAIGHT & LEVEL,DARK-HWY LIGHTED/ON,,,8/3/2020 8:40:27 AM,False,5162,Accepted,