IncidentID,AgencyORI,AgencyName,IncidentStatusDesc,County,RdwyNumber,Street,RoadwayName,StreetSfx,StreetDir,IntersectionRdwy,IntersectionRdwyName,BetweenStRdwy1,BetweenStRdwyName1,BetweenStRdwy2,BetweenStRdwyName2,Latitude,Longitude,Milepoint,CollisionDate,CollisionTime,UnitsInvolved,MotorVehiclesInvolved,NumberKilled,NumberInjured,Weather,RdwyConditionCode,HitandRun,DirAnalysisCode,MannerofCollision,RdwyCharacter,LightCondition,RampFromRdwyId,RampToRdwyId,AcceptedDate,IsSecondaryCollision,OwnerBadge,IncidentStatus,
27031494,0568000,LOUISVILLE METRO POLICE DEPT,Accepted,JEFFERSON,KY1931,3620,MANSLICK,RD,,,,,,,,38.194370793,-85.800654533,8.295,7/31/2020 12:00:00 AM,2150,2,2,0,1,RAINING,WET,False,1 VEHICLE PARKED POSITION (NOT PARKING LOT/DRIVEWAY),HEAD ON,CURVE & LEVEL,DARK-HWY LIGHTED/ON,,,8/3/2020 8:40:31 AM,False,7455,Accepted,
27022147,0568000,LOUISVILLE METRO POLICE DEPT,Accepted,JEFFERSON,US0060A,3455,TAYLOR,BLVD,,,,,,,,38.197067184,-85.782888804,1.521,7/31/2020 12:00:00 AM,0220,1,1,0,0,RAINING,WET,False,COLLISION IN PARKING LOT,SINGLE VEHICLE,STRAIGHT & LEVEL,DARK-HWY LIGHTED/ON,,,7/31/2020 8:14:33 AM,False,5175,Accepted,
27022148,0568000,LOUISVILLE METRO POLICE DEPT,Accepted,JEFFERSON,,,MARKET,ST,W,,,,,,,38.260045323,-85.798649297,0.670,7/31/2020 12:00:00 AM,0038,3,3,0,0,CLOUDY,WET,False,1 VEHICLE PARKED POSITION (NOT PARKING LOT/DRIVEWAY),REAR END,STRAIGHT & LEVEL,DARK-HWY LIGHTED/ON,,,7/31/2020 8:14:37 AM,False,5118,Accepted,
27031465,0568000,LOUISVILLE METRO POLICE DEPT,Accepted,JEFFERSON,US0031E,,BARDSTOWN,RD,,,,,IONA,KY1065,SEATONVILLE,38.151931458,-85.588225246,5.703,7/31/2020 12:00:00 AM,1250,2,2,0,0,CLOUDY,DRY,False,1 VEHICLE ENTERING/LEAVING ENTRANCE,ANGLE,STRAIGHT & GRADE,DAYLIGHT,,,8/3/2020 8:38:54 AM,False,6337,Accepted,
27031472,0568000,LOUISVILLE METRO POLICE DEPT,Accepted,JEFFERSON,KY1934,,CANE RUN,RD,,KY1727,TERRY,,,,,38.178059478,-85.861893940,7.184,7/31/2020 12:00:00 AM,0754,1,1,0,0,CLOUDY,WET,False,COLLISION WITH FIXED OBJECT IN INTERSECTION - FIRST EVENT COLLISION 09 - 32,SINGLE VEHICLE,STRAIGHT & LEVEL,DAWN,,,8/3/2020 8:39:15 AM,False,7356,Accepted,
27031473,0568000,LOUISVILLE METRO POLICE DEPT,Accepted,JEFFERSON,KY0061,,PRESTON,HWY,,KY6299,COMMERCE CROSSINGS,,,,,38.103925031,-85.672941898,1.440,7/31/2020 12:00:00 AM,0916,2,2,0,2,CLOUDY,DRY,False,OTHER INTERSECTION COLLISIONS,REAR END,CURVE & LEVEL,DAYLIGHT,,,8/3/2020 8:39:18 AM,False,7442,Accepted,
27031474,0568000,LOUISVILLE METRO POLICE DEPT,Accepted,JEFFERSON,US0031E,,BARDSTOWN,RD,,,,,IONA,KY1065,BEULAH CHURCH,38.150857969,-85.587864285,5.630,7/31/2020 12:00:00 AM,1749,3,3,0,1,CLOUDY,DRY,False,OTHER ROADWAY OR MID-BLOCK COLLISION,REAR END,STRAIGHT & LEVEL,DAYLIGHT,,,8/3/2020 8:39:22 AM,False,6337,Accepted,
27031475,0568000,LOUISVILLE METRO POLICE DEPT,Accepted,JEFFERSON,,,RUTLEDGE,RD,,,WOOD,,,,,38.150016648,-85.878089187,0.580,7/31/2020 12:00:00 AM,0837,2,2,0,2,CLOUDY,WET,False,ANGLE COLLISION - OTHER,ANGLE,STRAIGHT & LEVEL,DAYLIGHT,,,8/3/2020 8:39:26 AM,False,7177,Accepted,
27031480,0568000,LOUISVILLE METRO POLICE DEPT,Accepted,JEFFERSON,KY2052,,SHEPHERDSVILLE,RD,,,ARMSMERE,,,,,38.176800989,-85.659437349,2.634,7/31/2020 12:00:00 AM,1715,2,2,0,0,RAINING,WET,False,ANGLE COLLISION - OTHER,ANGLE,STRAIGHT & LEVEL,DAYLIGHT,,,8/3/2020 8:39:47 AM,False,2217,Accepted,
27031463,0568000,LOUISVILLE METRO POLICE DEPT,Accepted,JEFFERSON,I 0071,,I71 N,,,,,,,,,38.301320444,-85.609374900,7.318,7/31/2020 12:00:00 AM,0818,1,1,0,0,RAINING,WET,False,OTHER COLLISIONS ON SHOULDER,SINGLE VEHICLE,STRAIGHT & LEVEL,DAYLIGHT,,,8/3/2020 8:38:47 AM,False,4903,Accepted,
27022145,0568000,LOUISVILLE METRO POLICE DEPT,Accepted,JEFFERSON,KY1065,,OUTER,LOOP,,,BRIARCLIFF,,,,,38.136105299,-85.697140855,5.460,7/31/2020 12:00:00 AM,0047,2,2,0,0,RAINING,WET,False,ANGLE COLLISION - OTHER,ANGLE,STRAIGHT & LEVEL,DARK-HWY LIGHTED/ON,,,7/31/2020 8:14:26 AM,False,5127,Accepted,
27031483,0568000,LOUISVILLE METRO POLICE DEPT,Accepted,JEFFERSON,I 0265,,I265 E,,,,,,,,,38.176897077,-85.512841624,22.234,7/31/2020 12:00:00 AM,1942,1,1,0,0,RAINING,WET,False,RAN OFF ROADWAY (1 VEHICLE WITH/EARTH EMBANKMENT/DITCH),SINGLE VEHICLE,CURVE & GRADE,DAYLIGHT,,,8/3/2020 8:39:54 AM,False,5014,Accepted,
27031489,0568000,LOUISVILLE METRO POLICE DEPT,Accepted,JEFFERSON,KY1931,,MANSLICK,RD,,,GAGEL,,,,,38.170382641,-85.797502169,6.594,7/31/2020 12:00:00 AM,2223,2,2,0,1,RAINING,WET,False,OPPOSING LEFT TURN,OPPOSING LEFT TURN,STRAIGHT & LEVEL,DARK-HWY LIGHTED/ON,,,8/3/2020 8:40:14 AM,False,5284,Accepted,
27022155,0568000,LOUISVILLE METRO POLICE DEPT,Accepted,JEFFERSON,US0031E,,BARDSTOWN,RD,,,GOLDSMITH,,,,,38.208309643,-85.669027688,11.770,7/31/2020 12:00:00 AM,0358,2,2,0,0,RAINING,WET,False,HEAD-ON COLLISION,HEAD ON,STRAIGHT & GRADE,DARK-HWY LIGHTED/ON,,,7/31/2020 8:15:00 AM,False,5288,Accepted,
27022224,0560400,SHIVELY POLICE DEPARTMENT,Accepted,JEFFERSON,I 0264,,I264 W,,,,,,,,,38.191359698,-85.830439093,6.395,7/30/2020 12:00:00 AM,1052,1,1,0,0,RAINING,WET,False,OTHER ROADWAY OR MID-BLOCK COLLISION,SINGLE VEHICLE,STRAIGHT & LEVEL,DAYLIGHT,,,7/31/2020 8:43:36 AM,False,7082,Accepted,
27022131,0568000,LOUISVILLE METRO POLICE DEPT,Accepted,JEFFERSON,KY2054,,ALGONQUIN,PKWY,,US0031W,22ND,,,,,38.223361349,-85.795088286,1.503,7/30/2020 12:00:00 AM,1321,2,2,0,1,RAINING,WET,False,OPPOSING LEFT TURN,OPPOSING LEFT TURN,STRAIGHT & LEVEL,DAYLIGHT,,,7/31/2020 8:13:33 AM,False,5273,Accepted,
27022139,0568000,LOUISVILLE METRO POLICE DEPT,Accepted,JEFFERSON,,,RIVER PARK,DR,,I 0264,I264 E EXIT2 ON RAMP FROM  RIVER PARK DR,,,,,38.254379790,-85.806463083,1.123,7/30/2020 12:00:00 AM,2154,2,2,0,0,RAINING,WET,False,ANGLE COLLISION - OTHER,ANGLE,STRAIGHT & LEVEL,DARK-HWY LIGHTED/ON,,,7/31/2020 8:14:05 AM,False,7481,Accepted,
27022146,0568000,LOUISVILLE METRO POLICE DEPT,Accepted,JEFFERSON,KY1932,,BRECKENRIDGE,LN,,,BEARGRASS RUN,,,,,38.211513835,-85.628206046,2.212,7/30/2020 12:00:00 AM,2120,2,2,0,1,RAINING,WET,False,HEAD-ON COLLISION,HEAD ON,CURVE & GRADE,DARK-HWY NOT LIGHTED,,,7/31/2020 8:14:30 AM,False,5288,Accepted,
27022114,0568000,LOUISVILLE METRO POLICE DEPT,Accepted,JEFFERSON,US0060A,,EASTERN,PKWY,,,CRITTENDEN,,,,,38.211572627,-85.751580133,4.023,7/30/2020 12:00:00 AM,0533,2,2,0,1,CLEAR,DRY,False,SIDESWIPE-SAME DIRECTION,SIDESWIPE-SAME DIRECTION,STRAIGHT & LEVEL,DARK-HWY LIGHTED/ON,,,7/31/2020 8:12:23 AM,False,5217,Accepted,
27022123,0568000,LOUISVILLE METRO POLICE DEPT,Accepted,JEFFERSON,I 0064,,I64 W,,,,,,,,,38.225283588,-85.584364840,14.548,7/30/2020 12:00:00 AM,1502,1,1,0,1,RAINING,WET,False,OTHER COLLISIONS ON SHOULDER,SINGLE VEHICLE,STRAIGHT & LEVEL,DAYLIGHT,,,7/31/2020 8:12:48 AM,False,7358,Accepted,
27022124,0568000,LOUISVILLE METRO POLICE DEPT,Accepted,JEFFERSON,I 0064,,I64 W,,,,,,,,,38.261683291,-85.733485294,5.600,7/30/2020 12:00:00 AM,1435,1,1,0,1,RAINING,WET,False,COLLISION WITH FIXED OBJECT NON - INTERSECTION - FIRST EVENT COLLISION 09 - 32 EXCLUDING 16,SINGLE VEHICLE,CURVE & LEVEL,DAYLIGHT,,,7/31/2020 8:12:51 AM,False,6360,Accepted,
27022132,0568000,LOUISVILLE METRO POLICE DEPT,Accepted,JEFFERSON,,9913,DONERAIL,WAY,,,,,,,,38.114039474,-85.867134484,0.440,7/30/2020 12:00:00 AM,0530,1,1,0,0,CLEAR,DRY,False,COLLISION WITH FIXED OBJECT NON - INTERSECTION - FIRST EVENT COLLISION 09 - 32 EXCLUDING 16,SINGLE VEHICLE,CURVE & LEVEL,DARK-HWY LIGHTED/ON,,,7/31/2020 8:13:39 AM,False,2311,Accepted,
27022115,0568000,LOUISVILLE METRO POLICE DEPT,Accepted,JEFFERSON,,,WATTBOURNE,LN,,KY1747,HURSTBOURNE,,,,,38.185478318,-85.606018030,0.002,7/30/2020 12:00:00 AM,0600,2,2,0,2,CLEAR,DRY,True,ANGLE COLLISION - OTHER,ANGLE,STRAIGHT & LEVEL,DAWN,,,7/31/2020 8:12:26 AM,False,5203,Accepted,
27022129,0568000,LOUISVILLE METRO POLICE DEPT,Accepted,JEFFERSON,,,JEANINE,DR,,,MELDA,,,,,38.165280597,-85.687916730,0.527,7/30/2020 12:00:00 AM,1602,2,2,0,0,CLOUDY,DRY,False,ANGLE COLLISION - OTHER,ANGLE,STRAIGHT & LEVEL,DAYLIGHT,,,7/31/2020 8:13:18 AM,False,7451,Accepted,
27022130,0568000,LOUISVILLE METRO POLICE DEPT,Accepted,JEFFERSON,KY2056,,BELLS,LN,,,39TH,,,,,38.222638404,-85.821611100,1.082,7/30/2020 12:00:00 AM,1711,2,2,0,1,CLOUDY,WET,False,ANGLE COLLISION - OTHER,ANGLE,STRAIGHT & LEVEL,DAYLIGHT,,,7/31/2020 8:13:24 AM,False,2569,Accepted,
27022133,0568000,LOUISVILLE METRO POLICE DEPT,Accepted,JEFFERSON,US0031W,,22ND,ST,S,US0031W,DUMESNIL,,,,,38.236511411,-85.790358968,18.655,7/30/2020 12:00:00 AM,1428,2,2,0,1,RAINING,WET,False,ANGLE COLLISION - OTHER,ANGLE,STRAIGHT & LEVEL,DAYLIGHT,,,7/31/2020 8:13:45 AM,False,5179,Accepted,
27022134,0568000,LOUISVILLE METRO POLICE DEPT,Accepted,JEFFERSON,,,STONESTREET,RD,,,,,,,,38.103913993,-85.829464425,2.153,7/30/2020 12:00:00 AM,1301,2,2,0,0,RAINING,WET,False,SIDESWIPE COLLISION - SAME DIRECTION,SIDESWIPE-SAME DIRECTION,STRAIGHT & LEVEL,DAYLIGHT,,,7/31/2020 8:13:49 AM,False,7234,Accepted,
27022135,0568000,LOUISVILLE METRO POLICE DEPT,Accepted,JEFFERSON,,,KENWOOD,DR,W,,,,,,,38.160499986,-85.771210330,0.456,7/30/2020 12:00:00 AM,1442,1,1,0,0,RAINING,WET,True,COLLISION WITH FIXED OBJECT NON - INTERSECTION - FIRST EVENT COLLISION 09 - 32 EXCLUDING 16,SINGLE VEHICLE,CURVE & LEVEL,DAYLIGHT,,,7/31/2020 8:13:52 AM,False,7234,Accepted,
27022142,0568000,LOUISVILLE METRO POLICE DEPT,Accepted,JEFFERSON,KY1865,,TAYLOR,BLVD,,,,,,,,38.189050740,-85.783444529,5.705,7/30/2020 12:00:00 AM,0530,2,2,0,2,CLEAR,DRY,False,1 VEHICLE ENTERING/LEAVING ENTRANCE,ANGLE,STRAIGHT & LEVEL,DAWN,,,7/31/2020 8:14:16 AM,False,5175,Accepted,
27022143,0568000,LOUISVILLE METRO POLICE DEPT,Accepted,JEFFERSON,US0031W,,DIXIE,HWY,,,LEWISTON,,,,,38.171214943,-85.826439102,13.518,7/30/2020 12:00:00 AM,2115,2,2,0,1,RAINING,WET,False,ANGLE COLLISION - OTHER,ANGLE,STRAIGHT & LEVEL,DARK-HWY LIGHTED/ON,,,7/31/2020 8:14:20 AM,False,7992,Accepted,
27022118,0568000,LOUISVILLE METRO POLICE DEPT,Accepted,JEFFERSON,,,4TH,ST,S,,HEYWOOD,,,,,38.206457095,-85.765327818,3.493,7/30/2020 12:00:00 AM,1325,2,2,0,0,RAINING,WET,False,ANGLE COLLISION - OTHER,ANGLE,STRAIGHT & LEVEL,DAYLIGHT,,,7/31/2020 8:12:35 AM,False,7872,Accepted,
27022136,0568000,LOUISVILLE METRO POLICE DEPT,Accepted,JEFFERSON,I 0065,,I65 S,,,,,,,,,38.260811221,-85.741960244,136.603,7/30/2020 12:00:00 AM,1915,1,1,0,0,RAINING,WET,False,OTHER ROADWAY OR MID-BLOCK COLLISION,SINGLE VEHICLE,CURVE & LEVEL,DUSK,,,7/31/2020 8:13:55 AM,False,6360,Accepted,
27022137,0568000,LOUISVILLE METRO POLICE DEPT,Accepted,JEFFERSON,,7411,EDENROC,LN,,,,,,,,38.147396009,-85.878943506,0.192,7/30/2020 12:00:00 AM,2030,1,1,0,0,RAINING,WET,False,OTHER COLLISIONS ON SHOULDER,SINGLE VEHICLE,CURVE & LEVEL,DUSK,,,7/31/2020 8:13:58 AM,False,7980,Accepted,
27022144,0568000,LOUISVILLE METRO POLICE DEPT,Accepted,JEFFERSON,I 0264,,I264 W,,,,,I 0264,I264 W EXIT4 OFF RAMP TO KY2056,I 0264,I264 W EXIT5 ON RAMP FROM  RALPH AVE,38.212035121,-85.824383917,4.791,7/30/2020 12:00:00 AM,2000,1,1,0,1,RAINING,FLOODED,False,COLLISION WITH FIXED OBJECT NON - INTERSECTION - FIRST EVENT COLLISION 09 - 32 EXCLUDING 16,SINGLE VEHICLE,STRAIGHT & LEVEL,DAYLIGHT,,,7/31/2020 8:14:23 AM,False,7181,Accepted,
27022149,0568000,LOUISVILLE METRO POLICE DEPT,Accepted,JEFFERSON,KY0841,,GENE SNYDER,FWY,,,,,,,,38.118834633,-85.784536810,5.638,7/30/2020 12:00:00 AM,2055,1,1,0,0,RAINING,WET,False,OTHER COLLISIONS ON SHOULDER,SINGLE VEHICLE,STRAIGHT & LEVEL,DARK-HWY LIGHTED/ON,,,7/31/2020 8:14:40 AM,False,5220,Accepted,
27022140,0568000,LOUISVILLE METRO POLICE DEPT,Accepted,JEFFERSON,,,STONESTREET,RD,,KY0907,3RD ST,,,,,38.113003994,-85.836961334,1.209,7/30/2020 12:00:00 AM,2246,2,2,0,2,CLOUDY,WET,False,HEAD-ON COLLISION,HEAD ON,STRAIGHT & LEVEL,DARK-HWY LIGHTED/ON,,,7/31/2020 8:14:09 AM,False,5048,Accepted,
27022141,0568000,LOUISVILLE METRO POLICE DEPT,Accepted,JEFFERSON,I 0065,,I65 N,,,,,,,,,38.205218961,-85.742100300,132.021,7/30/2020 12:00:00 AM,2153,2,2,0,0,RAINING,WET,False,REAR END IN TRAFFIC LANES BOTH VEHICLES MOVING,REAR END,STRAIGHT & LEVEL,DARK-HWY LIGHTED/ON,,,7/31/2020 8:14:13 AM,False,5217,Accepted,
27022154,0568000,LOUISVILLE METRO POLICE DEPT,Accepted,JEFFERSON,KY0061,,PRESTON,HWY,,,HUNTINGTON,,,,,38.141576753,-85.688384381,4.205,7/30/2020 12:00:00 AM,2021,2,2,0,0,RAINING,FLOODED,False,COLLISION WITH PARKED VEHICLE,ANGLE,STRAIGHT & LEVEL,DUSK,,,7/31/2020 8:14:56 AM,False,5138,Accepted,
27022110,0568000,LOUISVILLE METRO POLICE DEPT,Accepted,JEFFERSON,KY0864,,POPLAR LEVEL,RD,,KY1747,FERN VALLEY,,,,,38.157840421,-85.645893744,6.605,7/30/2020 12:00:00 AM,0151,2,2,0,0,CLEAR,DRY,False,OTHER INTERSECTION COLLISIONS,REAR END,STRAIGHT & LEVEL,DARK (UNKNOWN ROADWAY LIGHTING),,,7/31/2020 8:12:08 AM,False,5153,Accepted,
27022128,0568000,LOUISVILLE METRO POLICE DEPT,Accepted,JEFFERSON,KY1447,,WESTPORT,RD,,,SHELBURN PARK,,,,,38.295089183,-85.556504094,6.205,7/30/2020 12:00:00 AM,1708,2,2,0,1,CLOUDY,WET,False,ANGLE COLLISION - OTHER,ANGLE,STRAIGHT & LEVEL,DAYLIGHT,,,7/31/2020 8:13:10 AM,False,7355,Accepted,
27022151,0568000,LOUISVILLE METRO POLICE DEPT,Accepted,JEFFERSON,KY1447,,WESTPORT,RD,,,,,,CR1001C,CHAMBERLAIN,38.298792152,-85.543579195,7.000,7/30/2020 12:00:00 AM,0542,2,2,0,0,CLEAR,DRY,False,REAR END IN TRAFFIC LANES BOTH VEHICLES MOVING,REAR END,STRAIGHT & LEVEL,DAWN,,,7/31/2020 8:14:46 AM,False,5223,Accepted,
27022152,0568000,LOUISVILLE METRO POLICE DEPT,Accepted,JEFFERSON,I 0064,,I64 E,,,,,,,,,38.238115493,-85.666475114,10.081,7/30/2020 12:00:00 AM,2100,1,1,0,0,RAINING,WET,False,OTHER ROADWAY OR MID-BLOCK COLLISION,SINGLE VEHICLE,CURVE & LEVEL,DARK-HWY LIGHTED/ON,,,7/31/2020 8:14:49 AM,False,5171,Accepted,
27022153,0568000,LOUISVILLE METRO POLICE DEPT,Accepted,JEFFERSON,KY1747,,FERN VALLEY,RD,,,,,,,,38.157974932,-85.720314317,0.649,7/30/2020 12:00:00 AM,2056,2,2,0,0,RAINING,WET,False,OTHER ROADWAY OR MID-BLOCK COLLISION,REAR END,STRAIGHT & GRADE,DARK-HWY LIGHTED/ON,,,7/31/2020 8:14:53 AM,False,5138,Accepted,
27061069,0568000,LOUISVILLE METRO POLICE DEPT,Accepted,JEFFERSON,US0031W,,22ND,ST,S,,GARLAND,,,,,38.244113057,-85.789088901,19.198,7/30/2020 12:00:00 AM,0036,2,1,1,0,BLOWING SAND/SOIL/DIRT/SNOW,DRY,True,COLLISION WITH PEDESTRIAN IN INTERSECTION,SINGLE VEHICLE,STRAIGHT & LEVEL,DARK-HWY LIGHTED/ON,,,8/10/2020 11:48:14 AM,False,2142,Accepted,
27045540,0568000,LOUISVILLE METRO POLICE DEPT,Accepted,JEFFERSON,I 0064,,I64 W,,,,,,,,,38.223649591,-85.578999130,14.861,7/30/2020 12:00:00 AM,1543,2,2,0,2,CLEAR,DRY,False,REAR END IN TRAFFIC LANES BOTH VEHICLES MOVING,REAR END,CURVE & GRADE,DAYLIGHT,,,8/6/2020 8:05:22 AM,False,8278,Accepted,
27036232,0568000,LOUISVILLE METRO POLICE DEPT,Accepted,JEFFERSON,I 0264,,I264 E,,,I 0264,I264 E EXIT1 OFF RAMP TO,,,,,38.271282471,-85.808402751,0.394,7/30/2020 12:00:00 AM,2215,2,2,0,0,RAINING,WET,True,ANGLE COLLISION - OTHER,ANGLE,STRAIGHT & LEVEL,DARK-HWY LIGHTED/ON,,,8/4/2020 8:12:40 AM,False,5057,Accepted,
27036209,0568000,LOUISVILLE METRO POLICE DEPT,Accepted,JEFFERSON,,,POPLAR VIEW,DR,,,CLARION,,,,,38.183720554,-85.850987633,0.181,7/30/2020 12:00:00 AM,1615,2,2,0,1,RAINING,WET,False,ANGLE COLLISION - OTHER,ANGLE,STRAIGHT & LEVEL,DAYLIGHT,,,8/4/2020 8:11:24 AM,False,5257,Accepted,
27036210,0568000,LOUISVILLE METRO POLICE DEPT,Accepted,JEFFERSON,I 0065,,,,,,,,,,,38.246328560,-85.752133734,0.138,7/30/2020 12:00:00 AM,1230,2,2,0,0,RAINING,WET,False,OTHER RAMP RELATED COLLISIONS NOT LISTED ABOVE,REAR END,STRAIGHT & HILLCREST,DAYLIGHT,I 0065,S BROOK ST,8/4/2020 8:11:28 AM,False,2403,Accepted,
27040839,0568000,LOUISVILLE METRO POLICE DEPT,Accepted,JEFFERSON,,1500,GAGEL,AVE,,,,,,,,38.172891466,-85.807882035,0.807,7/30/2020 12:00:00 AM,0351,2,2,0,2,CLEAR,DRY,False,HEAD-ON COLLISION,HEAD ON,STRAIGHT & LEVEL,DARK-HWY LIGHTED/ON,,,8/5/2020 8:09:43 AM,False,2217,Accepted,
28256018,0568000,LOUISVILLE METRO POLICE DEPT,Accepted,JEFFERSON,I 0064,,I64 E,,,I 0064,I64 N EXIT137 RAMP TO I71 N,,,,,38.260918461,-85.734294280,5.896,7/30/2020 12:00:00 AM,0854,1,1,0,1,RAINING,WATER (STANDING OR MOVING),False,COLLISION WITH FIXED OBJECT IN INTERSECTION - FIRST EVENT COLLISION 09 - 32,SINGLE VEHICLE,CURVE & GRADE,DAYLIGHT,,,6/15/2021 8:39:39 AM,False,7720,Accepted,
27036204,0568000,LOUISVILLE METRO POLICE DEPT,Accepted,JEFFERSON,I 0265,,I265 E,,,,,,,,,38.121487154,-85.626651577,14.496,7/29/2020 12:00:00 AM,1553,2,2,0,1,CLEAR,DRY,False,OTHER ROADWAY OR MID-BLOCK COLLISION,REAR END,STRAIGHT & GRADE,DAYLIGHT,,,8/4/2020 8:11:00 AM,False,8278,Accepted,
27036201,0568000,LOUISVILLE METRO POLICE DEPT,Accepted,JEFFERSON,I 0065,,,,,,,,,,,38.190899062,-85.727782820,0.345,7/29/2020 12:00:00 AM,1445,3,3,0,0,CLEAR,DRY,False,OTHER RAMP RELATED COLLISIONS NOT LISTED ABOVE,REAR END,STRAIGHT & LEVEL,DAYLIGHT,I 0065,I 0065,8/4/2020 8:10:51 AM,False,8278,Accepted,
27045539,0568000,LOUISVILLE METRO POLICE DEPT,Accepted,JEFFERSON,KY1931,6909,MANSLICK,RD,,,,,,,,38.158559342,-85.798708107,5.766,7/29/2020 12:00:00 AM,1345,1,1,1,0,CLEAR,DRY,False,COLLISION WITH FIXED OBJECT NON - INTERSECTION - FIRST EVENT COLLISION 09 - 32 EXCLUDING 16,SINGLE VEHICLE,STRAIGHT & LEVEL,DAYLIGHT,,,8/6/2020 8:05:18 AM,False,2217,Accepted,
27022438,0564500,PROSPECT POLICE DEPARTMENT,Accepted,JEFFERSON,KY3222,,ROSE ISLAND,RD,,US0042,US42,,,,,38.356400558,-85.611248744,0.001,7/29/2020 12:00:00 AM,1535,2,2,0,0,CLEAR,DRY,False,REAR END - ONE VEHICLE TURNING RIGHT,REAR END,STRAIGHT & GRADE,DAYLIGHT,,,7/31/2020 9:18:27 AM,False,1137,Accepted,
27022094,0568000,LOUISVILLE METRO POLICE DEPT,Accepted,JEFFERSON,KY1934,,GREENBELT,HWY,,,RAGGARD,,,,,38.174494286,-85.871379879,6.628,7/29/2020 12:00:00 AM,1300,2,2,0,0,CLEAR,DRY,False,OTHER INTERSECTION COLLISIONS,REAR END,STRAIGHT & LEVEL,DAYLIGHT,,,7/31/2020 8:11:12 AM,False,7267,Accepted,
27022111,0568000,LOUISVILLE METRO POLICE DEPT,Accepted,JEFFERSON,,9820,TITAN,DR,,,,,,,,38.105490199,-85.695842185,0.077,7/29/2020 12:00:00 AM,2224,1,1,0,0,CLEAR,DRY,False,OTHER ROADWAY OR MID-BLOCK COLLISION,SINGLE VEHICLE,STRAIGHT & LEVEL,DARK-HWY NOT LIGHTED,,,7/31/2020 8:12:12 AM,False,5182,Accepted,
27031464,0568000,LOUISVILLE METRO POLICE DEPT,Accepted,JEFFERSON,KY0061,,PRESTON,ST,S,,MUHAMMAD ALI,,,,,38.250490468,-85.746328929,12.556,7/29/2020 12:00:00 AM,1350,2,2,0,0,CLEAR,DRY,True,COLLISION IN PARKING LOT,BACKING,STRAIGHT & LEVEL,DAYLIGHT,,,8/3/2020 8:38:51 AM,False,7170,Accepted,
27022104,0568000,LOUISVILLE METRO POLICE DEPT,Accepted,JEFFERSON,,,ST XAVIER,ST,,,21ST,,,,,38.265142657,-85.783263271,0.055,7/29/2020 12:00:00 AM,2105,1,1,0,0,CLOUDY,DRY,False,COLLISION WITH FIXED OBJECT IN INTERSECTION - FIRST EVENT COLLISION 09 - 32,SINGLE VEHICLE,STRAIGHT & LEVEL,DAYLIGHT,,,7/31/2020 8:11:48 AM,False,7311,Accepted,
27022105,0568000,LOUISVILLE METRO POLICE DEPT,Accepted,JEFFERSON,,1112,RIVER,RD,,,,,,,,38.262782080,-85.732738385,0.822,7/29/2020 12:00:00 AM,2105,2,2,0,0,CLEAR,DRY,False,1 VEHICLE ENTERING/LEAVING ENTRANCE,ANGLE,STRAIGHT & LEVEL,DARK-HWY NOT LIGHTED,,,7/31/2020 8:11:51 AM,False,7862,Accepted,
27022112,0568000,LOUISVILLE METRO POLICE DEPT,Accepted,JEFFERSON,KY0061,,PRESTON,HWY,,,ROSE,,,,,38.175589729,-85.713757731,6.964,7/29/2020 12:00:00 AM,2219,1,1,0,0,CLEAR,DRY,False,COLLISION WITH FIXED OBJECT IN INTERSECTION - FIRST EVENT COLLISION 09 - 32,SINGLE VEHICLE,STRAIGHT & LEVEL,DARK-HWY LIGHTED/ON,,,7/31/2020 8:12:15 AM,False,5053,Accepted,
27012424,0568000,LOUISVILLE METRO POLICE DEPT,Accepted,JEFFERSON,I 0265,,I265 W,,,,,I 0265,I265 W EXIT19 ON RAMP FROM KY1819,I 0265,I265 W EXIT19 OFF RAMP TO KY1819,38.146991835,-85.545121074,19.429,7/29/2020 12:00:00 AM,0209,2,2,0,2,CLEAR,DRY,False,SIDESWIPE COLLISION - SAME DIRECTION,SIDESWIPE-SAME DIRECTION,STRAIGHT & LEVEL,DARK-HWY LIGHTED/ON,,,7/29/2020 8:59:19 AM,False,7838,Accepted,