IncidentID,AgencyORI,AgencyName,IncidentStatusDesc,County,RdwyNumber,Street,RoadwayName,StreetSfx,StreetDir,IntersectionRdwy,IntersectionRdwyName,BetweenStRdwy1,BetweenStRdwyName1,BetweenStRdwy2,BetweenStRdwyName2,Latitude,Longitude,Milepoint,CollisionDate,CollisionTime,UnitsInvolved,MotorVehiclesInvolved,NumberKilled,NumberInjured,Weather,RdwyConditionCode,HitandRun,DirAnalysisCode,MannerofCollision,RdwyCharacter,LightCondition,RampFromRdwyId,RampToRdwyId,AcceptedDate,IsSecondaryCollision,OwnerBadge,IncidentStatus,
27014215,0568000,LOUISVILLE METRO POLICE DEPT,Accepted,JEFFERSON,,,CHESTNUT,ST,W,,15TH,,,,,38.250951639,-85.776078686,1.364,7/29/2020 12:00:00 AM,0656,2,2,0,0,CLEAR,DRY,False,ANGLE COLLISION - OTHER,ANGLE,STRAIGHT & LEVEL,DAYLIGHT,,,7/29/2020 2:51:42 PM,False,5124,Accepted,
27022093,0568000,LOUISVILLE METRO POLICE DEPT,Accepted,JEFFERSON,KY0907,,VALLEY STATION,RD,,,,,DEERING,US0031W,DIXIE,38.106710185,-85.864101783,0.157,7/29/2020 12:00:00 AM,1550,2,2,0,0,CLEAR,DRY,True,1 VEHICLE ENTERING/LEAVING ENTRANCE,ANGLE,STRAIGHT & LEVEL,DAYLIGHT,,,7/31/2020 8:11:09 AM,False,2098,Accepted,
27022100,0568000,LOUISVILLE METRO POLICE DEPT,Accepted,JEFFERSON,,,GARLAND,AVE,,US0031W,DR W J HODGE,,,,,38.243953356,-85.787446749,1.123,7/29/2020 12:00:00 AM,1549,1,1,0,0,CLEAR,DRY,False,COLLISION WITH FIXED OBJECT IN INTERSECTION - FIRST EVENT COLLISION 09 - 32,SINGLE VEHICLE,STRAIGHT & LEVEL,DAYLIGHT,,,7/31/2020 8:11:33 AM,False,7091,Accepted,
27022138,0568000,LOUISVILLE METRO POLICE DEPT,Accepted,JEFFERSON,KY1020,3830,3RD,ST,S,,,,,,,38.207572221,-85.763505034,9.679,7/29/2020 12:00:00 AM,1141,3,3,0,0,CLEAR,DRY,False,SIDESWIPE COLLISION - SAME DIRECTION,SIDESWIPE-SAME DIRECTION,STRAIGHT & LEVEL,DAYLIGHT,,,7/31/2020 8:14:02 AM,False,7398,Accepted,
27022101,0568000,LOUISVILLE METRO POLICE DEPT,Accepted,JEFFERSON,US0031W,,22ND,ST,S,,ANDERSON,,,,,38.248539577,-85.788319256,19.512,7/29/2020 12:00:00 AM,1538,2,2,0,3,CLEAR,DRY,False,ANGLE COLLISION - ONE VEHICLE TURNING LEFT,ANGLE,STRAIGHT & LEVEL,DAYLIGHT,,,7/31/2020 8:11:37 AM,False,5179,Accepted,
27012428,0568000,LOUISVILLE METRO POLICE DEPT,Accepted,JEFFERSON,I 0264,8.6 MM,I264 W,,,,,,,,,38.186329159,-85.800734503,8.254,7/29/2020 12:00:00 AM,0459,1,1,0,1,CLEAR,DRY,False,COLLISION WITH FIXED OBJECT NON - INTERSECTION - FIRST EVENT COLLISION 09 - 32 EXCLUDING 16,SINGLE VEHICLE,STRAIGHT & LEVEL,DARK-HWY LIGHTED/ON,,,7/29/2020 8:59:30 AM,False,7455,Accepted,
27014218,0568000,LOUISVILLE METRO POLICE DEPT,Accepted,JEFFERSON,,912,ENGLISH STATION,RD,S,,,,LAKE VILLAGE,,OXFORD STATION,38.222537044,-85.493868040,3.180,7/29/2020 12:00:00 AM,0659,1,1,0,0,CLOUDY,DRY,False,COLLISION WITH ANIMAL NON INTERSECTION,SINGLE VEHICLE,STRAIGHT & LEVEL,DAWN,,,7/29/2020 2:51:52 PM,False,6456,Accepted,
27022090,0568000,LOUISVILLE METRO POLICE DEPT,Accepted,JEFFERSON,,,ASHLAND,AVE,W,,,,,,,38.186398599,-85.785678615,1.070,7/29/2020 12:00:00 AM,1349,3,3,0,0,CLEAR,DRY,False,1 VEHICLE ENTERING/LEAVING ENTRANCE,ANGLE,STRAIGHT & LEVEL,DAYLIGHT,,,7/31/2020 8:10:56 AM,False,7433,Accepted,
27014216,0568000,LOUISVILLE METRO POLICE DEPT,Accepted,JEFFERSON,US0031W,,DIXIE,HWY,,KY1931,GREENWOOD,,,,,38.143454454,-85.839705514,11.688,7/29/2020 12:00:00 AM,0830,2,2,0,0,CLEAR,DRY,False,OTHER INTERSECTION COLLISIONS,REAR END,STRAIGHT & LEVEL,DAYLIGHT,,,7/29/2020 2:51:45 PM,False,2311,Accepted,
27022096,0568000,LOUISVILLE METRO POLICE DEPT,Accepted,JEFFERSON,US0031E,2440,BARDSTOWN,RD,,,,,,,,38.223719836,-85.688026310,13.320,7/29/2020 12:00:00 AM,1349,2,2,0,0,CLOUDY,DRY,False,1 VEHICLE ENTERING/LEAVING ENTRANCE,ANGLE,STRAIGHT & LEVEL,DAYLIGHT,,,7/31/2020 8:11:19 AM,False,7960,Accepted,
27022091,0568000,LOUISVILLE METRO POLICE DEPT,Accepted,JEFFERSON,US0060,,SHELBYVILLE,RD,,,,,,,,38.245993190,-85.571540670,8.153,7/29/2020 12:00:00 AM,1302,2,2,0,4,CLOUDY,DRY,False,OTHER ROADWAY OR MID-BLOCK COLLISION,OPPOSING LEFT TURN,STRAIGHT & LEVEL,DAYLIGHT,,,7/31/2020 8:11:02 AM,False,2218,Accepted,
27022098,0568000,LOUISVILLE METRO POLICE DEPT,Accepted,JEFFERSON,KY1934,,GREENBELT,HWY,,,,,,,,38.174698462,-85.871186577,6.621,7/29/2020 12:00:00 AM,1250,2,2,0,0,CLEAR,DRY,False,REAR END IN TRAFFIC LANES BOTH VEHICLES MOVING,REAR END,STRAIGHT & LEVEL,DAYLIGHT,,,7/31/2020 8:11:26 AM,False,7234,Accepted,
27022099,0568000,LOUISVILLE METRO POLICE DEPT,Accepted,JEFFERSON,KY1934,,GREENBELT,HWY,,,,,,,,38.175668465,-85.868791369,6.790,7/29/2020 12:00:00 AM,1820,2,2,0,0,CLEAR,DRY,False,REAR END IN TRAFFIC LANES BOTH VEHICLES MOVING,REAR END,STRAIGHT & LEVEL,DAYLIGHT,,,7/31/2020 8:11:29 AM,False,7234,Accepted,
27022106,0568000,LOUISVILLE METRO POLICE DEPT,Accepted,JEFFERSON,KY1934,3934,CANE RUN,RD,,,,,,,,38.210135389,-85.823454113,10.255,7/29/2020 12:00:00 AM,2001,2,1,0,2,CLEAR,DRY,False,COLLISION WITH PEDESTRIAN NON - INTERSECTION,SINGLE VEHICLE,STRAIGHT & LEVEL,DAYLIGHT,,,7/31/2020 8:11:55 AM,False,7481,Accepted,
26997387,0568000,LOUISVILLE METRO POLICE DEPT,Accepted,JEFFERSON,I 0064,,I64 E,,,I 0064,I64 E EXIT19A RAMP TO I265 S,,,,,38.222814576,-85.512813742,18.584,7/28/2020 12:00:00 AM,0035,2,2,0,0,CLOUDY,DRY,True,OTHER INTERSECTION COLLISIONS,REAR END,STRAIGHT & LEVEL,DARK-HWY LIGHTED/ON,,,7/28/2020 8:20:22 AM,False,7159,Accepted,
27008919,0560300,ST. MATTHEWS POLICE DEPARTMENT,Accepted,JEFFERSON,I 0064,,I64 E,,,,,,,,,38.235964470,-85.644720675,11.285,7/28/2020 12:00:00 AM,0835,1,1,0,1,CLEAR,DRY,False,OTHER COLLISIONS ON SHOULDER,SINGLE VEHICLE,STRAIGHT & LEVEL,DAYLIGHT,,,7/28/2020 1:43:24 PM,False,9155,Accepted,
27012394,0568000,LOUISVILLE METRO POLICE DEPT,Accepted,JEFFERSON,US0042,,BROWNSBORO,RD,,,HUBBARDS,,,,,38.270519104,-85.652827445,4.671,7/28/2020 12:00:00 AM,0923,2,2,0,0,CLEAR,DRY,False,OTHER INTERSECTION COLLISIONS,REAR END,STRAIGHT & GRADE,DAYLIGHT,,,7/29/2020 8:57:57 AM,False,2673,Accepted,
27012396,0568000,LOUISVILLE METRO POLICE DEPT,Accepted,JEFFERSON,KY0155,,TAYLORSVILLE,RD,,I 0265,I265 W EXIT23 OFF RAMP TO KY155,,,,,38.188507451,-85.510903586,6.134,7/28/2020 12:00:00 AM,1223,2,2,0,0,CLEAR,DRY,False,OTHER INTERSECTION COLLISIONS,REAR END,CURVE & LEVEL,DAYLIGHT,,,7/29/2020 8:58:01 AM,False,2017,Accepted,
27012419,0568000,LOUISVILLE METRO POLICE DEPT,Accepted,JEFFERSON,US0060A,1853,BERRY,BLVD,,,,,,,,38.196761376,-85.798298364,0.630,7/28/2020 12:00:00 AM,1512,2,2,0,0,CLEAR,DRY,False,1 VEHICLE ENTERING/LEAVING ENTRANCE,ANGLE,STRAIGHT & LEVEL,DAYLIGHT,,,7/29/2020 8:59:00 AM,False,5260,Accepted,
27012429,0568000,LOUISVILLE METRO POLICE DEPT,Accepted,JEFFERSON,,,MUD,LN,,,,,,,,38.088298453,-85.669986739,0.433,7/28/2020 12:00:00 AM,1801,2,2,0,0,CLEAR,DRY,False,OTHER ROADWAY OR MID-BLOCK COLLISION,OPPOSING LEFT TURN,STRAIGHT & LEVEL,DAYLIGHT,,,7/29/2020 8:59:33 AM,False,5184,Accepted,
27012421,0568000,LOUISVILLE METRO POLICE DEPT,Accepted,JEFFERSON,US0031E,,BAXTER,AVE,,,,,,,,38.246992586,-85.729549376,16.180,7/28/2020 12:00:00 AM,2033,3,3,0,0,CLEAR,DRY,True,1 VEHICLE PARKED POSITION (NOT PARKING LOT/DRIVEWAY),SIDESWIPE-SAME DIRECTION,STRAIGHT & GRADE,DAYLIGHT,,,7/29/2020 8:59:08 AM,False,7376,Accepted,
26997388,0568000,LOUISVILLE METRO POLICE DEPT,Accepted,JEFFERSON,,,HILL,ST,W,,13TH,,,,,38.227575303,-85.776808836,1.089,7/28/2020 12:00:00 AM,0052,2,2,0,0,CLEAR,DRY,False,ANGLE COLLISION - OTHER,ANGLE,STRAIGHT & LEVEL,DARK-HWY LIGHTED/ON,,,7/28/2020 8:20:25 AM,False,7461,Accepted,
27012392,0568000,LOUISVILLE METRO POLICE DEPT,Accepted,JEFFERSON,I 0071,,I71 S,,,,,,,,,38.298707489,-85.622053032,6.578,7/28/2020 12:00:00 AM,0920,1,1,0,0,CLEAR,DRY,False,OTHER ROADWAY OR MID-BLOCK COLLISION,SINGLE VEHICLE,STRAIGHT & LEVEL,DAYLIGHT,,,7/29/2020 8:57:49 AM,False,7313,Accepted,
27012393,0568000,LOUISVILLE METRO POLICE DEPT,Accepted,JEFFERSON,,,28TH,ST,S,,CHESTNUT,,,,,38.253346044,-85.797603877,0.535,7/28/2020 12:00:00 AM,1039,3,3,0,1,CLEAR,DRY,True,ANGLE COLLISION - OTHER,ANGLE,STRAIGHT & LEVEL,DAYLIGHT,,,7/29/2020 8:57:52 AM,False,7463,Accepted,
26997390,0568000,LOUISVILLE METRO POLICE DEPT,Accepted,JEFFERSON,I 0065,,I65 N,,,,,,,,,38.107114039,-85.701199229,124.616,7/28/2020 12:00:00 AM,0342,2,2,0,0,CLEAR,DRY,False,SIDESWIPE COLLISION - SAME DIRECTION,SIDESWIPE-SAME DIRECTION,STRAIGHT & LEVEL,DARK-HWY LIGHTED/ON,,,7/28/2020 8:20:32 AM,False,5184,Accepted,
27012397,0568000,LOUISVILLE METRO POLICE DEPT,Accepted,JEFFERSON,KY2055,10431,MANSLICK,RD,W,,,,,,,38.109476007,-85.762283260,1.702,7/28/2020 12:00:00 AM,1242,2,2,0,0,CLEAR,DRY,False,COLLISION IN PARKING LOT,BACKING,STRAIGHT & LEVEL,DAYLIGHT,,,7/29/2020 8:58:05 AM,False,7252,Accepted,
27012406,0568000,LOUISVILLE METRO POLICE DEPT,Accepted,JEFFERSON,,,TERRA CROSSING,BLVD,,KY3084,OLD HENRY,,,,,38.271893051,-85.495655904,0.075,7/28/2020 12:00:00 AM,1710,2,2,0,0,CLOUDY,DRY,False,OTHER INTERSECTION COLLISIONS,REAR END,STRAIGHT & LEVEL,DAYLIGHT,,,7/29/2020 8:58:29 AM,False,7751,Accepted,
27012412,0568000,LOUISVILLE METRO POLICE DEPT,Accepted,JEFFERSON,,3271,OLD MILLERS,LN,,,,,,,,38.218750893,-85.812605373,0.161,7/28/2020 12:00:00 AM,1535,2,2,0,0,CLEAR,DRY,True,SIDESWIPE COLLISION - SAME DIRECTION,SIDESWIPE-SAME DIRECTION,STRAIGHT & LEVEL,DAYLIGHT,,,7/29/2020 8:58:45 AM,False,7381,Accepted,
27012398,0568000,LOUISVILLE METRO POLICE DEPT,Accepted,JEFFERSON,,,28TH,ST,S,,BROADWAY,,,,,38.249566267,-85.798278331,0.798,7/28/2020 12:00:00 AM,1313,2,1,0,0,CLEAR,DRY,False,COLLISION WITH PEDESTRIAN IN INTERSECTION,SINGLE VEHICLE,STRAIGHT & LEVEL,DAYLIGHT,,,7/29/2020 8:58:09 AM,False,7463,Accepted,
27012425,0568000,LOUISVILLE METRO POLICE DEPT,Accepted,JEFFERSON,KY1020,,NATIONAL,TPKE,,,TOLLS,,,,,38.135632806,-85.752320213,4.278,7/28/2020 12:00:00 AM,2245,2,2,0,0,CLEAR,DRY,False,SIDESWIPE-SAME DIRECTION,SIDESWIPE-SAME DIRECTION,STRAIGHT & LEVEL,DARK-HWY LIGHTED/ON,,,7/29/2020 8:59:23 AM,False,5266,Accepted,
27012427,0568000,LOUISVILLE METRO POLICE DEPT,Accepted,JEFFERSON,,,4TH,ST,S,,CREEL,,,,,38.212908437,-85.764254602,3.039,7/28/2020 12:00:00 AM,2148,2,2,0,0,CLEAR,DRY,False,ANGLE COLLISION - OTHER,ANGLE,STRAIGHT & LEVEL,DARK (UNKNOWN ROADWAY LIGHTING),,,7/29/2020 8:59:27 AM,False,5213,Accepted,
27012409,0568000,LOUISVILLE METRO POLICE DEPT,Accepted,JEFFERSON,I 0064,,I64 E,,,,,,,,,38.222783743,-85.513769304,18.533,7/28/2020 12:00:00 AM,1756,3,3,0,0,CLEAR,DRY,False,OTHER ROADWAY OR MID-BLOCK COLLISION,REAR TO REAR,STRAIGHT & GRADE,DAYLIGHT,,,7/29/2020 8:58:37 AM,True,6532,Accepted,
27012418,0568000,LOUISVILLE METRO POLICE DEPT,Accepted,JEFFERSON,,,26TH,ST,S,,MAGAZINE,,,,,38.251713768,-85.794602088,0.625,7/28/2020 12:00:00 AM,0214,2,2,0,0,CLEAR,DRY,True,ANGLE COLLISION - OTHER,ANGLE,STRAIGHT & LEVEL,DARK-HWY LIGHTED/ON,,,7/29/2020 8:58:56 AM,False,5047,Accepted,
27031462,0568000,LOUISVILLE METRO POLICE DEPT,Accepted,JEFFERSON,,,BRECKINRIDGE,ST,W,,,KY1020,2ND,KY1020,3RD,38.241607849,-85.756518562,0.130,7/28/2020 12:00:00 AM,1417,2,2,0,0,CLEAR,DRY,True,1 VEHICLE PARKED POSITION (NOT PARKING LOT/DRIVEWAY),SIDESWIPE-SAME DIRECTION,STRAIGHT & LEVEL,DAYLIGHT,,,8/3/2020 8:38:44 AM,False,7619,Accepted,
27045538,0568000,LOUISVILLE METRO POLICE DEPT,Accepted,JEFFERSON,KY1865,,TAYLOR,BLVD,,,BLUEGRASS,,,,,38.179611420,-85.783267767,5.029,7/28/2020 12:00:00 AM,0900,2,2,0,0,CLEAR,DRY,True,ANGLE COLLISION - OTHER,ANGLE,STRAIGHT & LEVEL,DAYLIGHT,,,8/6/2020 8:05:15 AM,False,7298,Accepted,
27031533,0568000,LOUISVILLE METRO POLICE DEPT,Accepted,JEFFERSON,,,BRENTLINGER,LN,,,,,,,,38.134342770,-85.578929877,0.040,7/28/2020 12:00:00 AM,1709,2,2,0,0,CLEAR,DRY,False,1 VEHICLE ENTERING/LEAVING ENTRANCE,ANGLE,STRAIGHT & LEVEL,DAYLIGHT,,,8/3/2020 8:42:52 AM,False,2308,Accepted,
27089148,0568000,LOUISVILLE METRO POLICE DEPT,Accepted,JEFFERSON,KY1934,,CANE RUN,RD,,,,,,,,38.212746368,-85.820848129,10.480,7/28/2020 12:00:00 AM,2200,1,1,0,1,CLEAR,DRY,False,COLLISION IN PARKING LOT,SINGLE VEHICLE,STRAIGHT & LEVEL,DAYLIGHT,,,8/17/2020 9:04:05 AM,False,7154,Accepted,
27320391,0568000,LOUISVILLE METRO POLICE DEPT,Accepted,JEFFERSON,,,HEYWOOD,AVE,,,,,,,,38.206580722,-85.767684062,0.168,7/28/2020 12:00:00 AM,2308,2,2,0,0,CLEAR,DRY,False,1 VEHICLE PARKED POSITION (NOT PARKING LOT/DRIVEWAY),BACKING,STRAIGHT & LEVEL,DARK-HWY NOT LIGHTED,,,10/12/2020 9:03:08 AM,False,7705,Accepted,
27122807,0568000,LOUISVILLE METRO POLICE DEPT,Accepted,JEFFERSON,KY0146,,LA GRANGE,RD,,,,,,,,38.297147157,-85.506005438,8.262,7/27/2020 12:00:00 AM,1850,2,2,0,2,RAINING,WET,False,REAR END IN TRAFFIC LANES BOTH VEHICLES MOVING,REAR END,STRAIGHT & LEVEL,DAYLIGHT,,,8/25/2020 7:56:21 AM,False,7615,Accepted,
27118909,0568000,LOUISVILLE METRO POLICE DEPT,Accepted,JEFFERSON,KY0155,,TAYLORSVILLE,RD,,,,,BON AIR,,BEAUMONT,38.222813349,-85.667669962,15.609,7/27/2020 12:00:00 AM,1717,4,4,0,0,CLOUDY,DRY,False,HEAD-ON COLLISION,HEAD ON,STRAIGHT & LEVEL,DAYLIGHT,,,8/24/2020 11:04:44 AM,False,7523,Accepted,
27036215,0568000,LOUISVILLE METRO POLICE DEPT,Accepted,JEFFERSON,KY1065,4501,OUTER,LOOP,,,,,,,,38.139381132,-85.679294691,6.480,7/27/2020 12:00:00 AM,1200,2,2,0,0,CLEAR,DRY,True,COLLISION IN PARKING LOT,REAR END,STRAIGHT & LEVEL,DAYLIGHT,,,8/4/2020 8:11:40 AM,False,7294,Accepted,
27031502,0568000,LOUISVILLE METRO POLICE DEPT,Accepted,JEFFERSON,,,26TH,ST,S,,JEFFERSON,,,,,38.257932768,-85.793944930,0.194,7/27/2020 12:00:00 AM,1555,2,2,0,1,CLEAR,DRY,False,ANGLE COLLISION - OTHER,ANGLE,STRAIGHT & LEVEL,DAYLIGHT,,,8/3/2020 8:41:00 AM,False,7947,Accepted,
27045542,0568000,LOUISVILLE METRO POLICE DEPT,Accepted,JEFFERSON,I 0264,,,,,,,,,,,38.188592895,-85.783682250,0.235,7/27/2020 12:00:00 AM,1908,2,2,0,5,CLEAR,DRY,False,OTHER RAMP RELATED COLLISIONS NOT LISTED ABOVE,REAR END,CURVE & GRADE,DAYLIGHT,KY1865,I 0264,8/6/2020 8:05:29 AM,False,2142,Accepted,
27031497,0568000,LOUISVILLE METRO POLICE DEPT,Accepted,JEFFERSON,,,BRECKINRIDGE,ST,W,,4TH,,,,,38.241911026,-85.759156067,0.212,7/27/2020 12:00:00 AM,1100,2,2,0,0,CLEAR,DRY,True,ANGLE COLLISION - OTHER,ANGLE,STRAIGHT & LEVEL,DAYLIGHT,,,8/3/2020 8:40:43 AM,False,7296,Accepted,
27012391,0568000,LOUISVILLE METRO POLICE DEPT,Accepted,JEFFERSON,US0031W,,22ND,ST,S,,BROADWAY,,,,,38.249280733,-85.788168433,19.554,7/27/2020 12:00:00 AM,1315,2,2,0,0,CLEAR,DRY,False,SIDESWIPE-SAME DIRECTION,SIDESWIPE-SAME DIRECTION,STRAIGHT & LEVEL,DAYLIGHT,,,7/29/2020 8:57:45 AM,False,7220,Accepted,
27012402,0568000,LOUISVILLE METRO POLICE DEPT,Accepted,JEFFERSON,KY1703,,NEWBURG,RD,,I 0264,I264 W EXIT15 ON RAMP FROM KY1703,,,,,38.202046645,-85.689409521,2.280,7/27/2020 12:00:00 AM,1103,2,2,0,0,CLEAR,DRY,False,ANGLE COLLISION - OTHER,ANGLE,STRAIGHT & LEVEL,DAYLIGHT,,,7/29/2020 8:58:17 AM,False,7720,Accepted,
26997389,0568000,LOUISVILLE METRO POLICE DEPT,Accepted,JEFFERSON,KY1703,2602,NEWBURG,RD,,,,,,,,38.210983268,-85.694977600,2.984,7/27/2020 12:00:00 AM,2108,1,1,0,0,CLEAR,DRY,False,OTHER COLLISIONS ON SHOULDER,SINGLE VEHICLE,CURVE & HILLCREST,DARK-HWY LIGHTED/ON,,,7/28/2020 8:20:29 AM,False,7101,Accepted,
26997383,0568000,LOUISVILLE METRO POLICE DEPT,Accepted,JEFFERSON,KY2054,,ALGONQUIN,PKWY,,,WILSON,,,,,38.224404284,-85.809321743,0.720,7/27/2020 12:00:00 AM,0805,2,2,0,1,CLEAR,DRY,False,ANGLE COLLISION - OTHER,ANGLE,STRAIGHT & LEVEL,DAYLIGHT,,,7/28/2020 8:20:07 AM,False,5032,Accepted,
27012422,0568000,LOUISVILLE METRO POLICE DEPT,Accepted,JEFFERSON,KY1747,,HURSTBOURNE,PKWY,,US0031E,BARDSTOWN,,,,,38.169076419,-85.605195543,7.488,7/27/2020 12:00:00 AM,2206,2,2,0,0,CLEAR,DRY,False,OTHER INTERSECTION COLLISIONS,REAR END,STRAIGHT & LEVEL,DARK-HWY LIGHTED/ON,,,7/29/2020 8:59:12 AM,False,5107,Accepted,
26997377,0568000,LOUISVILLE METRO POLICE DEPT,Accepted,JEFFERSON,,,2ND,ST,S,,LANSING,,,,,38.192598088,-85.763212189,1.573,7/27/2020 12:00:00 AM,1341,2,2,0,0,CLEAR,DRY,False,ANGLE COLLISION - OTHER,ANGLE,STRAIGHT & LEVEL,DAYLIGHT,,,7/28/2020 8:19:53 AM,False,2499,Accepted,
26997384,0568000,LOUISVILLE METRO POLICE DEPT,Accepted,JEFFERSON,KY0061,,PRESTON,HWY,,,PARK,,,,,38.118054188,-85.677260742,2.451,7/27/2020 12:00:00 AM,1608,2,2,0,2,CLOUDY,DRY,False,ANGLE COLLISION - OTHER,ANGLE,STRAIGHT & LEVEL,DAYLIGHT,,,7/28/2020 8:20:11 AM,False,2324,Accepted,
26997385,0568000,LOUISVILLE METRO POLICE DEPT,Accepted,JEFFERSON,KY2054,,ALGONQUIN,PKWY,,,DIXIE,,,,,38.223307290,-85.792443474,1.631,7/27/2020 12:00:00 AM,1106,2,2,0,0,CLEAR,DRY,True,REAR END - ONE VEHICLE TURNING LEFT,REAR END,STRAIGHT & LEVEL,DAYLIGHT,,,7/28/2020 8:20:14 AM,False,5151,Accepted,
26997362,0568000,LOUISVILLE METRO POLICE DEPT,Accepted,JEFFERSON,I 0065,,I65 N EXIT130 TRANSIT,,,,,,,,,38.184380586,-85.723208275,0.592,7/27/2020 12:00:00 AM,0744,2,2,0,0,CLEAR,DRY,True,SIDESWIPE COLLISION - SAME DIRECTION,SIDESWIPE-SAME DIRECTION,STRAIGHT & LEVEL,DAYLIGHT,,,7/28/2020 8:19:23 AM,False,4903,Accepted,
26997378,0568000,LOUISVILLE METRO POLICE DEPT,Accepted,JEFFERSON,US0060A,,BERRY,BLVD,,KY1931,7TH STREET,,,,,38.196790532,-85.799073205,0.591,7/27/2020 12:00:00 AM,1505,2,2,0,0,CLEAR,DRY,False,OTHER INTERSECTION COLLISIONS,REAR END,STRAIGHT & LEVEL,DAYLIGHT,,,7/28/2020 8:19:57 AM,False,5120,Accepted,
26997386,0568000,LOUISVILLE METRO POLICE DEPT,Accepted,JEFFERSON,,,9TH,ST,S,,KENTUCKY,,,,,38.240398065,-85.768121344,0.445,7/27/2020 12:00:00 AM,1901,2,2,0,1,CLEAR,DRY,False,ANGLE COLLISION - OTHER,ANGLE,STRAIGHT & LEVEL,DAYLIGHT,,,7/28/2020 8:20:18 AM,False,5151,Accepted,
26997392,0568000,LOUISVILLE METRO POLICE DEPT,Accepted,JEFFERSON,I 0065,,,,,,,,,,,38.248277700,-85.751828729,,7/27/2020 12:00:00 AM,2252,2,2,0,4,CLEAR,DRY,False,OTHER RAMP RELATED COLLISIONS NOT LISTED ABOVE,REAR END,STRAIGHT & LEVEL,DARK-HWY LIGHTED/ON,I 0065,S BROOK ST,7/28/2020 8:20:40 AM,False,5275,Accepted,
26997393,0568000,LOUISVILLE METRO POLICE DEPT,Accepted,JEFFERSON,,,JEFFERSON,ST,E,KY0864,CHESTNUT,,,,,38.251212852,-85.732977387,0.002,7/27/2020 12:00:00 AM,1330,2,2,0,1,CLOUDY,DRY,False,ANGLE COLLISION - OTHER,ANGLE,CURVE & LEVEL,DAYLIGHT,,,7/28/2020 8:20:44 AM,False,2406,Accepted,
26997374,0568000,LOUISVILLE METRO POLICE DEPT,Accepted,JEFFERSON,,,HILL,ST,W,,,,13TH,,12TH,38.227495869,-85.775443748,1.017,7/27/2020 12:00:00 AM,1030,2,2,0,0,CLOUDY,DRY,True,HEAD-ON COLLISION,HEAD ON,STRAIGHT & LEVEL,DAYLIGHT,,,7/28/2020 8:19:43 AM,False,2406,Accepted,
26997380,0568000,LOUISVILLE METRO POLICE DEPT,Accepted,JEFFERSON,,,LEGHORN,DR,,,OLE BRICKYARD,,,,,38.192237407,-85.681587476,0.273,7/27/2020 12:00:00 AM,0854,1,1,0,0,CLEAR,DRY,False,OTHER INTERSECTION COLLISIONS,SINGLE VEHICLE,CURVE & LEVEL,DAYLIGHT,,,7/28/2020 8:20:00 AM,False,7879,Accepted,
26992255,0568000,LOUISVILLE METRO POLICE DEPT,Accepted,JEFFERSON,KY1020,,SOUTHERN,PKWY,,,KENTON,,,,,38.198173285,-85.766871363,8.956,7/26/2020 12:00:00 AM,0414,2,2,0,1,CLEAR,DRY,False,ANGLE COLLISION - OTHER,ANGLE,STRAIGHT & LEVEL,DARK-HWY LIGHTED/ON,,,7/27/2020 8:20:36 AM,False,7040,Accepted,
26992251,0568000,LOUISVILLE METRO POLICE DEPT,Accepted,JEFFERSON,,,KENTUCKY,ST,E,,,,,,,38.237180410,-85.742887922,0.645,7/26/2020 12:00:00 AM,1735,2,2,0,2,CLOUDY,DRY,False,1 VEHICLE ENTERING/LEAVING ENTRANCE,ANGLE,STRAIGHT & LEVEL,DAYLIGHT,,,7/27/2020 8:20:19 AM,False,5123,Accepted,
26992252,0568000,LOUISVILLE METRO POLICE DEPT,Accepted,JEFFERSON,,,DIXIE,HWY,,,HILL,,,,,38.228311837,-85.790540128,1.494,7/26/2020 12:00:00 AM,1747,3,3,0,4,CLOUDY,DRY,False,OTHER INTERSECTION COLLISIONS,REAR END,STRAIGHT & LEVEL,DAYLIGHT,,,7/27/2020 8:20:23 AM,False,7091,Accepted,
26992253,0568000,LOUISVILLE METRO POLICE DEPT,Accepted,JEFFERSON,US0031W,,22ND,ST,S,,STANDARD,,,,,38.231588791,-85.791769098,18.351,7/26/2020 12:00:00 AM,1827,2,2,0,0,CLOUDY,DRY,False,OTHER INTERSECTION COLLISIONS,REAR END,STRAIGHT & LEVEL,DAYLIGHT,,,7/27/2020 8:20:27 AM,False,7091,Accepted,
26992254,0568000,LOUISVILLE METRO POLICE DEPT,Accepted,JEFFERSON,,,BUECHEL BANK,RD,,,,,,,,38.178568538,-85.658408196,1.425,7/26/2020 12:00:00 AM,1326,2,2,0,1,CLEAR,DRY,False,HEAD-ON COLLISION,HEAD ON,STRAIGHT & LEVEL,DAYLIGHT,,,7/27/2020 8:20:31 AM,False,7294,Accepted,