IncidentID,AgencyORI,AgencyName,IncidentStatusDesc,County,RdwyNumber,Street,RoadwayName,StreetSfx,StreetDir,IntersectionRdwy,IntersectionRdwyName,BetweenStRdwy1,BetweenStRdwyName1,BetweenStRdwy2,BetweenStRdwyName2,Latitude,Longitude,Milepoint,CollisionDate,CollisionTime,UnitsInvolved,MotorVehiclesInvolved,NumberKilled,NumberInjured,Weather,RdwyConditionCode,HitandRun,DirAnalysisCode,MannerofCollision,RdwyCharacter,LightCondition,RampFromRdwyId,RampToRdwyId,AcceptedDate,IsSecondaryCollision,OwnerBadge,IncidentStatus,
26992238,0568000,LOUISVILLE METRO POLICE DEPT,Accepted,JEFFERSON,,,26TH,ST,S,,,,GREENWOOD,,KENTUCKY,38.242343572,-85.795715494,1.239,7/26/2020 12:00:00 AM,0749,2,2,0,1,CLEAR,DRY,False,REAR END IN TRAFFIC LANES BOTH VEHICLES MOVING,REAR END,STRAIGHT & LEVEL,DAYLIGHT,,,7/27/2020 8:19:29 AM,False,2569,Accepted,
26992243,0568000,LOUISVILLE METRO POLICE DEPT,Accepted,JEFFERSON,,,7TH,ST,S,,MAGNOLIA,,,,,38.229683577,-85.767603621,0.875,7/26/2020 12:00:00 AM,1220,2,2,0,0,CLEAR,DRY,False,ANGLE COLLISION - OTHER,ANGLE,STRAIGHT & GRADE,DAYLIGHT,,,7/27/2020 8:19:45 AM,False,7048,Accepted,
26992239,0568000,LOUISVILLE METRO POLICE DEPT,Accepted,JEFFERSON,KY0155,4318,TAYLORSVILLE,RD,,,,,,,,38.219146539,-85.609472314,12.441,7/26/2020 12:00:00 AM,0923,1,1,0,1,CLEAR,DRY,False,RAN OFF ROADWAY (1 VEHICLE WITH/EARTH EMBANKMENT/DITCH),SINGLE VEHICLE,STRAIGHT & LEVEL,DAYLIGHT,,,7/27/2020 8:19:34 AM,False,7448,Accepted,
26992241,0568000,LOUISVILLE METRO POLICE DEPT,Accepted,JEFFERSON,US0060,,SHELBYVILLE,RD,,,SHELBY STATION,,,,,38.239239352,-85.490248899,12.783,7/26/2020 12:00:00 AM,1022,2,2,0,1,CLOUDY,DRY,False,ANGLE COLLISION - OTHER,ANGLE,STRAIGHT & LEVEL,DAYLIGHT,,,7/27/2020 8:19:37 AM,False,6334,Accepted,
26992247,0568000,LOUISVILLE METRO POLICE DEPT,Accepted,JEFFERSON,,,VERMONT,AVE,,,34TH,,,,,38.255543105,-85.807352423,0.363,7/26/2020 12:00:00 AM,1725,2,2,0,0,CLEAR,DRY,False,ANGLE COLLISION - OTHER,ANGLE,STRAIGHT & LEVEL,DAYLIGHT,,,7/27/2020 8:20:04 AM,False,5124,Accepted,
26992248,0568000,LOUISVILLE METRO POLICE DEPT,Accepted,JEFFERSON,KY1931,6813,MANSLICK,RD,,,,,,,,38.163592716,-85.797657114,6.123,7/26/2020 12:00:00 AM,0108,2,2,0,2,CLEAR,DRY,False,SIDESWIPE COLLISION - OPPOSITE DIRECTION,SIDESWIPE-OPPOSITE DIRECTION,CURVE & HILLCREST,DARK-HWY NOT LIGHTED,,,7/27/2020 8:20:07 AM,False,5212,Accepted,
26992256,0568000,LOUISVILLE METRO POLICE DEPT,Accepted,JEFFERSON,KY1020,5520,NATIONAL,TPKE,,,,,,,,38.151619308,-85.764163280,5.578,7/26/2020 12:00:00 AM,2254,2,2,0,0,CLEAR,DRY,True,COLLISION IN PARKING LOT,BACKING,STRAIGHT & LEVEL,DARK-HWY LIGHTED/ON,,,7/27/2020 8:20:41 AM,False,5048,Accepted,
26992257,0568000,LOUISVILLE METRO POLICE DEPT,Accepted,JEFFERSON,US0031W,,2ND,ST,S,US0031E,MAIN,,,,,38.256281192,-85.753311728,22.134,7/26/2020 12:00:00 AM,0448,2,2,0,2,CLEAR,DRY,True,OPPOSITE DIRECTION - BOTH VEHICLES GOING STRAIGHT AHEAD,SIDESWIPE-OPPOSITE DIRECTION,STRAIGHT & LEVEL,DARK-HWY LIGHTED/ON,,,7/27/2020 8:20:47 AM,False,5021,Accepted,
26992258,0568000,LOUISVILLE METRO POLICE DEPT,Accepted,JEFFERSON,US0031E,,BARDSTOWN,RD,,,,,ST GABRIEL,,CUMNOCK,38.166981720,-85.602160725,7.031,7/26/2020 12:00:00 AM,2012,2,2,0,0,CLEAR,DRY,False,SIDESWIPE COLLISION - SAME DIRECTION,SIDESWIPE-SAME DIRECTION,STRAIGHT & LEVEL,DAYLIGHT,,,7/27/2020 8:20:52 AM,False,5011,Accepted,
26992232,0568000,LOUISVILLE METRO POLICE DEPT,Accepted,JEFFERSON,,,BROOK,ST,S,,CHESTNUT,,,,,38.248282656,-85.751820828,3.040,7/26/2020 12:00:00 AM,0551,2,2,0,4,CLEAR,DRY,False,ANGLE COLLISION - OTHER,ANGLE,STRAIGHT & LEVEL,DARK-HWY LIGHTED/ON,,,7/27/2020 8:19:01 AM,False,5158,Accepted,
26992245,0568000,LOUISVILLE METRO POLICE DEPT,Accepted,JEFFERSON,,,18TH,ST,S,,MADISON,,,,,38.252599611,-85.780860372,0.460,7/26/2020 12:00:00 AM,1402,2,2,0,1,CLEAR,DRY,False,ANGLE COLLISION - OTHER,ANGLE,STRAIGHT & LEVEL,DAYLIGHT,,,7/27/2020 8:19:53 AM,False,5173,Accepted,
26992229,0568000,LOUISVILLE METRO POLICE DEPT,Accepted,JEFFERSON,,6908,STARDUST,DR,,,,,,,,38.067599241,-85.889534099,0.248,7/26/2020 12:00:00 AM,0345,4,4,0,0,CLEAR,DRY,True,1 VEHICLE PARKED POSITION (NOT PARKING LOT/DRIVEWAY),ANGLE,STRAIGHT & LEVEL,DARK (UNKNOWN ROADWAY LIGHTING),,,7/27/2020 8:18:47 AM,True,2021,Accepted,
26992235,0568000,LOUISVILLE METRO POLICE DEPT,Accepted,JEFFERSON,,1517,HEPBURN,AVE,,,,,,,,38.238820387,-85.724053367,0.040,7/26/2020 12:00:00 AM,0247,2,2,0,0,CLEAR,DRY,False,1 VEHICLE PARKED POSITION (NOT PARKING LOT/DRIVEWAY),ANGLE,STRAIGHT & LEVEL,DARK-HWY LIGHTED/ON,,,7/27/2020 8:19:18 AM,False,5197,Accepted,
26992236,0568000,LOUISVILLE METRO POLICE DEPT,Accepted,JEFFERSON,US0031W,,DR W J HODGE,ST,,,MUHAMMAD ALI,,,,,38.254245447,-85.785628716,20.000,7/26/2020 12:00:00 AM,0009,1,1,0,0,CLEAR,DRY,False,COLLISION WITH FIXED OBJECT IN INTERSECTION - FIRST EVENT COLLISION 09 - 32,SINGLE VEHICLE,STRAIGHT & LEVEL,DARK-HWY LIGHTED/ON,,,7/27/2020 8:19:22 AM,False,7325,Accepted,
27012420,0568000,LOUISVILLE METRO POLICE DEPT,Accepted,JEFFERSON,,,OAK,ST,W,,,,,,,38.236660460,-85.778351572,1.260,7/26/2020 12:00:00 AM,1337,2,2,0,0,CLEAR,DRY,False,OTHER ROADWAY OR MID-BLOCK COLLISION,OPPOSING LEFT TURN,CURVE & LEVEL,DAYLIGHT,,,7/29/2020 8:59:04 AM,False,5114,Accepted,
27022125,0568000,LOUISVILLE METRO POLICE DEPT,Accepted,JEFFERSON,I 0064,,,,,,,,,,,38.260783624,-85.741420988,0.517,7/26/2020 12:00:00 AM,2135,1,1,1,1,CLEAR,DRY,False,OTHER RAMP RELATED COLLISIONS NOT LISTED ABOVE,SINGLE VEHICLE,CURVE & GRADE,DUSK,I 0064,I 0065,7/31/2020 8:12:55 AM,False,7628,Accepted,
27022126,0568000,LOUISVILLE METRO POLICE DEPT,Accepted,JEFFERSON,,,MARKET,ST,W,,41ST,,,,,38.262747644,-85.816696082,1.669,7/26/2020 12:00:00 AM,1147,2,2,0,0,CLEAR,DRY,False,ANGLE COLLISION - OTHER,ANGLE,STRAIGHT & LEVEL,DAYLIGHT,,,7/31/2020 8:12:59 AM,False,5003,Accepted,
27022127,0568000,LOUISVILLE METRO POLICE DEPT,Accepted,JEFFERSON,,,SHAWNEE PARK,RD,,,,,,,,38.251288083,-85.830549409,0.577,7/26/2020 12:00:00 AM,1510,4,4,0,1,CLEAR,DRY,False,1 VEHICLE PARKED POSITION (NOT PARKING LOT/DRIVEWAY),REAR END,STRAIGHT & LEVEL,DAYLIGHT,,,7/31/2020 8:13:03 AM,False,5003,Accepted,
27022095,0568000,LOUISVILLE METRO POLICE DEPT,Accepted,JEFFERSON,,2817,MUHAMMAD ALI,BLVD,W,,,,,,,38.255574472,-85.797570869,2.474,7/26/2020 12:00:00 AM,1741,3,3,0,0,CLEAR,DRY,False,1 VEHICLE PARKED POSITION (NOT PARKING LOT/DRIVEWAY),SIDESWIPE-SAME DIRECTION,STRAIGHT & LEVEL,DAYLIGHT,,,7/31/2020 8:11:15 AM,False,7479,Accepted,
27031459,0568000,LOUISVILLE METRO POLICE DEPT,Accepted,JEFFERSON,KY1020,,3RD,ST,S,,,,BRANDEIS,,UNITY,38.218952777,-85.761560344,10.210,7/25/2020 12:00:00 AM,0019,1,1,0,1,CLEAR,DRY,False,COLLISION WITH FIXED OBJECT NON - INTERSECTION - FIRST EVENT COLLISION 09 - 32 EXCLUDING 16,SINGLE VEHICLE,CURVE & LEVEL,DARK (UNKNOWN ROADWAY LIGHTING),,,8/3/2020 8:38:31 AM,False,5050,Accepted,
27014219,0568000,LOUISVILLE METRO POLICE DEPT,Accepted,JEFFERSON,US0060A,,WINKLER,AVE,,,4TH,,,,,38.210345249,-85.764660894,3.071,7/25/2020 12:00:00 AM,1633,2,2,0,0,CLEAR,DRY,False,ANGLE COLLISION - OTHER,ANGLE,STRAIGHT & LEVEL,DAYLIGHT,,,7/29/2020 2:51:55 PM,False,7472,Accepted,
27014213,0568000,LOUISVILLE METRO POLICE DEPT,Accepted,JEFFERSON,KY0061,,PRESTON,HWY,,,GILMORE,,,,,38.174639115,-85.712733881,6.881,7/25/2020 12:00:00 AM,1625,2,2,0,1,CLEAR,DRY,False,OPPOSING LEFT TURN,OPPOSING LEFT TURN,STRAIGHT & LEVEL,DAYLIGHT,,,7/29/2020 2:51:37 PM,False,7722,Accepted,
26992237,0568000,LOUISVILLE METRO POLICE DEPT,Accepted,JEFFERSON,KY0864,,POPLAR LEVEL,RD,,,BISHOP,,,,,38.184736791,-85.699815668,10.453,7/25/2020 12:00:00 AM,1700,2,2,0,0,CLEAR,DRY,False,ANGLE COLLISION - ONE VEHICLE TURNING LEFT,ANGLE,STRAIGHT & LEVEL,DAYLIGHT,,,7/27/2020 8:19:25 AM,False,6148,Accepted,
26992215,0568000,LOUISVILLE METRO POLICE DEPT,Accepted,JEFFERSON,KY1727,8523,TERRY,RD,,,,,,,,38.136098879,-85.873363247,0.992,7/25/2020 12:00:00 AM,1330,2,2,0,0,CLEAR,DRY,False,COLLISION IN PARKING LOT,ANGLE,STRAIGHT & LEVEL,DAYLIGHT,,,7/27/2020 8:17:41 AM,False,2311,Accepted,
26992216,0568000,LOUISVILLE METRO POLICE DEPT,Accepted,JEFFERSON,KY2860,,GRINSTEAD,DR,,,,,,,,38.242470243,-85.711349527,0.617,7/25/2020 12:00:00 AM,0845,1,1,0,0,CLEAR,DRY,False,COLLISION WITH FIXED OBJECT NON - INTERSECTION - FIRST EVENT COLLISION 09 - 32 EXCLUDING 16,SINGLE VEHICLE,STRAIGHT & LEVEL,DAYLIGHT,,,7/27/2020 8:17:45 AM,False,7028,Accepted,
26992217,0568000,LOUISVILLE METRO POLICE DEPT,Accepted,JEFFERSON,,101,JEFFERSON,ST,E,,,,,,,38.253140775,-85.750774255,0.945,7/25/2020 12:00:00 AM,1600,2,2,0,0,CLEAR,DRY,False,SIDESWIPE COLLISION - SAME DIRECTION,SIDESWIPE-SAME DIRECTION,STRAIGHT & LEVEL,DAYLIGHT,,,7/27/2020 8:17:50 AM,False,2855,Accepted,
26992222,0568000,LOUISVILLE METRO POLICE DEPT,Accepted,JEFFERSON,I 0264,,I264 E,,,,,,,,,38.205242314,-85.680509080,15.022,7/25/2020 12:00:00 AM,1500,3,3,0,2,CLEAR,DRY,False,REAR END IN TRAFFIC LANES BOTH VEHICLES MOVING,REAR END,STRAIGHT & LEVEL,DAYLIGHT,,,7/27/2020 8:18:11 AM,False,7746,Accepted,
26992223,0568000,LOUISVILLE METRO POLICE DEPT,Accepted,JEFFERSON,KY2251,,BARDSTOWN,RD,,,,,,,,38.191843190,-85.646856401,0.175,7/25/2020 12:00:00 AM,1755,3,3,0,1,CLEAR,DRY,False,1 VEHICLE ENTERING/LEAVING ENTRANCE,ANGLE,STRAIGHT & LEVEL,DAYLIGHT,,,7/27/2020 8:18:18 AM,False,5159,Accepted,
26992224,0568000,LOUISVILLE METRO POLICE DEPT,Accepted,JEFFERSON,US0042,,STORY,AVE,,I 0064,I64 E EXIT7 OFF RAMP TO  STORY AVE,,,,,38.257929386,-85.723667574,0.529,7/25/2020 12:00:00 AM,1931,2,2,0,0,CLEAR,DRY,False,OTHER INTERSECTION COLLISIONS,REAR END,CURVE & GRADE,DARK-HWY NOT LIGHTED,,,7/27/2020 8:18:24 AM,False,7386,Accepted,
26992225,0568000,LOUISVILLE METRO POLICE DEPT,Accepted,JEFFERSON,,,GELLHAUS,LN,,,,,,,,38.154826097,-85.543269175,0.471,7/25/2020 12:00:00 AM,2000,2,1,0,1,CLEAR,DRY,False,COLLISION WITH PEDESTRIAN NON - INTERSECTION,SINGLE VEHICLE,STRAIGHT & LEVEL,DAYLIGHT,,,7/27/2020 8:18:28 AM,False,7761,Accepted,
26992231,0568000,LOUISVILLE METRO POLICE DEPT,Accepted,JEFFERSON,,3705,WARREN,AVE,,,,,,,,38.190902277,-85.776538599,0.086,7/25/2020 12:00:00 AM,0545,2,2,0,0,CLEAR,DRY,True,1 VEHICLE PARKED POSITION (NOT PARKING LOT/DRIVEWAY),SIDESWIPE-OPPOSITE DIRECTION,,DARK-HWY LIGHTED/ON,,,7/27/2020 8:18:58 AM,False,5287,Accepted,
26992212,0568000,LOUISVILLE METRO POLICE DEPT,Accepted,JEFFERSON,KY0061,,PRESTON,HWY,,,,,RACHEL,,CLAY,38.143798928,-85.689759519,4.356,7/25/2020 12:00:00 AM,1044,2,2,0,2,CLEAR,DRY,False,OTHER ROADWAY OR MID-BLOCK COLLISION,OPPOSING LEFT TURN,STRAIGHT & LEVEL,DAYLIGHT,,,7/27/2020 8:17:30 AM,False,7484,Accepted,
26992218,0568000,LOUISVILLE METRO POLICE DEPT,Accepted,JEFFERSON,,,PARK,RD,S,,,,ARIA,,MINOR,38.115731547,-85.716771144,2.360,7/25/2020 12:00:00 AM,0750,1,1,0,0,CLEAR,DRY,False,COLLISION WITH FIXED OBJECT NON - INTERSECTION - FIRST EVENT COLLISION 09 - 32 EXCLUDING 16,SINGLE VEHICLE,STRAIGHT & LEVEL,DAYLIGHT,,,7/27/2020 8:17:55 AM,False,7354,Accepted,
26992219,0568000,LOUISVILLE METRO POLICE DEPT,Accepted,JEFFERSON,I 0064,,I64 E,,,,,,,,,38.217762439,-85.416026122,23.781,7/25/2020 12:00:00 AM,1600,1,1,0,1,CLOUDY,DRY,False,OTHER COLLISIONS ON SHOULDER,SINGLE VEHICLE,STRAIGHT & GRADE,DAYLIGHT,,,7/27/2020 8:17:59 AM,False,6456,Accepted,
26992220,0568000,LOUISVILLE METRO POLICE DEPT,Accepted,JEFFERSON,KY1931,,ST ANDREWS CHURCH,RD,,,BLANTON,,,,,38.151809884,-85.819401059,4.419,7/25/2020 12:00:00 AM,1717,2,2,0,3,CLEAR,DRY,False,ANGLE COLLISION - ONE VEHICLE TURNING LEFT,ANGLE,STRAIGHT & LEVEL,DAYLIGHT,,,7/27/2020 8:18:02 AM,False,7340,Accepted,
26992221,0568000,LOUISVILLE METRO POLICE DEPT,Accepted,JEFFERSON,,,ORMSBY,AVE,W,,4TH,,,,,38.232870222,-85.760686727,0.272,7/25/2020 12:00:00 AM,1616,3,3,0,0,CLEAR,DRY,False,SIDESWIPE-SAME DIRECTION,SIDESWIPE-SAME DIRECTION,STRAIGHT & LEVEL,DAYLIGHT,,,7/27/2020 8:18:07 AM,False,7418,Accepted,
26992227,0568000,LOUISVILLE METRO POLICE DEPT,Accepted,JEFFERSON,,,7TH,ST,S,KY2054,ALGONQUIN,,,,,38.220109601,-85.777311940,0.005,7/25/2020 12:00:00 AM,2322,2,2,0,0,CLEAR,DRY,False,SIDESWIPE-SAME DIRECTION,SIDESWIPE-SAME DIRECTION,STRAIGHT & LEVEL,DARK-HWY LIGHTED/ON,,,7/27/2020 8:18:37 AM,False,5039,Accepted,
26992228,0568000,LOUISVILLE METRO POLICE DEPT,Accepted,JEFFERSON,,,KINGS,HWY,,,HENDON,,,,,38.220261381,-85.648431809,0.616,7/25/2020 12:00:00 AM,2157,2,2,0,0,RAINING,WET,True,COLLISION WITH PARKED VEHICLE,REAR END,STRAIGHT & LEVEL,DARK-HWY LIGHTED/ON,,,7/27/2020 8:18:43 AM,False,5117,Accepted,
26992233,0568000,LOUISVILLE METRO POLICE DEPT,Accepted,JEFFERSON,,,BROADWAY,,W,,34TH,,,,,38.249938175,-85.807985274,1.066,7/25/2020 12:00:00 AM,2111,2,2,0,0,CLEAR,DRY,True,OTHER INTERSECTION COLLISIONS,REAR END,STRAIGHT & LEVEL,DAYLIGHT,,,7/27/2020 8:19:07 AM,False,7481,Accepted,
26992249,0568000,LOUISVILLE METRO POLICE DEPT,Accepted,JEFFERSON,,,4TH,ST,S,,HEYWOOD,,,,,38.206408522,-85.765338405,3.496,7/25/2020 12:00:00 AM,1440,2,2,0,2,CLEAR,DRY,False,ANGLE COLLISION - OTHER,ANGLE,STRAIGHT & LEVEL,DAYLIGHT,,,7/27/2020 8:20:11 AM,False,2745,Accepted,
26992207,0568000,LOUISVILLE METRO POLICE DEPT,Accepted,JEFFERSON,,,LEXINGTON,RD,,,,,COOPER,,PAYNE,38.250412948,-85.726429998,0.409,7/25/2020 12:00:00 AM,0204,2,2,0,0,CLEAR,DRY,True,SIDESWIPE COLLISION - OPPOSITE DIRECTION,SIDESWIPE-OPPOSITE DIRECTION,CURVE & GRADE,DARK-HWY LIGHTED/ON,,,7/27/2020 8:17:09 AM,False,7049,Accepted,
26992208,0568000,LOUISVILLE METRO POLICE DEPT,Accepted,JEFFERSON,,33538,BLUE PARK,LN,,,,,,,,38.190387400,-85.678353085,0.139,7/25/2020 12:00:00 AM,0313,2,2,0,0,CLEAR,DRY,False,1 VEHICLE PARKED POSITION (NOT PARKING LOT/DRIVEWAY),SIDESWIPE-OPPOSITE DIRECTION,STRAIGHT & LEVEL,DARK-HWY LIGHTED/ON,,,7/27/2020 8:17:13 AM,False,5189,Accepted,
26992263,0568000,LOUISVILLE METRO POLICE DEPT,Accepted,JEFFERSON,KY2054,,ALGONQUIN,PKWY,,,SHARP,,,,,38.217564421,-85.775545704,2.717,7/25/2020 12:00:00 AM,2037,2,2,0,0,CLEAR,DRY,False,ANGLE COLLISION - OTHER,ANGLE,STRAIGHT & LEVEL,DUSK,,,7/27/2020 8:21:06 AM,False,5196,Accepted,
26992234,0568000,LOUISVILLE METRO POLICE DEPT,Accepted,JEFFERSON,KY1934,,CANE RUN,RD,,,KRISTIN,,,,,38.197600324,-85.839727217,9.007,7/25/2020 12:00:00 AM,2321,2,2,0,0,CLEAR,DRY,True,OTHER INTERSECTION COLLISIONS,REAR END,STRAIGHT & LEVEL,DARK-HWY LIGHTED/ON,,,7/27/2020 8:19:14 AM,False,7481,Accepted,
26992259,0568000,LOUISVILLE METRO POLICE DEPT,Accepted,JEFFERSON,,,RIVER,RD,,,,,,,,38.261119392,-85.739470604,0.425,7/25/2020 12:00:00 AM,1041,2,2,0,0,CLEAR,DRY,False,1 VEHICLE ENTERING/LEAVING ENTRANCE,ANGLE,STRAIGHT & LEVEL,DARK-HWY LIGHTED/ON,,,7/27/2020 8:20:57 AM,False,7626,Accepted,
26995331,0560400,SHIVELY POLICE DEPARTMENT,Accepted,JEFFERSON,I 0264,,I264 E,,,I 0264,I264 E EXIT8 ON RAMP FROM US31W N,,,,,38.185143746,-85.812798950,7.495,7/25/2020 12:00:00 AM,1415,2,2,0,0,CLEAR,DRY,False,SIDESWIPE-SAME DIRECTION,SIDESWIPE-SAME DIRECTION,CURVE & GRADE,DAYLIGHT,,,7/27/2020 5:33:55 PM,False,7091,Accepted,
26994016,0561500,UNIV. OF LOUISVILLE POLICE,Accepted,JEFFERSON,US0060A,,3RD,ST,S,US0060A,EASTERN,,,,,38.213870156,-85.762238494,3.400,7/25/2020 12:00:00 AM,1345,2,2,0,0,CLEAR,DRY,False,VEHICLE BACKING IN INTERSECTION,BACKING,STRAIGHT & LEVEL,DAYLIGHT,,,7/27/2020 1:04:16 PM,True,5701,Accepted,
26992213,0568000,LOUISVILLE METRO POLICE DEPT,Accepted,JEFFERSON,I 0265,,I265 E,,,,,,,,,38.126949688,-85.607397940,15.614,7/25/2020 12:00:00 AM,1320,1,1,0,0,CLEAR,DRY,False,OTHER ROADWAY OR MID-BLOCK COLLISION,SINGLE VEHICLE,CURVE & LEVEL,DAYLIGHT,,,7/27/2020 8:17:34 AM,False,5101,Accepted,
26992204,0568000,LOUISVILLE METRO POLICE DEPT,Accepted,JEFFERSON,,,MUHAMMAD ALI,BLVD,W,,18TH,,,,,38.253691654,-85.780657559,1.544,7/25/2020 12:00:00 AM,0242,2,2,0,1,CLEAR,DRY,False,ANGLE COLLISION - OTHER,ANGLE,STRAIGHT & LEVEL,DARK-HWY LIGHTED/ON,,,7/27/2020 8:16:57 AM,False,5021,Accepted,
26992210,0568000,LOUISVILLE METRO POLICE DEPT,Accepted,JEFFERSON,US0150,,BROADWAY,,E,KY0061,JACKSON,,,,,38.245154236,-85.745649859,3.072,7/25/2020 12:00:00 AM,1205,2,2,0,3,CLEAR,DRY,False,ANGLE COLLISION - OTHER,ANGLE,STRAIGHT & LEVEL,DAYLIGHT,,,7/27/2020 8:17:23 AM,False,2855,Accepted,
26992211,0568000,LOUISVILLE METRO POLICE DEPT,Accepted,JEFFERSON,KY1865,3277,TAYLOR,BLVD,,,,,,,,38.170336785,-85.781410954,4.380,7/25/2020 12:00:00 AM,1308,1,1,0,0,CLEAR,DRY,True,COLLISION IN PARKING LOT,SINGLE VEHICLE,,DAYLIGHT,,,7/27/2020 8:17:27 AM,False,7433,Accepted,
27061117,0568000,LOUISVILLE METRO POLICE DEPT,Accepted,JEFFERSON,,,GREENWOOD,AVE,,,26TH,,,,,38.242065852,-85.797352219,0.658,7/25/2020 12:00:00 AM,0300,2,2,0,1,CLEAR,DRY,False,COLLISION WITH PARKED VEHICLE,REAR END,STRAIGHT & LEVEL,DARK-HWY LIGHTED/ON,,,8/10/2020 11:51:44 AM,False,5256,Accepted,
27942599,0568000,LOUISVILLE METRO POLICE DEPT,Accepted,JEFFERSON,KY1747,3400,FERN VALLEY,RD,,,,,,,,38.156941003,-85.701250818,1.698,7/25/2020 12:00:00 AM,1419,1,1,0,1,CLEAR,DRY,False,COLLISION WITH FIXED OBJECT NON - INTERSECTION - FIRST EVENT COLLISION 09 - 32 EXCLUDING 16,SINGLE VEHICLE,STRAIGHT & LEVEL,DAYLIGHT,,,3/29/2021 12:34:37 PM,False,7269,Accepted,
27596701,0568000,LOUISVILLE METRO POLICE DEPT,Accepted,JEFFERSON,US0031E,,BARDSTOWN,RD,,,VILLAGE,,,,,38.225771162,-85.696495467,13.795,7/25/2020 12:00:00 AM,2239,4,4,0,0,CLEAR,DRY,False,ANGLE COLLISION - OTHER,ANGLE,STRAIGHT & LEVEL,DARK-HWY LIGHTED/ON,,,12/23/2020 8:00:07 AM,False,7049,Accepted,
27061147,0568000,LOUISVILLE METRO POLICE DEPT,Accepted,JEFFERSON,,,26TH,ST,S,,CHESTNUT,,,,,38.253000762,-85.794498002,0.536,7/24/2020 12:00:00 AM,2050,3,3,0,0,CLEAR,DRY,False,ANGLE COLLISION - OTHER,ANGLE,STRAIGHT & LEVEL,DUSK,,,8/10/2020 11:53:31 AM,False,5199,Accepted,
26983722,0568000,LOUISVILLE METRO POLICE DEPT,Accepted,JEFFERSON,I 0064,,I64 E,,,,,,,,,38.222930212,-85.522403057,18.069,7/24/2020 12:00:00 AM,0913,2,2,0,0,CLEAR,DRY,True,REAR END IN TRAFFIC LANES BOTH VEHICLES MOVING,REAR END,STRAIGHT & LEVEL,DAYLIGHT,,,7/24/2020 12:47:54 PM,False,4903,Accepted,
26992194,0568000,LOUISVILLE METRO POLICE DEPT,Accepted,JEFFERSON,KY0061,,PRESTON,HWY,,,DURRETT,,,,,38.186173005,-85.724116642,7.877,7/24/2020 12:00:00 AM,0918,1,1,0,0,CLEAR,DRY,False,COLLISION WITH FIXED OBJECT IN INTERSECTION - FIRST EVENT COLLISION 09 - 32,SINGLE VEHICLE,STRAIGHT & LEVEL,DAYLIGHT,,,7/27/2020 8:16:19 AM,False,7830,Accepted,
26982560,0568000,LOUISVILLE METRO POLICE DEPT,Accepted,JEFFERSON,KY1065,9611,SEATONVILLE,RD,,,,,,,,38.151068987,-85.580903243,12.213,7/24/2020 12:00:00 AM,0012,1,1,0,0,CLOUDY,WET,False,OTHER ROADWAY OR MID-BLOCK COLLISION,SINGLE VEHICLE,CURVE & LEVEL,DARK (UNKNOWN ROADWAY LIGHTING),,,7/24/2020 8:13:56 AM,False,7828,Accepted,
26982561,0568000,LOUISVILLE METRO POLICE DEPT,Accepted,JEFFERSON,KY1020,,NATIONAL,TPKE,,KY1065,OUTER,,,,,38.126901551,-85.748938115,3.665,7/24/2020 12:00:00 AM,0010,2,2,0,0,CLEAR,DRY,False,ANGLE COLLISION - OTHER,ANGLE,STRAIGHT & LEVEL,DARK-HWY LIGHTED/ON,,,7/24/2020 8:13:59 AM,False,5259,Accepted,
26983720,0568000,LOUISVILLE METRO POLICE DEPT,Accepted,JEFFERSON,,2900,HIKES,LN,,,,,,,,38.209710332,-85.643037781,2.051,7/24/2020 12:00:00 AM,0834,2,2,0,1,CLEAR,DRY,False,REAR END IN TRAFFIC LANES BOTH VEHICLES MOVING,REAR END,STRAIGHT & LEVEL,DAYLIGHT,,,7/24/2020 12:47:46 PM,False,7448,Accepted,
26983721,0568000,LOUISVILLE METRO POLICE DEPT,Accepted,JEFFERSON,KY1865,,TAYLOR,BLVD,,,,,BLUEGRASS,,LEHIGH,38.180177402,-85.783354462,5.072,7/24/2020 12:00:00 AM,0904,2,2,0,1,CLEAR,DRY,False,1 VEHICLE ENTERING/LEAVING ENTRANCE,ANGLE,STRAIGHT & LEVEL,DAYLIGHT,,,7/24/2020 12:47:50 PM,False,7048,Accepted,