IncidentID,AgencyORI,AgencyName,IncidentStatusDesc,County,RdwyNumber,Street,RoadwayName,StreetSfx,StreetDir,IntersectionRdwy,IntersectionRdwyName,BetweenStRdwy1,BetweenStRdwyName1,BetweenStRdwy2,BetweenStRdwyName2,Latitude,Longitude,Milepoint,CollisionDate,CollisionTime,UnitsInvolved,MotorVehiclesInvolved,NumberKilled,NumberInjured,Weather,RdwyConditionCode,HitandRun,DirAnalysisCode,MannerofCollision,RdwyCharacter,LightCondition,RampFromRdwyId,RampToRdwyId,AcceptedDate,IsSecondaryCollision,OwnerBadge,IncidentStatus,
26992205,0568000,LOUISVILLE METRO POLICE DEPT,Accepted,JEFFERSON,,114,BAYLY,AVE,S,,,,,,,38.253211169,-85.692261654,0.106,7/24/2020 12:00:00 AM,1953,2,2,0,0,CLEAR,DRY,True,1 VEHICLE PARKED POSITION (NOT PARKING LOT/DRIVEWAY),SIDESWIPE-SAME DIRECTION,STRAIGHT & LEVEL,DAYLIGHT,,,7/27/2020 8:17:01 AM,False,5240,Accepted,
26994015,0561500,UNIV. OF LOUISVILLE POLICE,Accepted,JEFFERSON,,300,BRANDEIS,AVE,E,CS1003F,FLOYD,,,,,38.218390358,-85.753938338,0.242,7/24/2020 12:00:00 AM,1301,1,1,0,0,CLEAR,DRY,False,COLLISION WITH FIXED OBJECT NON - INTERSECTION - FIRST EVENT COLLISION 09 - 32 EXCLUDING 16,SINGLE VEHICLE,CURVE & LEVEL,DAYLIGHT,,,7/27/2020 1:04:12 PM,False,5636,Accepted,
26992203,0568000,LOUISVILLE METRO POLICE DEPT,Accepted,JEFFERSON,I 0264,,I264 E,,,,,,,,,38.203459302,-85.684080662,14.792,7/24/2020 12:00:00 AM,2035,2,2,0,1,CLEAR,DRY,False,SIDESWIPE COLLISION - SAME DIRECTION,SIDESWIPE-SAME DIRECTION,STRAIGHT & LEVEL,DUSK,,,7/27/2020 8:16:53 AM,False,5171,Accepted,
26992196,0568000,LOUISVILLE METRO POLICE DEPT,Accepted,JEFFERSON,,,BROOK,ST,S,,CHESTNUT,,,,,38.248264777,-85.751834539,2.949,7/24/2020 12:00:00 AM,1712,2,2,0,1,CLEAR,DRY,False,ANGLE COLLISION - OTHER,ANGLE,STRAIGHT & LEVEL,DAYLIGHT,,,7/27/2020 8:16:27 AM,False,2855,Accepted,
26992201,0568000,LOUISVILLE METRO POLICE DEPT,Accepted,JEFFERSON,I 0264,,I264 W,,,,,,,,,38.254059121,-85.806025839,1.628,7/24/2020 12:00:00 AM,2206,2,2,0,1,CLEAR,DRY,True,REAR END IN TRAFFIC LANES BOTH VEHICLES MOVING,REAR END,STRAIGHT & LEVEL,DARK-HWY LIGHTED/ON,,,7/27/2020 8:16:46 AM,False,5057,Accepted,
26992172,0568000,LOUISVILLE METRO POLICE DEPT,Accepted,JEFFERSON,,3001,CHAMBERLAIN,LN,,,,,,,,38.290166104,-85.535530405,1.368,7/24/2020 12:00:00 AM,0946,2,2,0,1,CLEAR,DRY,False,1 VEHICLE ENTERING/LEAVING ENTRANCE,ANGLE,STRAIGHT & LEVEL,DAYLIGHT,,,7/27/2020 8:15:55 AM,False,7355,Accepted,
26992189,0568000,LOUISVILLE METRO POLICE DEPT,Accepted,JEFFERSON,KY0155,,TAYLORSVILLE,RD,,,HOPEWELL,,,,,38.188016484,-85.512686875,6.287,7/24/2020 12:00:00 AM,1414,2,2,0,2,CLEAR,DRY,False,ANGLE COLLISION - OTHER,ANGLE,STRAIGHT & LEVEL,DAYLIGHT,,,7/27/2020 8:16:00 AM,False,2017,Accepted,
26992190,0568000,LOUISVILLE METRO POLICE DEPT,Accepted,JEFFERSON,US0031E,5505,BARDSTOWN,RD,,,,,,,,38.165306503,-85.599567938,6.849,7/24/2020 12:00:00 AM,0915,1,1,0,0,CLEAR,DRY,False,COLLISION IN PARKING LOT,SINGLE VEHICLE,STRAIGHT & LEVEL,DAYLIGHT,,,7/27/2020 8:16:04 AM,False,2017,Accepted,
26992192,0568000,LOUISVILLE METRO POLICE DEPT,Accepted,JEFFERSON,,,DIXIE,HWY,,,BERNHEIM,,,,,38.221417442,-85.793248826,1.995,7/24/2020 12:00:00 AM,1159,2,2,0,0,CLEAR,DRY,False,ANGLE COLLISION - OTHER,ANGLE,STRAIGHT & LEVEL,DAYLIGHT,,,7/27/2020 8:16:11 AM,False,7656,Accepted,
26992197,0568000,LOUISVILLE METRO POLICE DEPT,Accepted,JEFFERSON,KY0155,,TAYLORSVILLE,RD,,,DRAYTON,,,,,38.222937201,-85.669611246,15.714,7/24/2020 12:00:00 AM,1326,1,1,0,0,CLEAR,DRY,False,COLLISION WITH FIXED OBJECT IN INTERSECTION - FIRST EVENT COLLISION 09 - 32,SINGLE VEHICLE,STRAIGHT & LEVEL,DAYLIGHT,,,7/27/2020 8:16:31 AM,False,7306,Accepted,
26992198,0568000,LOUISVILLE METRO POLICE DEPT,Accepted,JEFFERSON,US0060A,3100B,TAYLOR,BLVD,,,,,,,,38.204505074,-85.778547788,2.116,7/24/2020 12:00:00 AM,1417,1,1,0,1,CLEAR,DRY,False,COLLISION WITH FIXED OBJECT NON - INTERSECTION - FIRST EVENT COLLISION 09 - 32 EXCLUDING 16,SINGLE VEHICLE,STRAIGHT & LEVEL,DAYLIGHT,,,7/27/2020 8:16:34 AM,False,7398,Accepted,
26982556,0568000,LOUISVILLE METRO POLICE DEPT,Accepted,JEFFERSON,I 0064,,I64 W,,,,,,,,,38.243078846,-85.695290380,8.218,7/24/2020 12:00:00 AM,0400,1,1,0,0,CLEAR,DRY,True,OTHER ROADWAY OR MID-BLOCK COLLISION,SINGLE VEHICLE,STRAIGHT & LEVEL,DARK-HWY LIGHTED/ON,,,7/24/2020 8:13:43 AM,False,7544,Accepted,
26982557,0568000,LOUISVILLE METRO POLICE DEPT,Accepted,JEFFERSON,,,WATTERSON,TRL,,,STARLITE,,,,,38.181505394,-85.622140681,0.192,7/24/2020 12:00:00 AM,0123,1,1,0,0,CLOUDY,DRY,False,COLLISION WITH FIXED OBJECT IN INTERSECTION - FIRST EVENT COLLISION 09 - 32,SINGLE VEHICLE,CURVE & LEVEL,DARK-HWY NOT LIGHTED,,,7/24/2020 8:13:46 AM,False,7851,Accepted,
26983717,0568000,LOUISVILLE METRO POLICE DEPT,Accepted,JEFFERSON,,6401,UPPER HUNTERS,TRCE,,,,,,,,38.161609764,-85.845017041,1.140,7/24/2020 12:00:00 AM,0707,2,2,0,1,CLEAR,DRY,False,1 VEHICLE PARKED POSITION (NOT PARKING LOT/DRIVEWAY),ANGLE,STRAIGHT & LEVEL,DAYLIGHT,,,7/24/2020 12:47:38 PM,False,7339,Accepted,
26992209,0568000,LOUISVILLE METRO POLICE DEPT,Accepted,JEFFERSON,I 0065,,,,,,,,,,,38.253092367,-85.750348459,0.087,7/24/2020 12:00:00 AM,0825,2,2,0,0,CLOUDY,DRY,False,OTHER RAMP RELATED COLLISIONS NOT LISTED ABOVE,SIDESWIPE-SAME DIRECTION,STRAIGHT & LEVEL,DAYLIGHT,I 0065,E JEFFERSON ST,7/27/2020 8:17:17 AM,False,2403,Accepted,
26992206,0568000,LOUISVILLE METRO POLICE DEPT,Accepted,JEFFERSON,KY1931,,MANSLICK,RD,,,MARCH,,,,,38.191670273,-85.800833158,8.102,7/24/2020 12:00:00 AM,2335,2,2,0,1,CLEAR,DRY,True,ANGLE COLLISION - OTHER,ANGLE,STRAIGHT & LEVEL,DARK-HWY LIGHTED/ON,,,7/27/2020 8:17:05 AM,False,5287,Accepted,
27022092,0568000,LOUISVILLE METRO POLICE DEPT,Accepted,JEFFERSON,,,COOPER CHAPEL,RD,,,PRICE,,,,,38.104586471,-85.649589204,1.321,7/24/2020 12:00:00 AM,1710,2,2,0,0,CLEAR,DRY,False,ANGLE COLLISION - OTHER,ANGLE,STRAIGHT & LEVEL,DAYLIGHT,,,7/31/2020 8:11:05 AM,False,7991,Accepted,
26997375,0568000,LOUISVILLE METRO POLICE DEPT,Accepted,JEFFERSON,I 0064,,I64 W,,,,,,,,,38.261558175,-85.726350877,6.000,7/24/2020 12:00:00 AM,1210,1,1,0,0,CLEAR,DRY,False,COLLISION WITH FIXED OBJECT NON - INTERSECTION - FIRST EVENT COLLISION 09 - 32 EXCLUDING 16,SINGLE VEHICLE,CURVE & GRADE,DAYLIGHT,,,7/28/2020 8:19:47 AM,False,8278,Accepted,
26997382,0568000,LOUISVILLE METRO POLICE DEPT,Accepted,JEFFERSON,,2600,WILSON,AVE,,,,,25TH,,26TH,38.234142010,-85.796640807,1.194,7/24/2020 12:00:00 AM,1523,1,1,1,0,CLEAR,DRY,False,OTHER ROADWAY OR MID-BLOCK COLLISION,SINGLE VEHICLE,STRAIGHT & LEVEL,DAYLIGHT,,,7/28/2020 8:20:04 AM,False,2217,Accepted,
26997391,0568000,LOUISVILLE METRO POLICE DEPT,Accepted,JEFFERSON,US0042,,BROWNSBORO,RD,,,LIGHTFOOT,,,,,38.263679875,-85.674027494,3.421,7/23/2020 12:00:00 AM,0025,1,1,0,1,CLOUDY,WET,False,COLLISION WITH FIXED OBJECT IN INTERSECTION - FIRST EVENT COLLISION 09 - 32,SINGLE VEHICLE,CURVE & LEVEL,DARK-HWY LIGHTED/ON,,,7/28/2020 8:20:36 AM,False,7304,Accepted,
26997376,0568000,LOUISVILLE METRO POLICE DEPT,Accepted,JEFFERSON,I 0064,,I64 S TRANSIT,,,,,,,,,38.261555697,-85.729519662,0.245,7/23/2020 12:00:00 AM,1200,2,2,0,0,RAINING,WET,True,SIDESWIPE COLLISION - SAME DIRECTION,SIDESWIPE-SAME DIRECTION,STRAIGHT & LEVEL,DAYLIGHT,,,7/28/2020 8:19:50 AM,False,7239,Accepted,
27012423,0568000,LOUISVILLE METRO POLICE DEPT,Accepted,JEFFERSON,,,26TH,ST,N,,DUNCAN,,,,,38.263410974,-85.793296834,0.183,7/23/2020 12:00:00 AM,0305,2,2,0,0,CLEAR,DRY,True,COLLISION WITH PARKED VEHICLE,SIDESWIPE-SAME DIRECTION,STRAIGHT & LEVEL,DARK-HWY LIGHTED/ON,,,7/29/2020 8:59:16 AM,False,7487,Accepted,
26992202,0568000,LOUISVILLE METRO POLICE DEPT,Accepted,JEFFERSON,KY1230,,CANE RUN,RD,,,GLOBAL,,,,,38.139900907,-85.897254966,4.293,7/23/2020 12:00:00 AM,1914,2,2,0,0,CLEAR,DRY,False,ANGLE COLLISION - ONE VEHICLE TURNING LEFT,ANGLE,STRAIGHT & LEVEL,DAYLIGHT,,,7/27/2020 8:16:50 AM,False,7160,Accepted,
26982534,0568000,LOUISVILLE METRO POLICE DEPT,Accepted,JEFFERSON,US0031W,,DIXIE,HWY,,,BARRETT,,,,,38.102951264,-85.869684812,8.273,7/23/2020 12:00:00 AM,0835,2,2,0,0,CLOUDY,WET,False,SIDESWIPE-SAME DIRECTION,SIDESWIPE-SAME DIRECTION,STRAIGHT & LEVEL,DAYLIGHT,,,7/24/2020 8:12:33 AM,False,7336,Accepted,
26982542,0568000,LOUISVILLE METRO POLICE DEPT,Accepted,JEFFERSON,,,HILL,ST,W,,15TH,,,,,38.228091479,-85.780286802,1.262,7/23/2020 12:00:00 AM,1744,2,2,0,0,CLOUDY,DRY,True,SIDESWIPE-SAME DIRECTION,SIDESWIPE-SAME DIRECTION,STRAIGHT & HILLCREST,DAYLIGHT,,,7/24/2020 8:13:00 AM,False,5253,Accepted,
26982550,0568000,LOUISVILLE METRO POLICE DEPT,Accepted,JEFFERSON,,,26TH,ST,S,,GREENWOOD,,,,,38.241935738,-85.795744471,1.302,7/23/2020 12:00:00 AM,2053,2,1,0,1,CLOUDY,WET,True,COLLISION WITH BICYCLE IN INTERSECTION,SINGLE VEHICLE,STRAIGHT & LEVEL,DAYLIGHT,,,7/24/2020 8:13:27 AM,False,7973,Accepted,
26997372,0568000,LOUISVILLE METRO POLICE DEPT,Accepted,JEFFERSON,,,NAOMI,DR,,,JEANINE,,,,,38.164486949,-85.687639247,0.415,7/23/2020 12:00:00 AM,1700,2,2,0,1,CLEAR,DRY,False,HEAD-ON COLLISION,HEAD ON,STRAIGHT & LEVEL,DAYLIGHT,,,7/28/2020 8:19:40 AM,False,7879,Accepted,
26982555,0568000,LOUISVILLE METRO POLICE DEPT,Accepted,JEFFERSON,,,HILLCREST,AVE,,,REBEL,,,,,38.261401933,-85.686478659,0.494,7/23/2020 12:00:00 AM,2028,2,2,0,0,RAINING,WET,False,ANGLE COLLISION - OTHER,ANGLE,STRAIGHT & HILLCREST,DAYLIGHT,,,7/24/2020 8:13:40 AM,False,7101,Accepted,
26992244,0568000,LOUISVILLE METRO POLICE DEPT,Accepted,JEFFERSON,I 0264,,I264 W,,,,,I 0065,I264 W EXIT12 OFF RAMP TO,I 0264,I264 W EXIT14 ON RAMP FROM KY864,38.191865478,-85.714502077,12.920,7/23/2020 12:00:00 AM,1450,3,3,0,0,CLEAR,DRY,True,REAR END IN TRAFFIC LANES BOTH VEHICLES MOVING,REAR END,STRAIGHT & LEVEL,DAYLIGHT,,,7/27/2020 8:19:49 AM,False,5027,Accepted,
26982559,0568000,LOUISVILLE METRO POLICE DEPT,Accepted,JEFFERSON,,6806,HOLLY LAKE,DR,,,,,,,,38.148006365,-85.583474907,0.133,7/23/2020 12:00:00 AM,2301,2,2,0,0,CLOUDY,WET,False,1 VEHICLE PARKED POSITION (NOT PARKING LOT/DRIVEWAY),SIDESWIPE-OPPOSITE DIRECTION,STRAIGHT & LEVEL,DARK (UNKNOWN ROADWAY LIGHTING),,,7/24/2020 8:13:53 AM,False,7828,Accepted,
26982535,0568000,LOUISVILLE METRO POLICE DEPT,Accepted,JEFFERSON,KY0907,,VALLEY STATION,RD,,,RENAISSANCE VALLEY,,,,,38.105709494,-85.861360566,0.323,7/23/2020 12:00:00 AM,1425,2,2,0,0,CLOUDY,WET,False,OTHER INTERSECTION COLLISIONS,REAR END,STRAIGHT & LEVEL,DAYLIGHT,,,7/24/2020 8:12:37 AM,False,7336,Accepted,
26982536,0568000,LOUISVILLE METRO POLICE DEPT,Accepted,JEFFERSON,KY1065,,OUTER,LOOP,,,,,LAUREL RIDGE,,JUDGE,38.137824849,-85.673160548,6.800,7/23/2020 12:00:00 AM,1139,2,2,0,0,CLOUDY,WET,True,OTHER ROADWAY OR MID-BLOCK COLLISION,REAR END,STRAIGHT & LEVEL,DAYLIGHT,,,7/24/2020 8:12:40 AM,False,2308,Accepted,
26982551,0568000,LOUISVILLE METRO POLICE DEPT,Accepted,JEFFERSON,KY0061,,PRESTON,HWY,,,MILES,,,,,38.124441597,-85.679264079,2.918,7/23/2020 12:00:00 AM,2139,2,2,0,0,CLOUDY,WET,False,OTHER INTERSECTION COLLISIONS,REAR END,STRAIGHT & LEVEL,DARK-HWY LIGHTED/ON,,,7/24/2020 8:13:31 AM,False,5107,Accepted,
26982552,0568000,LOUISVILLE METRO POLICE DEPT,Accepted,JEFFERSON,KY0841,,GENE SNYDER,FWY,,I 0065,I65 S EXIT10 RAMP TO I65,,,,,38.115376318,-85.702799837,10.206,7/23/2020 12:00:00 AM,2030,1,1,0,0,RAINING,WET,False,OTHER INTERSECTION COLLISIONS,SINGLE VEHICLE,CURVE & GRADE,DAYLIGHT,,,7/24/2020 8:13:34 AM,False,5198,Accepted,
26982553,0568000,LOUISVILLE METRO POLICE DEPT,Accepted,JEFFERSON,KY0061,8100,PRESTON,HWY,,,,,,,,38.134237818,-85.684385274,3.650,7/23/2020 12:00:00 AM,2107,1,1,0,0,RAINING,WET,False,COLLISION WITH FIXED OBJECT NON - INTERSECTION - FIRST EVENT COLLISION 09 - 32 EXCLUDING 16,SINGLE VEHICLE,STRAIGHT & LEVEL,DUSK,,,7/24/2020 8:13:37 AM,False,7016,Accepted,
26982540,0568000,LOUISVILLE METRO POLICE DEPT,Accepted,JEFFERSON,I 0071,,I71 S,,,,,,,,,38.294360104,-85.631297063,5.997,7/23/2020 12:00:00 AM,1753,3,3,0,3,RAINING,WET,False,REAR END IN TRAFFIC LANES BOTH VEHICLES MOVING,REAR END,STRAIGHT & LEVEL,DAYLIGHT,,,7/24/2020 8:12:53 AM,False,7751,Accepted,
26982541,0568000,LOUISVILLE METRO POLICE DEPT,Accepted,JEFFERSON,I 0065,,I65 N,,,,,,,,,38.239807297,-85.753099242,134.848,7/23/2020 12:00:00 AM,0757,3,3,0,0,RAINING,WATER (STANDING OR MOVING),False,SIDESWIPE COLLISION - SAME DIRECTION,SIDESWIPE-SAME DIRECTION,CURVE & LEVEL,DAWN,,,7/24/2020 8:12:57 AM,False,7969,Accepted,
26982549,0568000,LOUISVILLE METRO POLICE DEPT,Accepted,JEFFERSON,,,26TH,ST,N,,,,ST CECILIA,,OWEN,38.264238058,-85.793154363,0.243,7/23/2020 12:00:00 AM,1804,2,1,0,1,CLOUDY,WET,False,COLLISION WITH PEDESTRIAN NON - INTERSECTION,SINGLE VEHICLE,STRAIGHT & LEVEL,DAYLIGHT,,,7/24/2020 8:13:24 AM,False,7805,Accepted,
26982537,0568000,LOUISVILLE METRO POLICE DEPT,Accepted,JEFFERSON,,,ROBBS,LN,,,,,SHEPHERDSVILLE,,GAYEWAY,38.134850503,-85.661226079,0.306,7/23/2020 12:00:00 AM,1217,2,2,0,0,CLOUDY,WET,False,HEAD-ON COLLISION,HEAD ON,CURVE & LEVEL,DAYLIGHT,,,7/24/2020 8:12:43 AM,False,2308,Accepted,
26982547,0568000,LOUISVILLE METRO POLICE DEPT,Accepted,JEFFERSON,,,BANK,ST,,US0150,22ND,,,,,38.266676561,-85.783598149,0.472,7/23/2020 12:00:00 AM,1605,2,2,0,1,CLEAR,DRY,False,ANGLE COLLISION - OTHER,ANGLE,STRAIGHT & LEVEL,DAYLIGHT,,,7/24/2020 8:13:21 AM,False,5271,Accepted,
26967848,0568000,LOUISVILLE METRO POLICE DEPT,Accepted,JEFFERSON,KY1747,,FERN VALLEY,RD,,,,,,,,38.157678841,-85.725519462,0.360,7/23/2020 12:00:00 AM,0152,2,2,0,0,RAINING,WATER (STANDING OR MOVING),True,REAR END IN TRAFFIC LANES BOTH VEHICLES MOVING,REAR END,STRAIGHT & HILLCREST,DARK-HWY LIGHTED/ON,,,7/23/2020 8:14:37 AM,False,7016,Accepted,
26967850,0568000,LOUISVILLE METRO POLICE DEPT,Accepted,JEFFERSON,I 0065,,I65 N,,,I 0065,I65 N EXIT128 TRANSIT,,,,,38.158837659,-85.718976249,128.378,7/23/2020 12:00:00 AM,0209,2,2,0,0,RAINING,WET,True,SIDESWIPE-SAME DIRECTION,SIDESWIPE-SAME DIRECTION,,DARK-HWY LIGHTED/ON,,,7/23/2020 8:14:47 AM,False,5144,Accepted,
26967856,0568000,LOUISVILLE METRO POLICE DEPT,Accepted,JEFFERSON,,,28TH,ST,S,,MAGAZINE,,,,,38.252028699,-85.797839454,0.625,7/23/2020 12:00:00 AM,0616,2,2,0,0,CLOUDY,WET,True,ANGLE COLLISION - OTHER,ANGLE,STRAIGHT & LEVEL,DAWN,,,7/23/2020 8:15:15 AM,False,7417,Accepted,
26967857,0568000,LOUISVILLE METRO POLICE DEPT,Accepted,JEFFERSON,,,ROY WILKINS,AVE,,,JEFFERSON,,,,,38.254712260,-85.765235721,0.201,7/23/2020 12:00:00 AM,0142,2,2,0,0,CLOUDY,DRY,True,ANGLE COLLISION - OTHER,ANGLE,STRAIGHT & LEVEL,DARK-HWY LIGHTED/ON,,,7/23/2020 8:15:22 AM,False,5162,Accepted,
26982530,0568000,LOUISVILLE METRO POLICE DEPT,Accepted,JEFFERSON,,,JEANINE,DR,,,INDIAN,,,,,38.170664580,-85.688636146,0.906,7/23/2020 12:00:00 AM,1331,2,2,0,0,CLEAR,DRY,False,OTHER INTERSECTION COLLISIONS,REAR END,STRAIGHT & LEVEL,DAYLIGHT,,,7/24/2020 8:12:17 AM,False,2100,Accepted,
26982526,0568000,LOUISVILLE METRO POLICE DEPT,Accepted,JEFFERSON,I 0264,,I264 W,,,,,,,,,38.189431694,-85.776044574,9.639,7/23/2020 12:00:00 AM,0756,1,1,0,0,RAINING,WATER (STANDING OR MOVING),False,OTHER COLLISIONS ON SHOULDER,SINGLE VEHICLE,STRAIGHT & LEVEL,DAYLIGHT,,,7/24/2020 8:12:03 AM,False,7252,Accepted,
26982533,0568000,LOUISVILLE METRO POLICE DEPT,Accepted,JEFFERSON,KY0907,,VALLEY STATION,RD,,,DEERING,,,,,38.105703159,-85.861441790,0.324,7/23/2020 12:00:00 AM,1416,3,3,0,3,CLEAR,DRY,False,OTHER INTERSECTION COLLISIONS,REAR END,STRAIGHT & LEVEL,DAYLIGHT,,,7/24/2020 8:12:29 AM,False,6877,Accepted,
26967854,0568000,LOUISVILLE METRO POLICE DEPT,Accepted,JEFFERSON,US0031E,,BARDSTOWN,RD,,US0060A,EASTERN,,,,,38.231992045,-85.709318274,14.626,7/23/2020 12:00:00 AM,0205,2,2,0,0,RAINING,WET,False,ANGLE COLLISION - OTHER,ANGLE,CURVE & LEVEL,DARK-HWY LIGHTED/ON,,,7/23/2020 8:15:02 AM,False,7101,Accepted,
26967852,0568000,LOUISVILLE METRO POLICE DEPT,Accepted,JEFFERSON,KY1747,,FERN VALLEY,RD,,,,,ARTISAN,KY1747,KY1747 CROSSOVER,38.155921930,-85.653802495,4.274,7/23/2020 12:00:00 AM,0227,1,1,0,1,RAINING,WET,False,COLLISION WITH FIXED OBJECT NON - INTERSECTION - FIRST EVENT COLLISION 09 - 32 EXCLUDING 16,SINGLE VEHICLE,STRAIGHT & LEVEL,DARK-HWY NOT LIGHTED,,,7/23/2020 8:14:55 AM,False,7120,Accepted,
26982527,0568000,LOUISVILLE METRO POLICE DEPT,Accepted,JEFFERSON,,4301,MUD,LN,,,,,,,,38.088454411,-85.684300072,1.254,7/22/2020 12:00:00 AM,1457,2,2,0,1,CLEAR,DRY,False,REAR END IN TRAFFIC LANES BOTH VEHICLES MOVING,REAR END,STRAIGHT & LEVEL,DAYLIGHT,,,7/24/2020 8:12:07 AM,False,7799,Accepted,
26982528,0568000,LOUISVILLE METRO POLICE DEPT,Accepted,JEFFERSON,,7612,NANCY,LN,,,,,,,,38.141519909,-85.851017009,0.171,7/22/2020 12:00:00 AM,1240,2,2,0,0,CLEAR,DRY,True,1 VEHICLE PARKED POSITION (NOT PARKING LOT/DRIVEWAY),SIDESWIPE-SAME DIRECTION,STRAIGHT & LEVEL,DAYLIGHT,,,7/24/2020 8:12:10 AM,False,7234,Accepted,
26963542,0568000,LOUISVILLE METRO POLICE DEPT,Accepted,JEFFERSON,KY1065,,OUTER,LOOP,,KY0061,PRESTON,,,,,38.138316942,-85.686792538,6.065,7/22/2020 12:00:00 AM,0226,2,2,0,1,CLEAR,WET,True,OTHER INTERSECTION COLLISIONS,REAR END,STRAIGHT & LEVEL,DARK-HWY LIGHTED/ON,,,7/22/2020 8:44:39 AM,False,5138,Accepted,
26967821,0568000,LOUISVILLE METRO POLICE DEPT,Accepted,JEFFERSON,US0031E,,BARDSTOWN,RD,,KY2053,THIXTON,,,,,38.100590299,-85.565490954,1.915,7/22/2020 12:00:00 AM,0846,2,2,0,0,CLOUDY,WET,False,OTHER INTERSECTION COLLISIONS,REAR END,CURVE & LEVEL,DAYLIGHT,,,7/23/2020 8:12:36 AM,False,2017,Accepted,
26967827,0568000,LOUISVILLE METRO POLICE DEPT,Accepted,JEFFERSON,I 0065,,,,,,,,,,,38.190723590,-85.719852829,0.540,7/22/2020 12:00:00 AM,0722,1,1,0,1,RAINING,WET,False,RAN OFF ROADWAY (1 VEHICLE WITH/EARTH EMBANKMENT/DITCH),SINGLE VEHICLE,CURVE & LEVEL,DAYLIGHT,,,7/23/2020 8:12:57 AM,False,4903,Accepted,
26967828,0568000,LOUISVILLE METRO POLICE DEPT,Accepted,JEFFERSON,,,HIKES,LN,,,,,,,,38.212115428,-85.639131995,2.320,7/22/2020 12:00:00 AM,0903,2,2,0,0,CLOUDY,DRY,False,REAR END IN TRAFFIC LANES BOTH VEHICLES MOVING,REAR END,STRAIGHT & LEVEL,DAYLIGHT,,,7/23/2020 8:13:00 AM,False,4693,Accepted,
26967829,0568000,LOUISVILLE METRO POLICE DEPT,Accepted,JEFFERSON,KY1747,,HURSTBOURNE,PKWY,S,,WATTERSON,,,,,38.183525162,-85.606608588,8.529,7/22/2020 12:00:00 AM,1102,2,2,0,2,CLOUDY,DRY,False,OPPOSING LEFT TURN,OPPOSING LEFT TURN,STRAIGHT & LEVEL,DAYLIGHT,,,7/23/2020 8:13:04 AM,False,4693,Accepted,
26967836,0568000,LOUISVILLE METRO POLICE DEPT,Accepted,JEFFERSON,KY0864,4520,POPLAR LEVEL,RD,,,,,,,,38.187872813,-85.702306149,10.789,7/22/2020 12:00:00 AM,1452,2,2,0,0,CLEAR,DRY,False,COLLISION IN PARKING LOT,SIDESWIPE-OPPOSITE DIRECTION,CURVE & LEVEL,DAYLIGHT,,,7/23/2020 8:13:31 AM,False,7450,Accepted,
26967838,0568000,LOUISVILLE METRO POLICE DEPT,Accepted,JEFFERSON,KY0061,,PRESTON,HWY,,,FOREST,,,,,38.160836261,-85.699220989,5.659,7/22/2020 12:00:00 AM,1735,2,2,0,1,RAINING,WET,False,VEHICLE BACKING IN INTERSECTION,BACKING,STRAIGHT & LEVEL,DAYLIGHT,,,7/23/2020 8:13:38 AM,False,5019,Accepted,
26967843,0568000,LOUISVILLE METRO POLICE DEPT,Accepted,JEFFERSON,US0031W,,MARKET,ST,W,,,,20TH,US0150,DR W J HODGE,38.258254792,-85.784027667,20.338,7/22/2020 12:00:00 AM,1758,2,2,0,2,CLEAR,DRY,False,1 VEHICLE ENTERING/LEAVING ENTRANCE,ANGLE,STRAIGHT & LEVEL,DAYLIGHT,,,7/23/2020 8:14:14 AM,False,7805,Accepted,
26967844,0568000,LOUISVILLE METRO POLICE DEPT,Accepted,JEFFERSON,I 0265,,I265 S,,,,,,,,,38.285834639,-85.512369816,30.288,7/22/2020 12:00:00 AM,1800,1,1,0,0,RAINING,WET,False,RAN OFF ROADWAY (1 VEHICLE WITH/EARTH EMBANKMENT/DITCH),SINGLE VEHICLE,CURVE & GRADE,DAYLIGHT,,,7/23/2020 8:14:20 AM,False,2013,Accepted,
26982529,0568000,LOUISVILLE METRO POLICE DEPT,Accepted,JEFFERSON,KY0841,,GENE SNYDER,FWY,,,,,,,,38.090305284,-85.867052226,0.479,7/22/2020 12:00:00 AM,1514,2,2,0,1,CLEAR,DRY,True,REAR END IN TRAFFIC LANES BOTH VEHICLES MOVING,REAR END,STRAIGHT & LEVEL,DAYLIGHT,,,7/24/2020 8:12:13 AM,False,7234,Accepted,