IncidentID,AgencyORI,AgencyName,IncidentStatusDesc,County,RdwyNumber,Street,RoadwayName,StreetSfx,StreetDir,IntersectionRdwy,IntersectionRdwyName,BetweenStRdwy1,BetweenStRdwyName1,BetweenStRdwy2,BetweenStRdwyName2,Latitude,Longitude,Milepoint,CollisionDate,CollisionTime,UnitsInvolved,MotorVehiclesInvolved,NumberKilled,NumberInjured,Weather,RdwyConditionCode,HitandRun,DirAnalysisCode,MannerofCollision,RdwyCharacter,LightCondition,RampFromRdwyId,RampToRdwyId,AcceptedDate,IsSecondaryCollision,OwnerBadge,IncidentStatus,
26967855,0568000,LOUISVILLE METRO POLICE DEPT,Accepted,JEFFERSON,,3610,KLONDIKE,LN,,,,,,,,38.199923133,-85.643903235,0.060,7/22/2020 12:00:00 AM,1928,2,2,0,0,CLOUDY,DRY,True,1 VEHICLE ENTERING/LEAVING ENTRANCE,ANGLE,STRAIGHT & LEVEL,DAYLIGHT,,,7/23/2020 8:15:06 AM,False,7851,Accepted,
26967822,0568000,LOUISVILLE METRO POLICE DEPT,Accepted,JEFFERSON,,3402,FOREMAN,LN,,,,,,,,38.131903592,-85.700685250,0.030,7/22/2020 12:00:00 AM,0916,1,1,0,0,CLOUDY,WET,False,COLLISION WITH FIXED OBJECT NON - INTERSECTION - FIRST EVENT COLLISION 09 - 32 EXCLUDING 16,SINGLE VEHICLE,STRAIGHT & LEVEL,DAWN,,,7/23/2020 8:12:41 AM,False,2324,Accepted,
26967834,0568000,LOUISVILLE METRO POLICE DEPT,Accepted,JEFFERSON,,,INDIAN,TRL,E,,,,,,,38.169975307,-85.692281900,0.790,7/22/2020 12:00:00 AM,1730,3,3,0,0,CLOUDY,DRY,True,OTHER ROADWAY OR MID-BLOCK COLLISION,REAR TO REAR,STRAIGHT & GRADE,DAYLIGHT,,,7/23/2020 8:13:23 AM,True,5130,Accepted,
26982531,0568000,LOUISVILLE METRO POLICE DEPT,Accepted,JEFFERSON,,112,ALVINA,WAY,,,,,,,,38.149030882,-85.767018355,0.129,7/22/2020 12:00:00 AM,1922,2,2,0,0,CLOUDY,DRY,False,1 VEHICLE PARKED POSITION (NOT PARKING LOT/DRIVEWAY),BACKING,STRAIGHT & LEVEL,DAYLIGHT,,,7/24/2020 8:12:21 AM,False,2936,Accepted,
26967825,0568000,LOUISVILLE METRO POLICE DEPT,Accepted,JEFFERSON,I 0265,,,,,,,,,,,38.296137846,-85.548929211,0.337,7/22/2020 12:00:00 AM,0851,1,1,0,1,CLOUDY,WET,False,COLLISION WITH FIXED OBJECT NOT IN GORE ,SINGLE VEHICLE,CURVE & GRADE,DAYLIGHT,I 0265,KY1447,7/23/2020 8:12:53 AM,False,7772,Accepted,
26967830,0568000,LOUISVILLE METRO POLICE DEPT,Accepted,JEFFERSON,KY1450,,BLUE LICK,RD,,,MUD,,,,,38.087167598,-85.699773628,0.073,7/22/2020 12:00:00 AM,1142,2,2,0,0,CLEAR,DRY,True,OPPOSITE DIRECTION - BOTH VEHICLES GOING STRAIGHT AHEAD,SIDESWIPE-OPPOSITE DIRECTION,CURVE & LEVEL,DAYLIGHT,,,7/23/2020 8:13:08 AM,False,2017,Accepted,
26967832,0568000,LOUISVILLE METRO POLICE DEPT,Accepted,JEFFERSON,KY0864,,FEGENBUSH,LN,,,,KY1065,OUTER,KY1065,BEULAH CHURCH,38.137899558,-85.614691343,4.321,7/22/2020 12:00:00 AM,1245,3,3,0,0,CLOUDY,WET,False,OTHER ROADWAY OR MID-BLOCK COLLISION,REAR END,CURVE & LEVEL,DAYLIGHT,,,7/23/2020 8:13:15 AM,False,6937,Accepted,
26967839,0568000,LOUISVILLE METRO POLICE DEPT,Accepted,JEFFERSON,KY1631,,CRITTENDEN,DR,,,CHICOPEE,,,,,38.193154591,-85.750944700,0.361,7/22/2020 12:00:00 AM,1611,2,2,0,0,CLOUDY,DRY,False,ANGLE COLLISION - OTHER,ANGLE,STRAIGHT & LEVEL,DAYLIGHT,,,7/23/2020 8:13:42 AM,False,5052,Accepted,
26967840,0568000,LOUISVILLE METRO POLICE DEPT,Accepted,JEFFERSON,KY0907,9208,3RD ST,RD,,,,,,,,38.116530396,-85.818594667,3.020,7/22/2020 12:00:00 AM,1855,1,1,0,0,RAINING,WET,False,OTHER ROADWAY OR MID-BLOCK COLLISION,SINGLE VEHICLE,STRAIGHT & LEVEL,DAYLIGHT,,,7/23/2020 8:13:46 AM,False,7174,Accepted,
26967842,0568000,LOUISVILLE METRO POLICE DEPT,Accepted,JEFFERSON,,2507,DUMESNIL,ST,,,,,,,,38.236363636,-85.796782485,1.281,7/22/2020 12:00:00 AM,1540,2,2,0,1,CLEAR,DRY,True,OTHER ROADWAY OR MID-BLOCK COLLISION,REAR END,STRAIGHT & LEVEL,DAYLIGHT,,,7/23/2020 8:14:09 AM,False,5151,Accepted,
26967847,0568000,LOUISVILLE METRO POLICE DEPT,Accepted,JEFFERSON,,,BROADWAY,,W,,,,LINDELL,,SUTCLIFFE,38.250033209,-85.812109664,1.302,7/22/2020 12:00:00 AM,2129,2,2,0,3,CLEAR,DRY,False,HEAD-ON COLLISION,HEAD ON,STRAIGHT & LEVEL,DAWN,,,7/23/2020 8:14:32 AM,False,5290,Accepted,
26982532,0568000,LOUISVILLE METRO POLICE DEPT,Accepted,JEFFERSON,I 0065,,I65 N,,,,,,,,,38.128791778,-85.702286469,126.112,7/22/2020 12:00:00 AM,0739,3,3,0,0,RAINING,WET,False,1 VEHICLE ENTERING/LEAVING ENTRANCE,ANGLE,CURVE & LEVEL,DAYLIGHT,,,7/24/2020 8:12:25 AM,False,7720,Accepted,
26982539,0568000,LOUISVILLE METRO POLICE DEPT,Accepted,JEFFERSON,KY1865,,TAYLOR,BLVD,,,BICKNELL,,,,,38.183214162,-85.783770224,5.292,7/22/2020 12:00:00 AM,1215,3,3,0,0,CLOUDY,WET,False,OTHER INTERSECTION COLLISIONS,REAR END,STRAIGHT & LEVEL,DAYLIGHT,,,7/24/2020 8:12:49 AM,False,7468,Accepted,
27012410,0568000,LOUISVILLE METRO POLICE DEPT,Accepted,JEFFERSON,,,WITHERSPOON,ST,E,,ADAMS,,,,,38.260226421,-85.736667954,0.873,7/22/2020 12:00:00 AM,1138,1,1,0,0,CLEAR,DRY,True,COLLISION WITH BICYCLE IN INTERSECTION,SINGLE VEHICLE,CURVE & LEVEL,DAYLIGHT,,,7/29/2020 8:58:41 AM,False,7058,Accepted,
27031481,0568000,LOUISVILLE METRO POLICE DEPT,Accepted,JEFFERSON,US0031E,7901,BARDSTOWN,RD,,,,,,,,38.133417837,-85.579291184,4.320,7/22/2020 12:00:00 AM,2255,2,2,0,0,CLOUDY,DRY,False,COLLISION IN PARKING LOT,BACKING,STRAIGHT & LEVEL,DARK (UNKNOWN ROADWAY LIGHTING),,,8/3/2020 8:39:51 AM,False,5014,Accepted,
28056424,0568000,LOUISVILLE METRO POLICE DEPT,Accepted,JEFFERSON,,,PHILLIPS,LN,,,ADAIR,,,,,38.191205336,-85.749472990,0.108,7/22/2020 12:00:00 AM,1554,2,2,0,0,CLEAR,DRY,False,OTHER INTERSECTION COLLISIONS,REAR END,CURVE & LEVEL,DAYLIGHT,,,4/26/2021 9:29:08 AM,False,7402,Accepted,
27187124,0568000,LOUISVILLE METRO POLICE DEPT,Accepted,JEFFERSON,,121,WEISSER,AVE,,,,US0060,FRANKFORT,,INGLE,38.252883213,-85.670969372,0.104,7/21/2020 12:00:00 AM,1045,2,2,0,0,CLEAR,DRY,False,1 VEHICLE PARKED POSITION (NOT PARKING LOT/DRIVEWAY),SIDESWIPE-SAME DIRECTION,STRAIGHT & LEVEL,DAYLIGHT,,,9/9/2020 8:37:25 AM,False,7180,Accepted,
27158545,0568000,LOUISVILLE METRO POLICE DEPT,Accepted,JEFFERSON,,400B,38TH,ST,S,,,,,,,38.259144180,-85.811975574,0.284,7/21/2020 12:00:00 AM,1631,3,3,0,0,CLEAR,DRY,False,HEAD-ON COLLISION,HEAD ON,STRAIGHT & LEVEL,DAYLIGHT,,,9/2/2020 9:02:59 AM,False,5000,Accepted,
27012432,0568000,LOUISVILLE METRO POLICE DEPT,Accepted,JEFFERSON,KY1932,,BRECKENRIDGE,LN,,,,,HIKES,KY0155,TAYLORSVILLE,38.219042654,-85.629306246,2.765,7/21/2020 12:00:00 AM,1657,2,2,0,1,CLEAR,DRY,False,1 VEHICLE ENTERING/LEAVING ENTRANCE,ANGLE,STRAIGHT & LEVEL,DAYLIGHT,,,7/29/2020 8:59:41 AM,False,7482,Accepted,
27012430,0568000,LOUISVILLE METRO POLICE DEPT,Accepted,JEFFERSON,,1725,PATTON,CT,,,,,,,,38.223412763,-85.778641182,0.107,7/21/2020 12:00:00 AM,1358,2,2,0,0,CLOUDY,DRY,True,1 VEHICLE PARKED POSITION (NOT PARKING LOT/DRIVEWAY),SIDESWIPE-SAME DIRECTION,STRAIGHT & LEVEL,DAYLIGHT,,,7/29/2020 8:59:37 AM,False,7091,Accepted,
27008298,0561500,UNIV. OF LOUISVILLE POLICE,Accepted,JEFFERSON,US0150,315,BROADWAY,,E,,FLOYD,,,,,38.245575975,-85.750410053,2.804,7/21/2020 12:00:00 AM,1215,2,1,0,1,CLEAR,DRY,False,COLLISION IN PARKING LOT,SINGLE VEHICLE,STRAIGHT & LEVEL,DAYLIGHT,,,7/28/2020 11:01:39 AM,False,5672,Accepted,
26992199,0568000,LOUISVILLE METRO POLICE DEPT,Accepted,JEFFERSON,,101,COLONIAL OAKS,CT,,,,,,,,38.174821336,-85.759733280,0.315,7/21/2020 12:00:00 AM,1615,2,2,0,3,CLEAR,DRY,True,COLLISION IN PARKING LOT,ANGLE,CURVE & LEVEL,DAYLIGHT,,,7/27/2020 8:16:39 AM,False,2745,Accepted,
26992250,0568000,LOUISVILLE METRO POLICE DEPT,Accepted,JEFFERSON,,,LARCHMONT,AVE,,,LINDBERGH,,,,,38.212329077,-85.782211124,0.537,7/21/2020 12:00:00 AM,1203,3,3,0,0,CLEAR,DRY,False,ANGLE COLLISION - OTHER,ANGLE,STRAIGHT & LEVEL,DAYLIGHT,,,7/27/2020 8:20:15 AM,False,5123,Accepted,
26983726,0568000,LOUISVILLE METRO POLICE DEPT,Accepted,JEFFERSON,US0031W,,22ND,ST,S,,,,,,,38.238057371,-85.790178974,18.788,7/21/2020 12:00:00 AM,1750,2,2,0,0,CLEAR,DRY,True,1 VEHICLE ENTERING/LEAVING ENTRANCE,ANGLE,CURVE & LEVEL,DAYLIGHT,,,7/24/2020 12:48:06 PM,False,7326,Accepted,
26963529,0568000,LOUISVILLE METRO POLICE DEPT,Accepted,JEFFERSON,,,RIVER PARK,DR,,I 0264,I264 E EXIT2 ON RAMP FROM  RIVER PARK DR,,,,,38.254340956,-85.806514368,1.121,7/21/2020 12:00:00 AM,1735,2,2,0,0,CLEAR,DRY,False,ANGLE COLLISION - OTHER,ANGLE,STRAIGHT & LEVEL,DAYLIGHT,,,7/22/2020 8:43:42 AM,False,5003,Accepted,
26963530,0568000,LOUISVILLE METRO POLICE DEPT,Accepted,JEFFERSON,US0031W,,DIXIE,HWY,,,UPPER HUNTERS,,,,,38.168440539,-85.828683481,13.264,7/21/2020 12:00:00 AM,0930,2,2,0,1,CLEAR,DRY,False,OTHER INTERSECTION COLLISIONS,REAR END,STRAIGHT & LEVEL,DARK-HWY LIGHTED/ON,,,7/22/2020 8:43:46 AM,False,7267,Accepted,
26958556,0568000,LOUISVILLE METRO POLICE DEPT,Accepted,JEFFERSON,,2139,LEXINGTON,RD,,,,,,,,38.247341923,-85.707550275,1.533,7/21/2020 12:00:00 AM,0342,1,1,0,0,CLEAR,DRY,True,OTHER COLLISIONS ON SHOULDER,SINGLE VEHICLE,CURVE & LEVEL,DARK-HWY NOT LIGHTED,,,7/21/2020 8:17:25 AM,False,7049,Accepted,
26992195,0568000,LOUISVILLE METRO POLICE DEPT,Accepted,JEFFERSON,US0150,,BROADWAY,,E,KY0061,PRESTON,,,,,38.245341417,-85.747693570,2.958,7/21/2020 12:00:00 AM,1300,2,2,0,0,CLOUDY,DRY,True,SIDESWIPE-SAME DIRECTION,SIDESWIPE-SAME DIRECTION,STRAIGHT & LEVEL,DAYLIGHT,,,7/27/2020 8:16:23 AM,False,2403,Accepted,
26963520,0568000,LOUISVILLE METRO POLICE DEPT,Accepted,JEFFERSON,I 0064,,,,,,,,,,,38.257917509,-85.741849047,0.304,7/21/2020 12:00:00 AM,1436,1,1,0,1,CLEAR,DRY,False,COLLISION WITH FIXED OBJECT NOT IN GORE ,SINGLE VEHICLE,CURVE & GRADE,DAYLIGHT,I 0064,I 0065,7/22/2020 8:43:19 AM,False,8278,Accepted,
26963527,0568000,LOUISVILLE METRO POLICE DEPT,Accepted,JEFFERSON,,,CAMP GROUND,RD,,,SENN,,,,,38.205965369,-85.851143298,0.270,7/21/2020 12:00:00 AM,1645,2,2,0,0,CLEAR,DRY,True,HEAD-ON COLLISION,HEAD ON,CURVE & LEVEL,DAYLIGHT,,,7/22/2020 8:43:39 AM,False,7346,Accepted,
26983719,0568000,LOUISVILLE METRO POLICE DEPT,Accepted,JEFFERSON,,,FRANKLIN,ST,,,BUCHANAN,,,,,38.256899799,-85.731411412,0.513,7/21/2020 12:00:00 AM,1430,2,1,0,0,CLEAR,DRY,False,COLLISION WITH BICYCLE IN INTERSECTION,SINGLE VEHICLE,STRAIGHT & LEVEL,DAYLIGHT,,,7/24/2020 12:47:43 PM,False,2403,Accepted,
26982162,0560400,SHIVELY POLICE DEPARTMENT,Accepted,JEFFERSON,,,4TH,ST,S,,LEE,,,,,38.223332775,-85.762349408,2.312,7/21/2020 12:00:00 AM,1219,3,3,0,3,CLEAR,DRY,False,ANGLE COLLISION - OTHER,ANGLE,STRAIGHT & LEVEL,DAYLIGHT,,,7/24/2020 7:13:24 AM,False,7106,Accepted,
26967824,0568000,LOUISVILLE METRO POLICE DEPT,Accepted,JEFFERSON,I 0064,,I64 E,,,,,,,,,38.242091449,-85.685907911,8.984,7/21/2020 12:00:00 AM,1559,2,2,0,1,CLEAR,DRY,False,REAR END IN TRAFFIC LANES BOTH VEHICLES MOVING,REAR END,CURVE & GRADE,DAYLIGHT,,,7/23/2020 8:12:49 AM,False,8278,Accepted,
26963512,0568000,LOUISVILLE METRO POLICE DEPT,Accepted,JEFFERSON,I 0065,,I65 S,,,I 0065,I65 S EXIT133 ON RAMP FROM  EASTERN PKWY,,,,,38.210008261,-85.753108516,132.751,7/21/2020 12:00:00 AM,0827,2,2,0,1,CLEAR,DRY,False,SIDESWIPE-SAME DIRECTION,SIDESWIPE-SAME DIRECTION,CURVE & GRADE,DAYLIGHT,,,7/22/2020 8:42:55 AM,False,7720,Accepted,
26963513,0568000,LOUISVILLE METRO POLICE DEPT,Accepted,JEFFERSON,KY1065,4900,OUTER,LOOP,,,,,,,,38.137657790,-85.669228219,7.013,7/21/2020 12:00:00 AM,1302,1,1,0,0,CLEAR,DRY,False,COLLISION IN PARKING LOT,SINGLE VEHICLE,STRAIGHT & LEVEL,DAYLIGHT,,,7/22/2020 8:42:58 AM,False,2017,Accepted,
26963519,0568000,LOUISVILLE METRO POLICE DEPT,Accepted,JEFFERSON,,,BLOOM,ST,E,,,,BROOK,,FLOYD,38.221352447,-85.755629327,0.212,7/21/2020 12:00:00 AM,1415,2,2,0,1,CLEAR,DRY,False,1 VEHICLE PARKED POSITION (NOT PARKING LOT/DRIVEWAY),HEAD ON,STRAIGHT & LEVEL,DAYLIGHT,,,7/22/2020 8:43:15 AM,False,7418,Accepted,
26963540,0568000,LOUISVILLE METRO POLICE DEPT,Accepted,JEFFERSON,,,HILL,ST,W,,25TH,,,,,38.229940830,-85.797066317,2.214,7/21/2020 12:00:00 AM,2350,2,2,0,1,CLEAR,DRY,True,ANGLE COLLISION - OTHER,ANGLE,STRAIGHT & LEVEL,DARK-HWY LIGHTED/ON,,,7/22/2020 8:44:31 AM,False,5039,Accepted,
26963532,0568000,LOUISVILLE METRO POLICE DEPT,Accepted,JEFFERSON,US0060,,SHELBYVILLE,RD,,,,,LONG RUN,,ASH RUN,38.237074904,-85.439499147,15.691,7/21/2020 12:00:00 AM,2016,2,2,0,0,CLEAR,DRY,False,OTHER ROADWAY OR MID-BLOCK COLLISION,OPPOSING LEFT TURN,STRAIGHT & HILLCREST,DAYLIGHT,,,7/22/2020 8:44:02 AM,False,7339,Accepted,
26963515,0568000,LOUISVILLE METRO POLICE DEPT,Accepted,JEFFERSON,,,42ND,ST,N,,NORTHWESTERN,,,,,38.273773113,-85.814959097,,7/21/2020 12:00:00 AM,1159,2,2,0,0,CLEAR,DRY,True,COLLISION WITH PARKED VEHICLE,ANGLE,STRAIGHT & GRADE,DAYLIGHT,,,7/22/2020 8:43:05 AM,False,5000,Accepted,
26963523,0568000,LOUISVILLE METRO POLICE DEPT,Accepted,JEFFERSON,KY0864,4520,POPLAR LEVEL,RD,,,,,,,,38.187989358,-85.702255078,10.713,7/21/2020 12:00:00 AM,0734,1,1,0,0,CLEAR,DRY,False,COLLISION WITH FIXED OBJECT NON - INTERSECTION - FIRST EVENT COLLISION 09 - 32 EXCLUDING 16,SINGLE VEHICLE,STRAIGHT & LEVEL,DAYLIGHT,,,7/22/2020 8:43:26 AM,False,7451,Accepted,
26958551,0568000,LOUISVILLE METRO POLICE DEPT,Accepted,JEFFERSON,,,PAYNE,ST,,US0031E,BAXTER,,,,,38.246431785,-85.728861259,0.095,7/21/2020 12:00:00 AM,0014,2,2,0,0,CLEAR,DRY,False,OPPOSITE DIRECTION - BOTH VEHICLES GOING STRAIGHT AHEAD,SIDESWIPE-OPPOSITE DIRECTION,STRAIGHT & LEVEL,DARK-HWY LIGHTED/ON,,,7/21/2020 8:17:17 AM,False,5271,Accepted,
26958554,0568000,LOUISVILLE METRO POLICE DEPT,Accepted,JEFFERSON,I 0071,,I71 N,,,,,,,,,38.300098371,-85.616210161,6.939,7/21/2020 12:00:00 AM,0135,1,1,0,0,CLEAR,DRY,False,OTHER COLLISIONS ON SHOULDER,SINGLE VEHICLE,STRAIGHT & LEVEL,DARK-HWY LIGHTED/OFF,,,7/21/2020 8:17:21 AM,False,7785,Accepted,
26963517,0568000,LOUISVILLE METRO POLICE DEPT,Accepted,JEFFERSON,,2200,STANLEY GAULT,PKWY,,,,,,,,38.273368772,-85.514363465,0.571,7/21/2020 12:00:00 AM,0813,2,2,0,0,CLOUDY,DRY,False,1 VEHICLE ENTERING/LEAVING ENTRANCE,ANGLE,STRAIGHT & LEVEL,DAYLIGHT,,,7/22/2020 8:43:08 AM,False,7802,Accepted,
26963518,0568000,LOUISVILLE METRO POLICE DEPT,Accepted,JEFFERSON,KY0864,,POPLAR LEVEL,RD,,,PATTERSON,,,,,38.160439641,-85.675682532,8.289,7/21/2020 12:00:00 AM,1336,2,2,0,0,CLEAR,DRY,False,ANGLE COLLISION - OTHER,ANGLE,CURVE & LEVEL,DAYLIGHT,,,7/22/2020 8:43:12 AM,False,4693,Accepted,
26963533,0568000,LOUISVILLE METRO POLICE DEPT,Accepted,JEFFERSON,,,CHESTNUT,ST,E,KY0061,JACKSON,,,,,38.247509123,-85.745232926,0.420,7/21/2020 12:00:00 AM,2111,3,3,0,0,CLEAR,DRY,False,ANGLE COLLISION - OTHER,ANGLE,STRAIGHT & LEVEL,DUSK,,,7/22/2020 8:44:05 AM,False,7386,Accepted,
26963541,0568000,LOUISVILLE METRO POLICE DEPT,Accepted,JEFFERSON,I 0064,,I64 E,,,,,,,,,38.230587495,-85.601628067,13.727,7/21/2020 12:00:00 AM,2328,2,2,0,0,CLOUDY,WET,False,REAR END IN TRAFFIC LANES BOTH VEHICLES MOVING,REAR END,STRAIGHT & LEVEL,DARK-HWY LIGHTED/OFF,,,7/22/2020 8:44:35 AM,False,7055,Accepted,
26963507,0568000,LOUISVILLE METRO POLICE DEPT,Accepted,JEFFERSON,US0060A,,3RD,ST,S,,,US0060A,WINKLER,US0060A,EASTERN,38.211462590,-85.762744192,3.249,7/21/2020 12:00:00 AM,1026,1,1,0,0,CLEAR,DRY,False,OTHER ROADWAY OR MID-BLOCK COLLISION,SINGLE VEHICLE,STRAIGHT & GRADE,DAYLIGHT,,,7/22/2020 8:42:39 AM,False,7872,Accepted,
26963509,0568000,LOUISVILLE METRO POLICE DEPT,Accepted,JEFFERSON,,,HANCOCK,ST,S,,GRAY,,,,,38.246074533,-85.743388890,0.622,7/21/2020 12:00:00 AM,1025,3,3,0,1,CLEAR,DRY,False,ANGLE COLLISION - OTHER,ANGLE,STRAIGHT & LEVEL,DAYLIGHT,,,7/22/2020 8:42:45 AM,False,2855,Accepted,
26963531,0568000,LOUISVILLE METRO POLICE DEPT,Accepted,JEFFERSON,,,4TH,ST,S,,,,BRANDEIS,,INDUSTRY,38.217903625,-85.763312888,2.696,7/21/2020 12:00:00 AM,1332,2,2,0,5,CLEAR,DRY,False,REAR END IN TRAFFIC LANES BOTH VEHICLES MOVING,REAR END,STRAIGHT & LEVEL,DAYLIGHT,,,7/22/2020 8:43:49 AM,False,7322,Accepted,
27061067,0568000,LOUISVILLE METRO POLICE DEPT,Accepted,JEFFERSON,US0150,,BROADWAY,,E,KY0061,PRESTON,,,,,38.245300529,-85.747676043,2.960,7/21/2020 12:00:00 AM,1300,2,2,0,0,CLEAR,DRY,True,COLLISION WITH PARKED VEHICLE,SIDESWIPE-SAME DIRECTION,STRAIGHT & LEVEL,DAYLIGHT,,,8/10/2020 11:48:05 AM,False,2403,Accepted,
27076087,0568000,LOUISVILLE METRO POLICE DEPT,Accepted,JEFFERSON,US0150,,BROADWAY,,E,KY0864,CAMPBELL,,,,,38.244542198,-85.737526677,3.512,7/21/2020 12:00:00 AM,1907,2,2,0,0,CLEAR,DRY,False,ANGLE COLLISION - ONE VEHICLE TURNING LEFT,ANGLE,STRAIGHT & LEVEL,DAYLIGHT,,,8/13/2020 2:50:33 PM,False,5173,Accepted,
27117906,0568000,LOUISVILLE METRO POLICE DEPT,Accepted,JEFFERSON,KY1020,949,3RD,ST,S,,,,,,,38.240007631,-85.757834237,11.683,7/20/2020 12:00:00 AM,1511,2,2,0,0,RAINING,WET,False,1 VEHICLE PARKED POSITION (NOT PARKING LOT/DRIVEWAY),REAR END,STRAIGHT & LEVEL,DAYLIGHT,,,8/24/2020 8:17:02 AM,False,7441,Accepted,
26963514,0568000,LOUISVILLE METRO POLICE DEPT,Accepted,JEFFERSON,US0031W,,DIXIE,HWY,,,,,,,,38.154659604,-85.835458169,12.348,7/20/2020 12:00:00 AM,1316,2,2,0,0,CLEAR,DRY,False,OTHER ROADWAY OR MID-BLOCK COLLISION,REAR END,STRAIGHT & LEVEL,DAYLIGHT,,,7/22/2020 8:43:02 AM,False,7234,Accepted,
26958535,0568000,LOUISVILLE METRO POLICE DEPT,Accepted,JEFFERSON,,,NORRIS,PL,,,SHADY,,,,,38.227875194,-85.709223728,0.315,7/20/2020 12:00:00 AM,1253,2,2,0,2,CLOUDY,DRY,False,ANGLE COLLISION - OTHER,ANGLE,STRAIGHT & LEVEL,DAYLIGHT,,,7/21/2020 8:16:10 AM,False,7960,Accepted,
26958536,0568000,LOUISVILLE METRO POLICE DEPT,Accepted,JEFFERSON,,,SOUTHERN,PKWY,,,BURKLEY,,,,,38.179910216,-85.770991657,0.190,7/20/2020 12:00:00 AM,1556,3,3,0,3,RAINING,WET,False,HEAD-ON COLLISION,HEAD ON,STRAIGHT & LEVEL,DAYLIGHT,,,7/21/2020 8:16:14 AM,False,7418,Accepted,
26958542,0568000,LOUISVILLE METRO POLICE DEPT,Accepted,JEFFERSON,I 0071,,I71 S,,,,,,,,,38.290364749,-85.646928858,5.062,7/20/2020 12:00:00 AM,1654,1,1,0,1,RAINING,WET,False,RAN OFF ROADWAY (1 VEHICLE WITH/EARTH EMBANKMENT/DITCH),SINGLE VEHICLE,CURVE & LEVEL,DAYLIGHT,,,7/21/2020 8:16:38 AM,False,7355,Accepted,
26958543,0568000,LOUISVILLE METRO POLICE DEPT,Accepted,JEFFERSON,,,CHAMBERLAIN,LN,,,,,,,,38.289715782,-85.516146431,0.237,7/20/2020 12:00:00 AM,1500,2,2,0,1,CLOUDY,DRY,False,1 VEHICLE ENTERING/LEAVING ENTRANCE,ANGLE,STRAIGHT & LEVEL,DAYLIGHT,,,7/21/2020 8:16:42 AM,False,6830,Accepted,
26963508,0568000,LOUISVILLE METRO POLICE DEPT,Accepted,JEFFERSON,KY0864,,POPLAR LEVEL,RD,,,TREVILIAN,,,,,38.205399052,-85.712891301,12.072,7/20/2020 12:00:00 AM,1000,2,2,0,0,CLEAR,DRY,False,OTHER INTERSECTION COLLISIONS,REAR END,STRAIGHT & LEVEL,DAYLIGHT,,,7/22/2020 8:42:42 AM,False,2532,Accepted,
26963506,0568000,LOUISVILLE METRO POLICE DEPT,Accepted,JEFFERSON,KY1703,,BAXTER,AVE,,,CASTLEWOOD,,,,,38.230286681,-85.716313395,4.869,7/20/2020 12:00:00 AM,1857,2,2,0,3,CLEAR,DRY,False,ANGLE COLLISION - OTHER,ANGLE,STRAIGHT & GRADE,DAYLIGHT,,,7/22/2020 8:42:35 AM,False,2230,Accepted,
26958526,0568000,LOUISVILLE METRO POLICE DEPT,Accepted,JEFFERSON,KY1865,,NEW CUT,RD,,KY0907,3RD ST,,,,,38.145830830,-85.775267932,2.669,7/20/2020 12:00:00 AM,1111,2,2,0,1,CLEAR,DRY,False,ANGLE COLLISION - OTHER,ANGLE,STRAIGHT & LEVEL,DAYLIGHT,,,7/21/2020 8:15:39 AM,False,7139,Accepted,
26958527,0568000,LOUISVILLE METRO POLICE DEPT,Accepted,JEFFERSON,US0031W,4900,DIXIE,HWY,,,,,,,,38.168985782,-85.828293921,13.309,7/20/2020 12:00:00 AM,1138,2,2,0,1,CLEAR,DRY,False,OTHER ROADWAY OR MID-BLOCK COLLISION,REAR END,STRAIGHT & LEVEL,DAYLIGHT,,,7/21/2020 8:15:43 AM,False,7524,Accepted,
26958528,0568000,LOUISVILLE METRO POLICE DEPT,Accepted,JEFFERSON,,2335,KENTUCKY,ST,W,,,,,,,38.243082547,-85.793696463,1.638,7/20/2020 12:00:00 AM,1253,1,1,0,0,CLEAR,DRY,False,COLLISION WITH FIXED OBJECT NON - INTERSECTION - FIRST EVENT COLLISION 09 - 32 EXCLUDING 16,SINGLE VEHICLE,STRAIGHT & LEVEL,DAYLIGHT,,,7/21/2020 8:15:47 AM,False,7326,Accepted,
26958537,0568000,LOUISVILLE METRO POLICE DEPT,Accepted,JEFFERSON,US0031E,,BARDSTOWN,RD,,,VILLAGE,,,,,38.225710656,-85.696485222,13.799,7/20/2020 12:00:00 AM,1630,2,2,0,0,RAINING,WET,False,ANGLE COLLISION - OTHER,ANGLE,STRAIGHT & LEVEL,DAYLIGHT,,,7/21/2020 8:16:19 AM,False,7570,Accepted,
26953350,0568000,LOUISVILLE METRO POLICE DEPT,Accepted,JEFFERSON,,,CHESTNUT,ST,W,,28TH,,,,,38.253403919,-85.797712504,0.175,7/20/2020 12:00:00 AM,0654,2,2,0,3,CLEAR,DRY,False,ANGLE COLLISION - OTHER,ANGLE,STRAIGHT & LEVEL,DAWN,,,7/20/2020 8:18:39 AM,False,7361,Accepted,