IncidentID,AgencyORI,AgencyName,IncidentStatusDesc,County,RdwyNumber,Street,RoadwayName,StreetSfx,StreetDir,IntersectionRdwy,IntersectionRdwyName,BetweenStRdwy1,BetweenStRdwyName1,BetweenStRdwy2,BetweenStRdwyName2,Latitude,Longitude,Milepoint,CollisionDate,CollisionTime,UnitsInvolved,MotorVehiclesInvolved,NumberKilled,NumberInjured,Weather,RdwyConditionCode,HitandRun,DirAnalysisCode,MannerofCollision,RdwyCharacter,LightCondition,RampFromRdwyId,RampToRdwyId,AcceptedDate,IsSecondaryCollision,OwnerBadge,IncidentStatus,
26956803,0560400,SHIVELY POLICE DEPARTMENT,Accepted,JEFFERSON,KY1934,,CANE RUN,RD,,KY2049,CRUMS,,,,,38.199383895,-85.837192591,9.194,7/20/2020 12:00:00 AM,1000,3,3,0,1,CLEAR,DRY,False,ANGLE COLLISION - OTHER,ANGLE,STRAIGHT & LEVEL,DAYLIGHT,,,7/20/2020 7:41:36 PM,False,7085,Accepted,
26953343,0568000,LOUISVILLE METRO POLICE DEPT,Accepted,JEFFERSON,KY3082,,BANK,ST,,,25TH,,,,,38.268386040,-85.788433967,1.238,7/20/2020 12:00:00 AM,0239,1,1,0,0,CLEAR,DRY,True,OTHER INTERSECTION COLLISIONS,SINGLE VEHICLE,STRAIGHT & LEVEL,DARK-HWY LIGHTED/ON,,,7/20/2020 8:17:22 AM,False,5047,Accepted,
26963539,0568000,LOUISVILLE METRO POLICE DEPT,Accepted,JEFFERSON,,5616,JEANINE,DR,,,,,NORENE,,CAROLYN,38.167849435,-85.688069816,0.708,7/20/2020 12:00:00 AM,2255,1,1,0,2,CLEAR,DRY,False,COLLISION WITH FIXED OBJECT NON - INTERSECTION - FIRST EVENT COLLISION 09 - 32 EXCLUDING 16,SINGLE VEHICLE,STRAIGHT & LEVEL,DARK-HWY LIGHTED/ON,,,7/22/2020 8:44:26 AM,False,5053,Accepted,
26967846,0568000,LOUISVILLE METRO POLICE DEPT,Accepted,JEFFERSON,,8101,WENDAMOOR,DR,,,,,,,,38.123035358,-85.613018110,0.062,7/20/2020 12:00:00 AM,0045,2,2,0,0,CLEAR,DRY,True,1 VEHICLE PARKED POSITION (NOT PARKING LOT/DRIVEWAY),HEAD ON,STRAIGHT & LEVEL,DARK-HWY LIGHTED/ON,,,7/23/2020 8:14:28 AM,False,5014,Accepted,
26953339,0568000,LOUISVILLE METRO POLICE DEPT,Accepted,JEFFERSON,US0031E,,BARDSTOWN,RD,,,SPEED,,,,,38.228449828,-85.701054363,14.123,7/20/2020 12:00:00 AM,0155,2,2,0,1,CLEAR,DRY,False,OTHER INTERSECTION COLLISIONS,REAR END,STRAIGHT & LEVEL,DARK-HWY LIGHTED/ON,,,7/20/2020 8:17:04 AM,False,2816,Accepted,
26953348,0568000,LOUISVILLE METRO POLICE DEPT,Accepted,JEFFERSON,,,BLUEGRASS,AVE,,,HAZELWOOD,,,,,38.179415370,-85.788239395,0.580,7/20/2020 12:00:00 AM,0653,1,1,0,0,CLEAR,DRY,False,COLLISION WITH FIXED OBJECT IN INTERSECTION - FIRST EVENT COLLISION 09 - 32,SINGLE VEHICLE,STRAIGHT & LEVEL,DAYLIGHT,,,7/20/2020 8:17:37 AM,False,5284,Accepted,
26958524,0568000,LOUISVILLE METRO POLICE DEPT,Accepted,JEFFERSON,I 0065,,I65 N,,,,,,,,,38.096310455,-85.700663761,123.870,7/20/2020 12:00:00 AM,0823,2,2,0,0,CLEAR,DRY,False,SIDESWIPE COLLISION - SAME DIRECTION,SIDESWIPE-SAME DIRECTION,STRAIGHT & LEVEL,DAYLIGHT,,,7/21/2020 8:15:30 AM,False,4903,Accepted,
26958533,0568000,LOUISVILLE METRO POLICE DEPT,Accepted,JEFFERSON,,,DIXIE,HWY,,KY2054,ALGONQUIN,,,,,38.223163065,-85.792504090,1.868,7/20/2020 12:00:00 AM,1523,2,2,0,1,RAINING,WET,False,ANGLE COLLISION - OTHER,ANGLE,STRAIGHT & LEVEL,DAYLIGHT,,,7/21/2020 8:16:02 AM,False,7070,Accepted,
26963535,0568000,LOUISVILLE METRO POLICE DEPT,Accepted,JEFFERSON,KY1865,,TAYLOR,BLVD,,,BLUEGRASS,,,,,38.179611420,-85.783267767,5.029,7/20/2020 12:00:00 AM,2317,2,2,0,0,CLEAR,DRY,False,OTHER INTERSECTION COLLISIONS,REAR END,STRAIGHT & LEVEL,DARK-HWY LIGHTED/ON,,,7/22/2020 8:44:10 AM,False,7040,Accepted,
26982544,0568000,LOUISVILLE METRO POLICE DEPT,Accepted,JEFFERSON,KY0061,,PRESTON,ST,S,US0031E,MARKET,,,,,38.254241721,-85.746052184,12.861,7/20/2020 12:00:00 AM,0237,4,4,0,1,CLEAR,DRY,True,OTHER INTERSECTION COLLISIONS,REAR END,STRAIGHT & LEVEL,DARK-HWY LIGHTED/ON,,,7/24/2020 8:13:08 AM,False,5122,Accepted,
26958531,0568000,LOUISVILLE METRO POLICE DEPT,Accepted,JEFFERSON,,,BROOK,ST,S,US0031E,MARKET,,,,,38.254538359,-85.750162500,3.490,7/20/2020 12:00:00 AM,1536,2,2,0,0,RAINING,WET,False,ANGLE COLLISION - OTHER,ANGLE,STRAIGHT & LEVEL,DAYLIGHT,,,7/21/2020 8:15:58 AM,False,7216,Accepted,
26958550,0568000,LOUISVILLE METRO POLICE DEPT,Accepted,JEFFERSON,US0031E,,BARDSTOWN,RD,,,KENTUCKY,,,,,38.159698188,-85.591970982,6.263,7/20/2020 12:00:00 AM,2250,2,2,0,1,CLEAR,DRY,False,ANGLE COLLISION - OTHER,ANGLE,STRAIGHT & LEVEL,DARK-HWY LIGHTED/ON,,,7/21/2020 8:17:13 AM,False,7761,Accepted,
26982558,0568000,LOUISVILLE METRO POLICE DEPT,Accepted,JEFFERSON,KY1934,,CANE RUN,RD,,,,,,,,38.197384968,-85.840047103,8.984,7/19/2020 12:00:00 AM,0705,2,2,0,1,CLEAR,DRY,False,SIDESWIPE COLLISION - SAME DIRECTION,SIDESWIPE-SAME DIRECTION,STRAIGHT & LEVEL,DAYLIGHT,,,7/24/2020 8:13:50 AM,False,5265,Accepted,
26967853,0568000,LOUISVILLE METRO POLICE DEPT,Accepted,JEFFERSON,,4531,DOVER,RD,,,,,,,,38.182194414,-85.836438967,1.013,7/19/2020 12:00:00 AM,2307,1,1,0,0,CLEAR,DRY,False,COLLISION WITH FIXED OBJECT NON - INTERSECTION - FIRST EVENT COLLISION 09 - 32 EXCLUDING 16,SINGLE VEHICLE,STRAIGHT & LEVEL,DARK-HWY LIGHTED/OFF,,,7/23/2020 8:14:58 AM,False,5216,Accepted,
27012389,0568000,LOUISVILLE METRO POLICE DEPT,Accepted,JEFFERSON,KY0061,,PRESTON,ST,S,,LYNN,,,,,38.217643882,-85.745949408,10.467,7/19/2020 12:00:00 AM,1609,2,2,0,0,CLEAR,DRY,False,ANGLE COLLISION - OTHER,ANGLE,STRAIGHT & LEVEL,DAYLIGHT,,,7/29/2020 8:57:37 AM,False,5186,Accepted,
26953340,0568000,LOUISVILLE METRO POLICE DEPT,Accepted,JEFFERSON,KY1931,,MANSLICK,RD,,,,,,,,38.167829312,-85.797304467,6.414,7/19/2020 12:00:00 AM,2350,2,2,0,0,CLEAR,DRY,False,REAR END IN TRAFFIC LANES BOTH VEHICLES MOVING,REAR END,STRAIGHT & LEVEL,DARK-HWY LIGHTED/ON,,,7/20/2020 8:17:08 AM,False,5224,Accepted,
26953347,0568000,LOUISVILLE METRO POLICE DEPT,Accepted,JEFFERSON,US0031E,900B,BAXTER,AVE,,,,,,,,38.240386529,-85.724378156,15.662,7/19/2020 12:00:00 AM,0216,2,1,0,1,CLEAR,DRY,True,COLLISION IN PARKING LOT,SINGLE VEHICLE,CURVE & LEVEL,DARK-HWY LIGHTED/ON,,,7/20/2020 8:17:33 AM,False,7376,Accepted,
26953323,0568000,LOUISVILLE METRO POLICE DEPT,Accepted,JEFFERSON,,,BROOK,ST,S,,OAK,,,,,38.234373586,-85.753768199,2.066,7/19/2020 12:00:00 AM,1450,2,2,0,0,CLEAR,DRY,False,HEAD-ON COLLISION,HEAD ON,STRAIGHT & LEVEL,DAYLIGHT,,,7/20/2020 8:16:29 AM,False,7495,Accepted,
26953329,0568000,LOUISVILLE METRO POLICE DEPT,Accepted,JEFFERSON,US0060A,,TAYLOR,BLVD,,,CENTRAL,,,,,38.206353785,-85.776228057,2.291,7/19/2020 12:00:00 AM,1820,2,2,0,1,CLEAR,DRY,False,ANGLE COLLISION - OTHER,ANGLE,STRAIGHT & LEVEL,DAYLIGHT,,,7/20/2020 8:16:43 AM,False,7360,Accepted,
26953331,0568000,LOUISVILLE METRO POLICE DEPT,Accepted,JEFFERSON,I 0065,,I65 N,,,,,,,,,38.173973797,-85.719845854,129.442,7/19/2020 12:00:00 AM,0717,1,1,0,0,CLEAR,DRY,False,COLLISION WITH FIXED OBJECT NON - INTERSECTION - FIRST EVENT COLLISION 09 - 32 EXCLUDING 16,SINGLE VEHICLE,CURVE & GRADE,DAYLIGHT,,,7/20/2020 8:16:47 AM,False,5019,Accepted,
26953315,0568000,LOUISVILLE METRO POLICE DEPT,Accepted,JEFFERSON,KY1934,,CANE RUN,RD,,,CRUMS,,,,,38.195308449,-85.842546239,8.785,7/19/2020 12:00:00 AM,1423,2,2,0,0,CLEAR,DRY,False,OTHER INTERSECTION COLLISIONS,REAR END,STRAIGHT & LEVEL,DAYLIGHT,,,7/20/2020 8:16:12 AM,False,7467,Accepted,
26953321,0568000,LOUISVILLE METRO POLICE DEPT,Accepted,JEFFERSON,KY1747,,FERN VALLEY,RD,,I 0065,I65 N EXIT128 ON RAMP FROM KY1631 E,,,,,38.157597313,-85.716827707,0.833,7/19/2020 12:00:00 AM,1630,2,2,0,1,CLEAR,DRY,False,OPPOSING LEFT TURN,OPPOSING LEFT TURN,STRAIGHT & LEVEL,DAYLIGHT,,,7/20/2020 8:16:25 AM,False,5233,Accepted,
26953256,0568000,LOUISVILLE METRO POLICE DEPT,Accepted,JEFFERSON,,,17TH,ST,S,US0150,BROADWAY,,,,,38.248651207,-85.779856578,0.626,7/19/2020 12:00:00 AM,0241,2,2,0,0,CLEAR,DRY,False,ANGLE COLLISION - OTHER,ANGLE,STRAIGHT & LEVEL,DARK-HWY LIGHTED/ON,,,7/20/2020 8:15:24 AM,False,7417,Accepted,
26967851,0568000,LOUISVILLE METRO POLICE DEPT,Accepted,JEFFERSON,US0031E,,BARDSTOWN,RD,,US0060A,EASTERN,,,,,38.232075241,-85.709457964,14.619,7/19/2020 12:00:00 AM,1958,2,2,0,0,CLEAR,DRY,False,SIDESWIPE-SAME DIRECTION,SIDESWIPE-SAME DIRECTION,STRAIGHT & GRADE,DAYLIGHT,,,7/23/2020 8:14:51 AM,False,7376,Accepted,
26967835,0568000,LOUISVILLE METRO POLICE DEPT,Accepted,JEFFERSON,KY0864,5100,POPLAR LEVEL,RD,,,,,FREY,,PATTERSON,38.160514940,-85.676283496,8.322,7/19/2020 12:00:00 AM,2342,1,1,1,0,CLEAR,DRY,False,COLLISION WITH FIXED OBJECT NON - INTERSECTION - FIRST EVENT COLLISION 09 - 32 EXCLUDING 16,SINGLE VEHICLE,CURVE & LEVEL,DARK-HWY LIGHTED/ON,,,7/23/2020 8:13:27 AM,False,7578,Accepted,
26953268,0568000,LOUISVILLE METRO POLICE DEPT,Accepted,JEFFERSON,,1045,CLAY,AVE,,,,,,,,38.142422136,-85.692127974,0.161,7/19/2020 12:00:00 AM,0628,2,2,0,0,CLEAR,DRY,False,HEAD-ON COLLISION,HEAD ON,STRAIGHT & LEVEL,DAYLIGHT,,,7/20/2020 8:15:48 AM,False,7106,Accepted,
26953269,0568000,LOUISVILLE METRO POLICE DEPT,Accepted,JEFFERSON,US0031E,,BARDSTOWN,RD,,,,,,,,38.094483406,-85.558568786,1.306,7/19/2020 12:00:00 AM,0835,2,2,0,0,CLEAR,DRY,False,1 VEHICLE PARKED POSITION (NOT PARKING LOT/DRIVEWAY),BACKING,CURVE & LEVEL,DAYLIGHT,,,7/20/2020 8:15:54 AM,False,6878,Accepted,
26953265,0568000,LOUISVILLE METRO POLICE DEPT,Accepted,JEFFERSON,I 0264,,I264 E,,,I 0264,I264 E EXIT16 ON RAMP FROM US31E S,,,,,38.211193136,-85.670948314,15.685,7/19/2020 12:00:00 AM,0406,2,2,0,0,CLEAR,DRY,True,OTHER INTERSECTION COLLISIONS,REAR END,STRAIGHT & HILLCREST,DARK-HWY LIGHTED/ON,,,7/20/2020 8:15:41 AM,False,7101,Accepted,
26958546,0568000,LOUISVILLE METRO POLICE DEPT,Accepted,JEFFERSON,US0060A,811,EASTERN,PKWY,,,,,,,,38.214447412,-85.743437582,4.529,7/19/2020 12:00:00 AM,0950,2,2,0,1,CLEAR,DRY,False,1 VEHICLE ENTERING/LEAVING ENTRANCE,ANGLE,STRAIGHT & LEVEL,DAYLIGHT,,,7/21/2020 8:16:56 AM,False,2142,Accepted,
26953325,0568000,LOUISVILLE METRO POLICE DEPT,Accepted,JEFFERSON,KY0061,,PRESTON,HWY,,,,,,,,38.101555218,-85.672439200,1.269,7/19/2020 12:00:00 AM,1640,3,3,0,0,CLEAR,DRY,False,REAR END IN TRAFFIC LANES BOTH VEHICLES MOVING,REAR END,STRAIGHT & GRADE,DAYLIGHT,,,7/20/2020 8:16:33 AM,False,2321,Accepted,
26953317,0568000,LOUISVILLE METRO POLICE DEPT,Accepted,JEFFERSON,,,POPE,ST,,US0060,FRANKFORT,,,,,38.256799035,-85.716658868,0.232,7/19/2020 12:00:00 AM,1208,1,1,0,1,CLEAR,DRY,False,COLLISION WITH FIXED OBJECT IN INTERSECTION - FIRST EVENT COLLISION 09 - 32,SINGLE VEHICLE,STRAIGHT & LEVEL,DAYLIGHT,,,7/20/2020 8:16:17 AM,False,7128,Accepted,
26953327,0568000,LOUISVILLE METRO POLICE DEPT,Accepted,JEFFERSON,KY0841,,,,,,,,,,,38.116649619,-85.748076036,0.050,7/19/2020 12:00:00 AM,1100,2,1,0,1,CLEAR,DRY,False,OTHER RAMP RELATED COLLISIONS NOT LISTED ABOVE,SINGLE VEHICLE,STRAIGHT & LEVEL,DAYLIGHT,KY1020,KY0841,7/20/2020 8:16:39 AM,False,7373,Accepted,
26953333,0568000,LOUISVILLE METRO POLICE DEPT,Accepted,JEFFERSON,KY0841,,GENE SNYDER,FWY,,,,,,,,38.092655824,-85.836830218,2.213,7/19/2020 12:00:00 AM,2118,2,2,0,2,CLEAR,DRY,False,SIDESWIPE COLLISION - SAME DIRECTION,SIDESWIPE-SAME DIRECTION,STRAIGHT & LEVEL,DUSK,,,7/20/2020 8:16:51 AM,False,7264,Accepted,
26953335,0568000,LOUISVILLE METRO POLICE DEPT,Accepted,JEFFERSON,,3325,ARTERBURN,AVE,,,,,,,,38.254725011,-85.677454191,0.018,7/19/2020 12:00:00 AM,0035,2,2,0,0,CLEAR,DRY,False,COLLISION IN PARKING LOT,BACKING,STRAIGHT & LEVEL,DARK-HWY LIGHTED/ON,,,7/20/2020 8:16:55 AM,False,7544,Accepted,
26953341,0568000,LOUISVILLE METRO POLICE DEPT,Accepted,JEFFERSON,KY0864,,GOSS,AVE,,,SPRATT,,,,,38.227145197,-85.735282867,14.068,7/19/2020 12:00:00 AM,1856,2,2,0,1,CLEAR,DRY,False,ANGLE COLLISION - OTHER,ANGLE,STRAIGHT & LEVEL,DAYLIGHT,,,7/20/2020 8:17:12 AM,False,5037,Accepted,
26953342,0568000,LOUISVILLE METRO POLICE DEPT,Accepted,JEFFERSON,KY3064,,PORTLAND,AVE,,,,,,,,38.272386161,-85.793635250,0.641,7/19/2020 12:00:00 AM,1100,2,2,0,1,CLEAR,DRY,True,1 VEHICLE ENTERING/LEAVING ENTRANCE,ANGLE,STRAIGHT & LEVEL,DARK-HWY NOT LIGHTED,,,7/20/2020 8:17:16 AM,False,5148,Accepted,
27045553,0568000,LOUISVILLE METRO POLICE DEPT,Accepted,JEFFERSON,US0060A,,BERRY,BLVD,,,GEORGETOWN,,,,,38.196641330,-85.793859359,0.868,7/19/2020 12:00:00 AM,1740,2,2,0,0,CLEAR,DRY,False,SIDESWIPE-SAME DIRECTION,SIDESWIPE-SAME DIRECTION,STRAIGHT & LEVEL,DAYLIGHT,,,8/6/2020 8:06:03 AM,False,7468,Accepted,
26953319,0568000,LOUISVILLE METRO POLICE DEPT,Accepted,JEFFERSON,I 0264,,,,,,,,,,,38.189745404,-85.783355416,0.228,7/18/2020 12:00:00 AM,1413,2,2,0,0,CLEAR,DRY,False,OTHER RAMP RELATED COLLISIONS NOT LISTED ABOVE,REAR END,CURVE & LEVEL,DAYLIGHT,I 0264,KY1865,7/20/2020 8:16:21 AM,False,7468,Accepted,
26953250,0568000,LOUISVILLE METRO POLICE DEPT,Accepted,JEFFERSON,,1600B,CHESTNUT,ST,W,,,,,,,38.251226632,-85.778443024,1.234,7/18/2020 12:00:00 AM,1938,4,4,0,0,CLEAR,DRY,True,1 VEHICLE PARKED POSITION (NOT PARKING LOT/DRIVEWAY),SIDESWIPE-SAME DIRECTION,STRAIGHT & LEVEL,DAYLIGHT,,,7/20/2020 8:14:59 AM,False,7243,Accepted,
26953251,0568000,LOUISVILLE METRO POLICE DEPT,Accepted,JEFFERSON,KY1747,,FERN VALLEY,RD,,KY6319,SIGNATURE,,,,,38.157296510,-85.714496173,0.978,7/18/2020 12:00:00 AM,1834,2,2,0,0,CLEAR,DRY,False,ANGLE COLLISION - ONE VEHICLE TURNING LEFT,ANGLE,STRAIGHT & LEVEL,DAYLIGHT,,,7/20/2020 8:15:03 AM,False,7016,Accepted,
26953252,0568000,LOUISVILLE METRO POLICE DEPT,Accepted,JEFFERSON,,,24TH,ST,S,,,,MARKET,,JEFFERSON,38.258357096,-85.790380116,0.138,7/18/2020 12:00:00 AM,1922,2,2,0,0,CLEAR,DRY,True,1 VEHICLE ENTERING/LEAVING ENTRANCE,ANGLE,STRAIGHT & LEVEL,DAYLIGHT,,,7/20/2020 8:15:06 AM,False,7417,Accepted,
26953259,0568000,LOUISVILLE METRO POLICE DEPT,Accepted,JEFFERSON,,,CREEL,AVE,,,,,4TH,,5TH,38.212955771,-85.764241960,0.402,7/18/2020 12:00:00 AM,2111,2,2,0,0,CLEAR,DRY,True,1 VEHICLE ENTERING/LEAVING ENTRANCE,ANGLE,STRAIGHT & LEVEL,DUSK,,,7/20/2020 8:15:33 AM,False,5267,Accepted,
26953241,0568000,LOUISVILLE METRO POLICE DEPT,Accepted,JEFFERSON,I 0064,,I64 W,,,,,,,,,38.241742545,-85.682411098,8.931,7/18/2020 12:00:00 AM,1530,1,1,0,0,CLEAR,DRY,False,COLLISION WITH FIXED OBJECT NON - INTERSECTION - FIRST EVENT COLLISION 09 - 32 EXCLUDING 16,SINGLE VEHICLE,STRAIGHT & LEVEL,DAYLIGHT,,,7/20/2020 8:14:39 AM,False,2100,Accepted,
26953249,0568000,LOUISVILLE METRO POLICE DEPT,Accepted,JEFFERSON,US0060A,,BERRY,BLVD,,KY1865,TAYLOR,,,,,38.196289316,-85.782922917,1.470,7/18/2020 12:00:00 AM,1811,2,2,0,0,CLEAR,DRY,True,ANGLE COLLISION - OTHER,ANGLE,STRAIGHT & LEVEL,DAYLIGHT,,,7/20/2020 8:14:56 AM,False,7402,Accepted,
26953257,0568000,LOUISVILLE METRO POLICE DEPT,Accepted,JEFFERSON,I 0065,,I65 N,,,,,I 0065,I65 N EXIT132 ON RAMP FROM  CRITTENDEN DR,I 0065,I65 EXIT12 RAMP TO I65 N,38.206569460,-85.746363268,132.278,7/18/2020 12:00:00 AM,1944,1,1,0,1,CLEAR,DRY,False,COLLISION WITH FIXED OBJECT NON - INTERSECTION - FIRST EVENT COLLISION 09 - 32 EXCLUDING 16,SINGLE VEHICLE,CURVE & LEVEL,DAYLIGHT,,,7/20/2020 8:15:28 AM,False,5267,Accepted,
26953224,0568000,LOUISVILLE METRO POLICE DEPT,Accepted,JEFFERSON,KY1065,,OUTER,LOOP,,KY1865,NEW CUT,,,,,38.126400581,-85.776115904,1.028,7/18/2020 12:00:00 AM,1014,2,2,0,2,CLEAR,DRY,False,OPPOSING LEFT TURN,OPPOSING LEFT TURN,STRAIGHT & LEVEL,DAYLIGHT,,,7/20/2020 8:14:23 AM,False,7252,Accepted,
26953244,0568000,LOUISVILLE METRO POLICE DEPT,Accepted,JEFFERSON,KY3064,,PORTLAND,AVE,,,24TH,,,,,38.270033543,-85.787172532,0.274,7/18/2020 12:00:00 AM,1525,2,2,0,1,CLEAR,DRY,False,ANGLE COLLISION - OTHER,ANGLE,STRAIGHT & LEVEL,DAYLIGHT,,,7/20/2020 8:14:42 AM,False,7323,Accepted,
26953344,0568000,LOUISVILLE METRO POLICE DEPT,Accepted,JEFFERSON,,,DIXIE,HWY,,,,,HILL,,GAULBERT,38.228178222,-85.790597556,1.489,7/18/2020 12:00:00 AM,0325,1,1,0,1,CLEAR,DRY,False,COLLISION WITH FIXED OBJECT NON - INTERSECTION - FIRST EVENT COLLISION 09 - 32 EXCLUDING 16,SINGLE VEHICLE,STRAIGHT & LEVEL,DARK-HWY LIGHTED/ON,,,7/20/2020 8:17:26 AM,False,5229,Accepted,
26954313,0560600,WEST BUECHEL POLICE DEPT.,Accepted,JEFFERSON,KY2251,3603,BARDSTOWN,RD,,,,,,,,38.200004361,-85.661748620,1.152,7/18/2020 12:00:00 AM,1330,2,2,0,0,CLEAR,DRY,False,VEHICLE BACKING NON INTERSECTION,BACKING,STRAIGHT & LEVEL,DAYLIGHT,,,7/20/2020 10:23:15 AM,False,1272,Accepted,
26953279,0568000,LOUISVILLE METRO POLICE DEPT,Accepted,JEFFERSON,,,ROY WILKINS,AVE,,,MUHAMMAD ALI,,,,,38.251999280,-85.765465637,0.372,7/18/2020 12:00:00 AM,1608,3,3,0,3,CLEAR,DRY,False,ANGLE COLLISION - OTHER,ANGLE,STRAIGHT & LEVEL,DAYLIGHT,,,7/20/2020 8:15:58 AM,False,7058,Accepted,
26953255,0568000,LOUISVILLE METRO POLICE DEPT,Accepted,JEFFERSON,US0031E,6907,BARDSTOWN,RD,,,,,CEDARLOOK,,CEDAR SPRINGS,38.147052929,-85.585861867,5.333,7/18/2020 12:00:00 AM,0720,2,2,0,3,CLEAR,DRY,False,REAR END IN TRAFFIC LANES BOTH VEHICLES MOVING,REAR END,STRAIGHT & LEVEL,DAWN,,,7/20/2020 8:15:21 AM,False,7828,Accepted,
26956807,0560400,SHIVELY POLICE DEPARTMENT,Accepted,JEFFERSON,I 0264,,I264 E,,,,,,,,,38.185517777,-85.819530242,7.128,7/18/2020 12:00:00 AM,1738,2,2,0,0,CLEAR,DRY,False,1 VEHICLE ENTERING/LEAVING ENTRANCE,ANGLE,CURVE & LEVEL,DAYLIGHT,,,7/20/2020 7:41:46 PM,False,7128,Accepted,
26953216,0568000,LOUISVILLE METRO POLICE DEPT,Accepted,JEFFERSON,,,18TH,ST,S,,CEDAR,,,,,38.255074469,-85.780456367,0.285,7/18/2020 12:00:00 AM,0003,2,2,0,0,CLEAR,DRY,False,ANGLE COLLISION - OTHER,ANGLE,STRAIGHT & LEVEL,DARK-HWY LIGHTED/ON,,,7/20/2020 8:13:43 AM,False,7417,Accepted,
26953246,0568000,LOUISVILLE METRO POLICE DEPT,Accepted,JEFFERSON,US0031W,,22ND,ST,S,,HILL,,,,,38.228880534,-85.792742544,18.155,7/18/2020 12:00:00 AM,1307,2,2,0,0,CLEAR,DRY,False,ANGLE COLLISION - OTHER,ANGLE,STRAIGHT & LEVEL,DAYLIGHT,,,7/20/2020 8:14:46 AM,False,5253,Accepted,
26953247,0568000,LOUISVILLE METRO POLICE DEPT,Accepted,JEFFERSON,KY0146,,LA GRANGE,RD,,,,,OLD HARRODS CREEK,,SOUTHLAKE,38.269343810,-85.551513933,4.195,7/18/2020 12:00:00 AM,1205,1,1,0,0,CLOUDY,DRY,False,COLLISION WITH FIXED OBJECT NON - INTERSECTION - FIRST EVENT COLLISION 09 - 32 EXCLUDING 16,SINGLE VEHICLE,STRAIGHT & LEVEL,DAYLIGHT,,,7/20/2020 8:14:49 AM,False,7751,Accepted,
26953248,0568000,LOUISVILLE METRO POLICE DEPT,Accepted,JEFFERSON,US0031E,3317,BARDSTOWN,RD,,,,,,,,38.206773244,-85.667489437,11.645,7/18/2020 12:00:00 AM,1740,2,2,0,2,CLEAR,DRY,False,1 VEHICLE ENTERING/LEAVING ENTRANCE,ANGLE,STRAIGHT & LEVEL,DAYLIGHT,,,7/20/2020 8:14:52 AM,False,5191,Accepted,
26953254,0568000,LOUISVILLE METRO POLICE DEPT,Accepted,JEFFERSON,KY1931,,ST ANDREWS CHURCH,RD,,,,,,,,38.145568188,-85.832122551,3.598,7/18/2020 12:00:00 AM,2357,2,2,0,0,CLEAR,DRY,False,OTHER ROADWAY OR MID-BLOCK COLLISION,REAR END,STRAIGHT & LEVEL,DARK-HWY NOT LIGHTED,,,7/20/2020 8:15:15 AM,False,5259,Accepted,
26953220,0568000,LOUISVILLE METRO POLICE DEPT,Accepted,JEFFERSON,US0150,,BROADWAY,,W,,9TH,,,,,38.247013618,-85.766685522,1.918,7/18/2020 12:00:00 AM,0337,2,2,0,1,CLEAR,DRY,False,ANGLE COLLISION - OTHER,ANGLE,STRAIGHT & LEVEL,DARK-HWY LIGHTED/ON,,,7/20/2020 8:13:58 AM,False,5025,Accepted,
26953214,0568000,LOUISVILLE METRO POLICE DEPT,Accepted,JEFFERSON,,,BRECKINRIDGE,ST,E,,BROOK,,,,,38.241186010,-85.752488322,1.509,7/18/2020 12:00:00 AM,0435,2,1,0,1,CLEAR,DRY,True,COLLISION WITH PEDESTRIAN IN INTERSECTION,SINGLE VEHICLE,STRAIGHT & LEVEL,DARK-HWY LIGHTED/ON,,,7/20/2020 8:13:35 AM,False,5037,Accepted,
26953237,0568000,LOUISVILLE METRO POLICE DEPT,Accepted,JEFFERSON,,2819,WINDSOR FOREST,DR,,,,,,,,38.119114255,-85.807532097,1.360,7/18/2020 12:00:00 AM,0839,2,2,0,0,CLEAR,DRY,False,1 VEHICLE PARKED POSITION (NOT PARKING LOT/DRIVEWAY),SIDESWIPE-OPPOSITE DIRECTION,STRAIGHT & LEVEL,DAYLIGHT,,,7/20/2020 8:14:33 AM,False,7149,Accepted,
26953231,0568000,LOUISVILLE METRO POLICE DEPT,Accepted,JEFFERSON,KY0864,,BEULAH CHURCH,RD,,I 0265,I265 E EXIT15 ON RAMP FROM KY864,,,,,38.122626586,-85.614913666,3.221,7/18/2020 12:00:00 AM,1236,2,2,0,0,CLEAR,DRY,False,OTHER INTERSECTION COLLISIONS,REAR END,STRAIGHT & LEVEL,DAYLIGHT,,,7/20/2020 8:14:27 AM,False,2321,Accepted,