IncidentID,AgencyORI,AgencyName,IncidentStatusDesc,County,RdwyNumber,Street,RoadwayName,StreetSfx,StreetDir,IntersectionRdwy,IntersectionRdwyName,BetweenStRdwy1,BetweenStRdwyName1,BetweenStRdwy2,BetweenStRdwyName2,Latitude,Longitude,Milepoint,CollisionDate,CollisionTime,UnitsInvolved,MotorVehiclesInvolved,NumberKilled,NumberInjured,Weather,RdwyConditionCode,HitandRun,DirAnalysisCode,MannerofCollision,RdwyCharacter,LightCondition,RampFromRdwyId,RampToRdwyId,AcceptedDate,IsSecondaryCollision,OwnerBadge,IncidentStatus,
27022102,0568000,LOUISVILLE METRO POLICE DEPT,Accepted,JEFFERSON,KY1020,,2ND,ST,S,,MUHAMMAD ALI,,,,,38.250752293,-85.754194331,12.433,7/18/2020 12:00:00 AM,0119,2,2,0,1,CLEAR,DRY,True,ANGLE COLLISION - OTHER,ANGLE,STRAIGHT & LEVEL,DARK-HWY LIGHTED/ON,,,7/31/2020 8:11:41 AM,False,5148,Accepted,
27023302,0564400,INDIAN HILLS POLICE DEPARTMENT,Accepted,JEFFERSON,,505,CHENOWETH,LN,,,,,,,,38.265779747,-85.665828332,0.003,7/18/2020 12:00:00 AM,1320,2,2,0,0,CLEAR,DRY,False,OTHER ROADWAY OR MID-BLOCK COLLISION,REAR END,STRAIGHT & LEVEL,DAYLIGHT,,,7/31/2020 1:16:38 PM,False,4419,Accepted,
26958541,0568000,LOUISVILLE METRO POLICE DEPT,Accepted,JEFFERSON,US0060,,SHELBYVILLE,RD,,,,,DAVENTRY,KY1747,HURSTBOURNE,38.246349763,-85.576096012,7.898,7/18/2020 12:00:00 AM,1904,2,2,0,0,CLEAR,DRY,True,REAR END IN TRAFFIC LANES BOTH VEHICLES MOVING,REAR END,STRAIGHT & LEVEL,DAYLIGHT,,,7/21/2020 8:16:34 AM,False,7633,Accepted,
26953267,0568000,LOUISVILLE METRO POLICE DEPT,Accepted,JEFFERSON,US0060A,,TAYLOR,BLVD,,,QUEEN,,,,,38.201833723,-85.781848501,1.879,7/18/2020 12:00:00 AM,2104,2,2,0,0,CLEAR,DRY,False,OTHER INTERSECTION COLLISIONS,REAR END,STRAIGHT & LEVEL,DARK-HWY LIGHTED/ON,,,7/20/2020 8:15:44 AM,False,7435,Accepted,
26958549,0568000,LOUISVILLE METRO POLICE DEPT,Accepted,JEFFERSON,,,1ST,ST,S,,ORMSBY,,,,,38.232413698,-85.755791478,1.645,7/18/2020 12:00:00 AM,2053,2,2,0,0,CLEAR,DRY,False,ANGLE COLLISION - OTHER,ANGLE,STRAIGHT & LEVEL,DAYLIGHT,,,7/21/2020 8:17:09 AM,False,5204,Accepted,
26967833,0568000,LOUISVILLE METRO POLICE DEPT,Accepted,JEFFERSON,,,CARMELWOOD,DR,,,,,,,,38.099830070,-85.650850642,0.108,7/18/2020 12:00:00 AM,2053,2,2,0,0,CLEAR,DRY,False,1 VEHICLE PARKED POSITION (NOT PARKING LOT/DRIVEWAY),ANGLE,STRAIGHT & LEVEL,DARK-HWY LIGHTED/ON,,,7/23/2020 8:13:19 AM,False,7474,Accepted,
26967831,0568000,LOUISVILLE METRO POLICE DEPT,Accepted,JEFFERSON,US0031W,,DIXIE,HWY,,,,,,,,38.150358660,-85.837114731,12.093,7/18/2020 12:00:00 AM,2308,2,1,1,1,CLEAR,DRY,False,COLLISION WITH PEDESTRIAN NON - INTERSECTION,SINGLE VEHICLE,STRAIGHT & LEVEL,DARK-HWY NOT LIGHTED,,,7/23/2020 8:13:12 AM,False,7628,Accepted,
26963538,0568000,LOUISVILLE METRO POLICE DEPT,Accepted,JEFFERSON,I 0064,,I64 E,,,,,I 0064,I64 E EXIT17 OFF RAMP TO KY913,I 0064,I64 E EXIT15 ON RAMP FROM KY1747,38.223230458,-85.555025275,16.317,7/17/2020 12:00:00 AM,0640,1,1,0,2,CLEAR,DRY,False,OTHER COLLISIONS ON SHOULDER,SINGLE VEHICLE,STRAIGHT & LEVEL,DAWN,,,7/22/2020 8:44:22 AM,False,5053,Accepted,
26958547,0568000,LOUISVILLE METRO POLICE DEPT,Accepted,JEFFERSON,I 0065,,I65 S,,,I 0065,I65 S EXIT131B OFF RAMP,,,,,38.196693908,-85.733757539,131.237,7/17/2020 12:00:00 AM,0203,2,2,0,1,CLEAR,DRY,False,ANGLE COLLISION - OTHER,ANGLE,STRAIGHT & LEVEL,DARK-HWY LIGHTED/ON,,,7/21/2020 8:17:00 AM,False,5196,Accepted,
26992214,0568000,LOUISVILLE METRO POLICE DEPT,Accepted,JEFFERSON,KY0841,,GENE SNYDER,FWY,,,,KY0841,KY841 RAMP FROM KY1865,,GREYLING,38.118627291,-85.784796287,5.613,7/17/2020 12:00:00 AM,1145,1,1,0,1,RAINING,WATER (STANDING OR MOVING),False,OTHER COLLISIONS ON SHOULDER,SINGLE VEHICLE,CURVE & HILLCREST,DAYLIGHT,,,7/27/2020 8:17:37 AM,False,7840,Accepted,
26992246,0568000,LOUISVILLE METRO POLICE DEPT,Accepted,JEFFERSON,KY0061,,PRESTON,HWY,,KY1065,OUTER,,,,,38.138533114,-85.686749558,3.938,7/17/2020 12:00:00 AM,0420,2,2,0,1,CLEAR,DRY,False,ANGLE COLLISION - OTHER,ANGLE,STRAIGHT & LEVEL,DARK-HWY LIGHTED/ON,,,7/27/2020 8:19:56 AM,False,5042,Accepted,
27022113,0568000,LOUISVILLE METRO POLICE DEPT,Accepted,JEFFERSON,,917,BEECHER,ST,,,,,,,,38.192059268,-85.776016123,0.394,7/17/2020 12:00:00 AM,0516,2,2,0,0,CLEAR,DRY,True,1 VEHICLE PARKED POSITION (NOT PARKING LOT/DRIVEWAY),SIDESWIPE-SAME DIRECTION,STRAIGHT & LEVEL,DARK-HWY LIGHTED/ON,,,7/31/2020 8:12:18 AM,False,5287,Accepted,
27022122,0568000,LOUISVILLE METRO POLICE DEPT,Accepted,JEFFERSON,,,JEFFERSON,ST,W,,6TH,,,,,38.254242061,-85.760337779,0.451,7/17/2020 12:00:00 AM,2008,2,2,0,0,CLEAR,DRY,False,SIDESWIPE-SAME DIRECTION,SIDESWIPE-SAME DIRECTION,STRAIGHT & LEVEL,DAYLIGHT,,,7/31/2020 8:12:41 AM,False,7684,Accepted,
26953203,0568000,LOUISVILLE METRO POLICE DEPT,Accepted,JEFFERSON,,,VENTURA,DR,,,,,,,,38.114754846,-85.856876490,0.005,7/17/2020 12:00:00 AM,1400,1,1,0,0,CLEAR,DRY,False,COLLISION WITH FIXED OBJECT NON - INTERSECTION - FIRST EVENT COLLISION 09 - 32 EXCLUDING 16,SINGLE VEHICLE,CURVE & LEVEL,DAYLIGHT,,,7/20/2020 8:12:28 AM,False,7174,Accepted,
26953204,0568000,LOUISVILLE METRO POLICE DEPT,Accepted,JEFFERSON,,,PARKER,AVE,,,41ST,,,,,38.269313066,-85.814371024,0.324,7/17/2020 12:00:00 AM,1629,1,1,0,0,CLEAR,DRY,True,OTHER INTERSECTION COLLISIONS,SINGLE VEHICLE,STRAIGHT & LEVEL,DAYLIGHT,,,7/20/2020 8:12:35 AM,False,5113,Accepted,
26953205,0568000,LOUISVILLE METRO POLICE DEPT,Accepted,JEFFERSON,KY1747,,HURSTBOURNE,PKWY,S,,VASSEL,,,,,38.158949948,-85.627002171,6.033,7/17/2020 12:00:00 AM,0607,2,2,0,0,CLEAR,DRY,True,SIDESWIPE-SAME DIRECTION,SIDESWIPE-SAME DIRECTION,STRAIGHT & LEVEL,DUSK,,,7/20/2020 8:12:41 AM,False,7812,Accepted,
26953211,0568000,LOUISVILLE METRO POLICE DEPT,Accepted,JEFFERSON,KY0907,5427,VALLEY STATION,RD,,,,,,,,38.106652438,-85.863929367,0.167,7/17/2020 12:00:00 AM,2049,2,2,0,0,CLEAR,DRY,False,SIDESWIPE COLLISION - SAME DIRECTION,SIDESWIPE-SAME DIRECTION,STRAIGHT & LEVEL,DAYLIGHT,,,7/20/2020 8:13:24 AM,False,7321,Accepted,
26943638,0568000,LOUISVILLE METRO POLICE DEPT,Accepted,JEFFERSON,,610,41ST,ST,S,,,,,,,38.255187753,-85.819130883,1.351,7/17/2020 12:00:00 AM,0147,2,2,0,0,CLEAR,DRY,True,1 VEHICLE PARKED POSITION (NOT PARKING LOT/DRIVEWAY),ANGLE,STRAIGHT & LEVEL,DAYLIGHT,,,7/17/2020 8:11:19 AM,False,5164,Accepted,
26953213,0568000,LOUISVILLE METRO POLICE DEPT,Accepted,JEFFERSON,,,7TH,ST,S,,HILL,,,,,38.226761613,-85.769000741,0.658,7/17/2020 12:00:00 AM,2119,1,1,0,2,CLEAR,DRY,False,COLLISION WITH FIXED OBJECT IN INTERSECTION - FIRST EVENT COLLISION 09 - 32,SINGLE VEHICLE,STRAIGHT & LEVEL,DARK-HWY LIGHTED/ON,,,7/20/2020 8:13:32 AM,False,7435,Accepted,
26953253,0568000,LOUISVILLE METRO POLICE DEPT,Accepted,JEFFERSON,I 0071,,I71 N,,,I 0071,I71 TURN AROUND11,,,,,38.326673691,-85.548015322,11.139,7/17/2020 12:00:00 AM,2213,2,2,0,0,CLOUDY,DRY,False,REAR END - ONE VEHICLE TURNING LEFT,REAR END,STRAIGHT & LEVEL,DARK-HWY LIGHTED/ON,,,7/20/2020 8:15:11 AM,False,7098,Accepted,
26953296,0568000,LOUISVILLE METRO POLICE DEPT,Accepted,JEFFERSON,,,2ND,ST,N,US0031E,MAIN,,,,,38.256254683,-85.753317140,0.001,7/17/2020 12:00:00 AM,1748,2,2,0,2,CLEAR,DRY,True,SIDESWIPE-SAME DIRECTION,SIDESWIPE-SAME DIRECTION,STRAIGHT & LEVEL,DAYLIGHT,,,7/20/2020 8:16:03 AM,False,7058,Accepted,
26943633,0568000,LOUISVILLE METRO POLICE DEPT,Accepted,JEFFERSON,US0031E,,BARDSTOWN,RD,,US0060A,EASTERN,,,,,38.231995420,-85.709330048,14.625,7/17/2020 12:00:00 AM,0225,2,2,0,0,CLEAR,DRY,False,ANGLE COLLISION - OTHER,ANGLE,STRAIGHT & LEVEL,DARK-HWY LIGHTED/ON,,,7/17/2020 8:10:52 AM,False,7049,Accepted,
26953222,0568000,LOUISVILLE METRO POLICE DEPT,Accepted,JEFFERSON,,,CHAMBERLAIN,LN,,,,,WINCHESTER ACRES,I 0265,I265 S EXIT33 OFF RAMP TO  CHAMBERLAIN LN,38.292553693,-85.539067274,1.606,7/17/2020 12:00:00 AM,1757,2,2,0,0,CLEAR,DRY,True,1 VEHICLE ENTERING/LEAVING ENTRANCE,ANGLE,CURVE & LEVEL,DAYLIGHT,,,7/20/2020 8:14:06 AM,False,7751,Accepted,
26953197,0568000,LOUISVILLE METRO POLICE DEPT,Accepted,JEFFERSON,I 0065,,I65 S,,,,,,,,,38.115097970,-85.701734125,125.165,7/17/2020 12:00:00 AM,1122,2,2,0,1,RAINING,WATER (STANDING OR MOVING),False,1 VEHICLE ENTERING/LEAVING ENTRANCE,ANGLE,STRAIGHT & LEVEL,DAYLIGHT,,,7/20/2020 8:11:47 AM,False,4903,Accepted,
26953217,0568000,LOUISVILLE METRO POLICE DEPT,Accepted,JEFFERSON,KY1865,5821,NEW CUT,RD,,,HARPERS FERRY,,,,,38.132007295,-85.772586644,1.705,7/17/2020 12:00:00 AM,2109,1,1,0,0,CLEAR,DRY,False,OTHER INTERSECTION COLLISIONS,SINGLE VEHICLE,STRAIGHT & LEVEL,DUSK,,,7/20/2020 8:13:46 AM,False,5266,Accepted,
26953209,0568000,LOUISVILLE METRO POLICE DEPT,Accepted,JEFFERSON,,,18TH,ST,S,,CHESTNUT,,,,,38.251547792,-85.781125973,0.531,7/17/2020 12:00:00 AM,1901,2,2,0,1,CLEAR,DRY,True,ANGLE COLLISION - OTHER,ANGLE,STRAIGHT & LEVEL,DAYLIGHT,,,7/20/2020 8:13:17 AM,False,5008,Accepted,
26953219,0568000,LOUISVILLE METRO POLICE DEPT,Accepted,JEFFERSON,,1443,15TH,ST,S,,,,,,,38.226887403,-85.780918014,0.077,7/17/2020 12:00:00 AM,2336,1,1,0,1,CLEAR,DRY,False,COLLISION WITH FIXED OBJECT NON - INTERSECTION - FIRST EVENT COLLISION 09 - 32 EXCLUDING 16,SINGLE VEHICLE,STRAIGHT & LEVEL,DARK-HWY LIGHTED/ON,,,7/20/2020 8:13:54 AM,False,5239,Accepted,
26953207,0568000,LOUISVILLE METRO POLICE DEPT,Accepted,JEFFERSON,US0031E,3320,BARDSTOWN,RD,,,,,GOLDSMITH,,BELMONT,38.207031213,-85.667698466,11.666,7/17/2020 12:00:00 AM,1222,2,2,0,0,RAINING,WET,False,COLLISION IN PARKING LOT,ANGLE,STRAIGHT & LEVEL,DAYLIGHT,,,7/20/2020 8:12:59 AM,False,5247,Accepted,
26953208,0568000,LOUISVILLE METRO POLICE DEPT,Accepted,JEFFERSON,US0031E,,BARDSTOWN,RD,,,FAIRGROUND,,,,,38.162929129,-85.595913315,6.588,7/17/2020 12:00:00 AM,1713,2,2,0,0,CLEAR,DRY,False,ANGLE COLLISION - OTHER,ANGLE,STRAIGHT & LEVEL,DAYLIGHT,,,7/20/2020 8:13:08 AM,False,6337,Accepted,
26953210,0568000,LOUISVILLE METRO POLICE DEPT,Accepted,JEFFERSON,,,STRAWBERRY,LN,,,ESTELE,,,,,38.159617090,-85.762710636,0.142,7/17/2020 12:00:00 AM,2025,2,2,0,0,CLEAR,DRY,False,OPPOSITE DIRECTION - BOTH VEHICLES GOING STRAIGHT AHEAD,SIDESWIPE-OPPOSITE DIRECTION,STRAIGHT & LEVEL,DUSK,,,7/20/2020 8:13:21 AM,False,5259,Accepted,
26953218,0568000,LOUISVILLE METRO POLICE DEPT,Accepted,JEFFERSON,KY1450,,BLUE LICK,RD,,,,,,,,38.089133007,-85.699490295,0.209,7/17/2020 12:00:00 AM,2201,2,2,0,0,CLEAR,DRY,False,1 VEHICLE ENTERING/LEAVING ENTRANCE,ANGLE,STRAIGHT & LEVEL,DARK-HWY NOT LIGHTED,,,7/20/2020 8:13:50 AM,False,5184,Accepted,
27033928,0563800,NORTHFIELD POLICE DEPARTMENT,Accepted,JEFFERSON,KY0022,,BROWNSBORO,RD,,,,KY2050,HERR,,HOLIDAY MANOR,38.283700290,-85.628318139,0.415,7/17/2020 12:00:00 AM,1750,2,2,0,3,CLEAR,DRY,False,1 VEHICLE ENTERING/LEAVING ENTRANCE,ANGLE,STRAIGHT & LEVEL,DAYLIGHT,,,8/3/2020 4:36:34 PM,False,1375,Accepted,
27117897,0568000,LOUISVILLE METRO POLICE DEPT,Accepted,JEFFERSON,KY1747,,FERN VALLEY,RD,,I 0065,I65 S EXIT128 OFF RAMP TO KY1631,,,,,38.158043967,-85.721812074,0.578,7/16/2020 12:00:00 AM,1027,2,2,0,0,CLEAR,DRY,False,ANGLE COLLISION - OTHER,ANGLE,STRAIGHT & HILLCREST,DAYLIGHT,,,8/24/2020 8:16:29 AM,False,7269,Accepted,
26964554,0560600,WEST BUECHEL POLICE DEPT.,Accepted,JEFFERSON,KY2251,3500,BARDSTOWN,RD,,,,,,,,38.191924420,-85.646691061,0.171,7/16/2020 12:00:00 AM,1330,2,2,0,0,CLOUDY,DRY,False,REAR END IN TRAFFIC LANES BOTH VEHICLES MOVING,REAR END,STRAIGHT & LEVEL,DAYLIGHT,,,7/22/2020 12:11:48 PM,False,1264,Accepted,
26953198,0568000,LOUISVILLE METRO POLICE DEPT,Accepted,JEFFERSON,,4809,JENNINGS,LN,,,,,,,,38.184201600,-85.681741785,0.634,7/16/2020 12:00:00 AM,1429,1,1,0,2,CLEAR,DRY,False,COLLISION WITH FIXED OBJECT NON - INTERSECTION - FIRST EVENT COLLISION 09 - 32 EXCLUDING 16,SINGLE VEHICLE,STRAIGHT & LEVEL,DAYLIGHT,,,7/20/2020 8:11:51 AM,False,7283,Accepted,
26943634,0568000,LOUISVILLE METRO POLICE DEPT,Accepted,JEFFERSON,,,26TH,ST,S,,BROADWAY,,,,,38.249420100,-85.794876878,0.780,7/16/2020 12:00:00 AM,2147,2,2,0,1,CLEAR,DRY,False,OPPOSING LEFT TURN,OPPOSING LEFT TURN,STRAIGHT & LEVEL,DARK-HWY LIGHTED/ON,,,7/17/2020 8:10:56 AM,True,5271,Accepted,
26943617,0568000,LOUISVILLE METRO POLICE DEPT,Accepted,JEFFERSON,KY1020,,2ND,ST,S,,CARDINAL,,,,,38.220403111,-85.759785139,10.320,7/16/2020 12:00:00 AM,0624,2,2,0,1,CLOUDY,DRY,False,ANGLE COLLISION - OTHER,ANGLE,STRAIGHT & LEVEL,DAWN,,,7/17/2020 8:10:02 AM,False,2000,Accepted,
26943626,0568000,LOUISVILLE METRO POLICE DEPT,Accepted,JEFFERSON,I 0265,,I265 S,,,,,I 0265,I265 S EXIT27 ON RAMP FROM US60,I 0064,I265 S EXIT25B RAMP TO I64 W,38.233357740,-85.504693608,26.181,7/16/2020 12:00:00 AM,2206,3,3,0,0,CLEAR,DRY,True,SIDESWIPE COLLISION - SAME DIRECTION,SIDESWIPE-SAME DIRECTION,STRAIGHT & LEVEL,DARK-HWY LIGHTED/ON,,,7/17/2020 8:10:33 AM,False,6931,Accepted,
26943622,0568000,LOUISVILLE METRO POLICE DEPT,Accepted,JEFFERSON,KY3082,2500,BANK,ST,,,,,,,,38.269164151,-85.790565631,1.115,7/16/2020 12:00:00 AM,1838,3,3,0,1,CLEAR,DRY,False,1 VEHICLE PARKED POSITION (NOT PARKING LOT/DRIVEWAY),SIDESWIPE-SAME DIRECTION,STRAIGHT & LEVEL,DAYLIGHT,,,7/17/2020 8:10:21 AM,False,7361,Accepted,
26943631,0568000,LOUISVILLE METRO POLICE DEPT,Accepted,JEFFERSON,I 0265,,I265 E,,,,,I 0265,I265 E EXIT17 ON RAMP FROM US31E,I 0265,I265 E EXIT17 ON RAMP FROM US31E,38.140815725,-85.586386243,17.122,7/16/2020 12:00:00 AM,2353,1,1,0,1,CLEAR,DRY,False,COLLISION WITH FIXED OBJECT NON - INTERSECTION - FIRST EVENT COLLISION 09 - 32 EXCLUDING 16,SINGLE VEHICLE,STRAIGHT & HILLCREST,DARK-HWY LIGHTED/ON,,,7/17/2020 8:10:45 AM,False,7735,Accepted,
26943632,0568000,LOUISVILLE METRO POLICE DEPT,Accepted,JEFFERSON,US0031W,,DIXIE,HWY,,,PAGES,,,,,38.130198273,-85.847868668,10.498,7/16/2020 12:00:00 AM,1917,2,2,0,0,CLEAR,DRY,True,OTHER INTERSECTION COLLISIONS,REAR END,STRAIGHT & LEVEL,DAYLIGHT,,,7/17/2020 8:10:48 AM,False,5033,Accepted,
26943639,0568000,LOUISVILLE METRO POLICE DEPT,Accepted,JEFFERSON,,1225,FLOYD,ST,S,,,,,,,38.233275534,-85.751826316,1.559,7/16/2020 12:00:00 AM,1833,3,3,0,0,CLEAR,DRY,True,1 VEHICLE PARKED POSITION (NOT PARKING LOT/DRIVEWAY),SIDESWIPE-SAME DIRECTION,STRAIGHT & LEVEL,DAYLIGHT,,,7/17/2020 8:11:24 AM,False,5236,Accepted,
26938886,0568000,LOUISVILLE METRO POLICE DEPT,Accepted,JEFFERSON,I 0064,,I64 W,,,,,,,,,38.256175638,-85.721018739,6.475,7/16/2020 12:00:00 AM,0547,2,2,0,0,CLEAR,DRY,False,OTHER ROADWAY OR MID-BLOCK COLLISION,REAR END,STRAIGHT & LEVEL,DAYLIGHT,,,7/16/2020 8:11:53 AM,False,7386,Accepted,
26943615,0568000,LOUISVILLE METRO POLICE DEPT,Accepted,JEFFERSON,US0060,,SHELBYVILLE,RD,,KY0146,NEW LA GRANGE,,,,,38.249471969,-85.615253907,5.760,7/16/2020 12:00:00 AM,1405,2,2,0,0,CLOUDY,DRY,False,OPPOSING LEFT TURN,OPPOSING LEFT TURN,STRAIGHT & LEVEL,DAYLIGHT,,,7/17/2020 8:09:53 AM,False,6406,Accepted,
26943616,0568000,LOUISVILLE METRO POLICE DEPT,Accepted,JEFFERSON,,,OAK,ST,W,US0031W,22ND,,,,,38.237460821,-85.790278068,1.915,7/16/2020 12:00:00 AM,1548,3,3,0,3,CLEAR,DRY,False,ANGLE COLLISION - OTHER,ANGLE,STRAIGHT & LEVEL,DAYLIGHT,,,7/17/2020 8:09:57 AM,False,7326,Accepted,
26940913,0568000,LOUISVILLE METRO POLICE DEPT,Accepted,JEFFERSON,KY0864,3026,POPLAR LEVEL,RD,,,,,,,,38.212651691,-85.721813567,12.782,7/16/2020 12:00:00 AM,1028,1,1,0,1,CLOUDY,DRY,False,COLLISION IN PARKING LOT,SINGLE VEHICLE,STRAIGHT & LEVEL,DAYLIGHT,,,7/16/2020 2:28:14 PM,False,4693,Accepted,
26939510,0568000,LOUISVILLE METRO POLICE DEPT,Accepted,JEFFERSON,KY0155,,TAYLORSVILLE,RD,,,,,,,,38.218936576,-85.604865374,12.190,7/16/2020 12:00:00 AM,0832,2,2,0,1,CLOUDY,DRY,False,REAR END IN TRAFFIC LANES BOTH VEHICLES MOVING,REAR END,STRAIGHT & LEVEL,DAYLIGHT,,,7/16/2020 9:47:57 AM,False,4693,Accepted,
26940914,0568000,LOUISVILLE METRO POLICE DEPT,Accepted,JEFFERSON,KY0061,,PRESTON,HWY,,,,,VIM,,GILMORE,38.174774453,-85.712830412,6.871,7/16/2020 12:00:00 AM,1102,2,2,0,0,CLOUDY,DRY,True,HEAD-ON COLLISION,HEAD ON,STRAIGHT & LEVEL,DAYLIGHT,,,7/16/2020 2:28:18 PM,False,7830,Accepted,
26943618,0568000,LOUISVILLE METRO POLICE DEPT,Accepted,JEFFERSON,,3407,BROADWAY,,W,,,,,,,38.250103453,-85.808416275,,7/16/2020 12:00:00 AM,1800,2,2,0,0,CLEAR,DRY,True,1 VEHICLE ENTERING/LEAVING ENTRANCE,ANGLE,STRAIGHT & LEVEL,DAYLIGHT,,,7/17/2020 8:10:06 AM,False,7070,Accepted,
26943619,0568000,LOUISVILLE METRO POLICE DEPT,Accepted,JEFFERSON,KY0061,5751,PRESTON,HWY,,,,,,,,38.165677228,-85.703315692,6.063,7/16/2020 12:00:00 AM,1700,3,3,0,1,CLEAR,DRY,False,1 VEHICLE ENTERING/LEAVING ENTRANCE,ANGLE,STRAIGHT & LEVEL,DAYLIGHT,,,7/17/2020 8:10:10 AM,False,5027,Accepted,
26943620,0568000,LOUISVILLE METRO POLICE DEPT,Accepted,JEFFERSON,I 0064,,I64 W,,,I 0065,I65 S,,,,,38.260847128,-85.736829388,5.407,7/16/2020 12:00:00 AM,1953,1,1,0,1,CLEAR,DRY,False,OTHER INTERSECTION COLLISIONS,SINGLE VEHICLE,CURVE & GRADE,DAYLIGHT,,,7/17/2020 8:10:14 AM,False,7386,Accepted,
26938882,0568000,LOUISVILLE METRO POLICE DEPT,Accepted,JEFFERSON,,,JEFFERSON,BLVD,,,,,,,,38.153040944,-85.677174775,0.699,7/16/2020 12:00:00 AM,0002,1,1,0,0,CLEAR,DRY,False,COLLISION WITH FIXED OBJECT NON - INTERSECTION - FIRST EVENT COLLISION 09 - 32 EXCLUDING 16,SINGLE VEHICLE,STRAIGHT & LEVEL,DARK-HWY LIGHTED/ON,,,7/16/2020 8:11:37 AM,False,5138,Accepted,
26938887,0568000,LOUISVILLE METRO POLICE DEPT,Accepted,JEFFERSON,I 0071,,I71 S,,,,,,,,,38.262378290,-85.723574484,0.049,7/16/2020 12:00:00 AM,0631,2,2,0,0,CLEAR,DRY,False,REAR END IN TRAFFIC LANES BOTH VEHICLES MOVING,REAR END,STRAIGHT & LEVEL,DAYLIGHT,,,7/16/2020 8:11:56 AM,False,5271,Accepted,
26938883,0568000,LOUISVILLE METRO POLICE DEPT,Accepted,JEFFERSON,KY0061,,PRESTON,HWY,,,INDUSTRIAL,,,,,38.152639005,-85.694605746,5.020,7/16/2020 12:00:00 AM,0332,1,1,0,0,CLEAR,DRY,False,COLLISION WITH FIXED OBJECT IN INTERSECTION - FIRST EVENT COLLISION 09 - 32,SINGLE VEHICLE,STRAIGHT & LEVEL,DARK-HWY LIGHTED/ON,,,7/16/2020 8:11:40 AM,False,5138,Accepted,
26997366,0568000,LOUISVILLE METRO POLICE DEPT,Accepted,JEFFERSON,,3602,WHEELER,AVE,,,,,,,,38.193605223,-85.788467008,0.197,7/16/2020 12:00:00 AM,2048,4,4,0,1,CLEAR,DRY,False,1 VEHICLE PARKED POSITION (NOT PARKING LOT/DRIVEWAY),SIDESWIPE-OPPOSITE DIRECTION,STRAIGHT & LEVEL,DAYLIGHT,,,7/28/2020 8:19:29 AM,True,5205,Accepted,
26992226,0568000,LOUISVILLE METRO POLICE DEPT,Accepted,JEFFERSON,KY0061,,PRESTON,HWY,,,INDUSTRIAL,,,,,38.152624310,-85.694693666,5.017,7/16/2020 12:00:00 AM,0427,2,2,0,0,CLOUDY,WET,True,ANGLE COLLISION - OTHER,ANGLE,STRAIGHT & LEVEL,DARK (UNKNOWN ROADWAY LIGHTING),,,7/27/2020 8:18:32 AM,False,5248,Accepted,
26958548,0568000,LOUISVILLE METRO POLICE DEPT,Accepted,JEFFERSON,I 0264,,I264 E,,,,,,,,,38.190130549,-85.755310257,10.673,7/16/2020 12:00:00 AM,1910,2,2,0,0,CLEAR,DRY,False,REAR END IN TRAFFIC LANES BOTH VEHICLES MOVING,REAR END,STRAIGHT & HILLCREST,DAYLIGHT,,,7/21/2020 8:17:03 AM,False,5175,Accepted,
26958538,0568000,LOUISVILLE METRO POLICE DEPT,Accepted,JEFFERSON,US0031W,,DIXIE,HWY,,,ABBOTTS BEACH,,,,,38.018278046,-85.921175657,1.641,7/16/2020 12:00:00 AM,0016,2,2,0,2,CLEAR,DRY,False,REAR END - ONE VEHICLE TURNING RIGHT,REAR END,STRAIGHT & LEVEL,DARK-HWY LIGHTED/ON,,,7/21/2020 8:16:22 AM,True,2021,Accepted,
26963537,0568000,LOUISVILLE METRO POLICE DEPT,Accepted,JEFFERSON,,,20TH,ST,S,,CONGRESS,,,,,38.257768196,-85.783323695,0.125,7/16/2020 12:00:00 AM,1900,2,2,0,3,CLEAR,DRY,False,COLLISION WITH PARKED VEHICLE,ANGLE,STRAIGHT & LEVEL,DAYLIGHT,,,7/22/2020 8:44:14 AM,False,7190,Accepted,
27022108,0568000,LOUISVILLE METRO POLICE DEPT,Accepted,JEFFERSON,I 0064,,,,,,,,,,,38.257937701,-85.723690083,0.148,7/15/2020 12:00:00 AM,1600,2,2,0,0,CLEAR,DRY,False,OTHER RAMP RELATED COLLISIONS NOT LISTED ABOVE,REAR END,CURVE & GRADE,DAYLIGHT,I 0064,STORY AVE,7/31/2020 8:12:02 AM,False,7038,Accepted,