IncidentID,AgencyORI,AgencyName,IncidentStatusDesc,County,RdwyNumber,Street,RoadwayName,StreetSfx,StreetDir,IntersectionRdwy,IntersectionRdwyName,BetweenStRdwy1,BetweenStRdwyName1,BetweenStRdwy2,BetweenStRdwyName2,Latitude,Longitude,Milepoint,CollisionDate,CollisionTime,UnitsInvolved,MotorVehiclesInvolved,NumberKilled,NumberInjured,Weather,RdwyConditionCode,HitandRun,DirAnalysisCode,MannerofCollision,RdwyCharacter,LightCondition,RampFromRdwyId,RampToRdwyId,AcceptedDate,IsSecondaryCollision,OwnerBadge,IncidentStatus,
27031498,0568000,LOUISVILLE METRO POLICE DEPT,Accepted,JEFFERSON,,,4TH,ST,S,,,,,,,38.240887534,-85.759311819,1.096,7/15/2020 12:00:00 AM,1500,2,2,0,0,CLEAR,DRY,False,1 VEHICLE PARKED POSITION (NOT PARKING LOT/DRIVEWAY),SIDESWIPE-SAME DIRECTION,STRAIGHT & LEVEL,DAYLIGHT,,,8/3/2020 8:40:48 AM,False,7296,Accepted,
26940911,0568000,LOUISVILLE METRO POLICE DEPT,Accepted,JEFFERSON,,,MARKET,ST,W,,,,,,,38.259509192,-85.793733729,0.399,7/15/2020 12:00:00 AM,1309,2,2,0,0,CLEAR,DRY,False,SIDESWIPE COLLISION - SAME DIRECTION,SIDESWIPE-SAME DIRECTION,STRAIGHT & LEVEL,DAYLIGHT,,,7/16/2020 2:28:04 PM,False,7288,Accepted,
26934492,0568000,LOUISVILLE METRO POLICE DEPT,Accepted,JEFFERSON,US0060,7900,SHELBYVILLE,RD,,,,,,,,38.248923414,-85.607675721,6.172,7/15/2020 12:00:00 AM,0224,2,2,0,1,CLEAR,DRY,True,REAR END IN TRAFFIC LANES BOTH VEHICLES MOVING,REAR END,STRAIGHT & LEVEL,DARK-HWY LIGHTED/OFF,,,7/15/2020 8:55:55 AM,False,7096,Accepted,
26938864,0568000,LOUISVILLE METRO POLICE DEPT,Accepted,JEFFERSON,,3700,CHAMBERLAIN,LN,,,,,,,,38.301019128,-85.547765764,2.500,7/15/2020 12:00:00 AM,1407,2,2,0,2,CLEAR,DRY,False,REAR END IN TRAFFIC LANES BOTH VEHICLES MOVING,REAR END,STRAIGHT & LEVEL,DAYLIGHT,,,7/16/2020 8:10:27 AM,False,2489,Accepted,
26938872,0568000,LOUISVILLE METRO POLICE DEPT,Accepted,JEFFERSON,I 0264,,I264 E,,,,,I 0264,I264 E EXIT18 ON RAMP FROM KY1932 N,I 0264,I264 E EXIT18 TRANSIT,38.231390349,-85.630727226,18.183,7/15/2020 12:00:00 AM,1800,2,2,0,0,CLEAR,DRY,False,REAR END IN TRAFFIC LANES BOTH VEHICLES MOVING,REAR END,STRAIGHT & LEVEL,DAYLIGHT,,,7/16/2020 8:10:57 AM,False,6777,Accepted,
26938880,0568000,LOUISVILLE METRO POLICE DEPT,Accepted,JEFFERSON,KY1450,,BLUE LICK,RD,,,,,,,,38.090114330,-85.699215418,0.278,7/15/2020 12:00:00 AM,1924,2,2,0,0,CLEAR,DRY,False,REAR END IN TRAFFIC LANES BOTH VEHICLES MOVING,REAR END,STRAIGHT & LEVEL,DAYLIGHT,,,7/16/2020 8:11:29 AM,False,5182,Accepted,
26938852,0568000,LOUISVILLE METRO POLICE DEPT,Accepted,JEFFERSON,KY0864,,POPLAR LEVEL,RD,,,PRODUCE,,,,,38.179217149,-85.691907841,9.869,7/15/2020 12:00:00 AM,0937,2,2,0,1,CLEAR,DRY,False,OPPOSING LEFT TURN,OPPOSING LEFT TURN,STRAIGHT & LEVEL,DAYLIGHT,,,7/16/2020 8:09:47 AM,False,4693,Accepted,
26938861,0568000,LOUISVILLE METRO POLICE DEPT,Accepted,JEFFERSON,,6800,SKY BLUE,AVE,,,,,,,,38.151237133,-85.851331532,0.499,7/15/2020 12:00:00 AM,1336,2,2,0,0,CLEAR,DRY,False,OTHER ROADWAY OR MID-BLOCK COLLISION,REAR TO REAR,STRAIGHT & LEVEL,DAYLIGHT,,,7/16/2020 8:10:13 AM,False,7267,Accepted,
26938862,0568000,LOUISVILLE METRO POLICE DEPT,Accepted,JEFFERSON,KY1865,,NEW CUT,RD,,,KENWOOD,,,,,38.161625871,-85.779166003,3.774,7/15/2020 12:00:00 AM,1101,2,2,0,1,CLEAR,DRY,False,ANGLE COLLISION - OTHER,ANGLE,STRAIGHT & LEVEL,DAYLIGHT,,,7/16/2020 8:10:17 AM,False,7053,Accepted,
26938857,0568000,LOUISVILLE METRO POLICE DEPT,Accepted,JEFFERSON,US0031W,,DIXIE,HWY,,,,,PAGES,,HILLVIEW,38.131268411,-85.847280156,10.594,7/15/2020 12:00:00 AM,1137,2,2,0,1,CLEAR,DRY,False,1 VEHICLE ENTERING/LEAVING ENTRANCE,ANGLE,STRAIGHT & LEVEL,DAYLIGHT,,,7/16/2020 8:09:56 AM,False,7073,Accepted,
26938858,0568000,LOUISVILLE METRO POLICE DEPT,Accepted,JEFFERSON,KY1747,3419,FERN VALLEY,RD,,,,,,,,38.156930319,-85.700474639,1.741,7/15/2020 12:00:00 AM,1142,2,2,0,0,CLEAR,DRY,False,1 VEHICLE ENTERING/LEAVING ENTRANCE,ANGLE,STRAIGHT & LEVEL,DAYLIGHT,,,7/16/2020 8:10:01 AM,False,2017,Accepted,
26938865,0568000,LOUISVILLE METRO POLICE DEPT,Accepted,JEFFERSON,KY0061,,PRESTON,HWY,,,INDIAN,,,,,38.169909904,-85.707725359,6.440,7/15/2020 12:00:00 AM,1027,2,2,0,1,CLEAR,DRY,False,HEAD-ON COLLISION,HEAD ON,STRAIGHT & LEVEL,DAYLIGHT,,,7/16/2020 8:10:31 AM,False,7830,Accepted,
26938866,0568000,LOUISVILLE METRO POLICE DEPT,Accepted,JEFFERSON,I 0265,,I265 E,,,,,,,,,38.212509323,-85.506488178,24.772,7/15/2020 12:00:00 AM,1715,1,1,0,0,CLEAR,DRY,False,COLLISION WITH FIXED OBJECT NON - INTERSECTION - FIRST EVENT COLLISION 09 - 32 EXCLUDING 16,SINGLE VEHICLE,STRAIGHT & LEVEL,DAYLIGHT,,,7/16/2020 8:10:35 AM,False,6953,Accepted,
26938867,0568000,LOUISVILLE METRO POLICE DEPT,Accepted,JEFFERSON,US0031W,,DIXIE,HWY,,,FLINTLOCK,,,,,38.160044801,-85.832619747,12.729,7/15/2020 12:00:00 AM,1728,2,2,0,0,CLEAR,DRY,False,REAR END - ONE VEHICLE TURNING LEFT,REAR END,STRAIGHT & LEVEL,DAYLIGHT,,,7/16/2020 8:10:38 AM,False,7340,Accepted,
26938873,0568000,LOUISVILLE METRO POLICE DEPT,Accepted,JEFFERSON,KY1932,,BRECKENRIDGE,LN,,,,,,,,38.215609725,-85.627229116,2.502,7/15/2020 12:00:00 AM,2224,2,1,0,1,CLEAR,DRY,False,COLLISION WITH PEDESTRIAN NON - INTERSECTION,SINGLE VEHICLE,STRAIGHT & LEVEL,DARK-HWY NOT LIGHTED,,,7/16/2020 8:11:01 AM,False,5153,Accepted,
26938874,0568000,LOUISVILLE METRO POLICE DEPT,Accepted,JEFFERSON,I 0064,,I64 W,,,,,I 0064,I64 W EXIT8 OFF RAMP TO  GRINSTEAD DR,I 0064,I64 TURN AROUND9,38.242240079,-85.692760031,8.364,7/15/2020 12:00:00 AM,2321,2,2,0,2,CLEAR,DRY,False,HEAD-ON COLLISION,HEAD ON,CURVE & LEVEL,DARK (UNKNOWN ROADWAY LIGHTING),,,7/16/2020 8:11:06 AM,False,7049,Accepted,
26938888,0568000,LOUISVILLE METRO POLICE DEPT,Accepted,JEFFERSON,,,MUHAMMAD ALI,BLVD,W,,28TH,,,,,38.255555803,-85.797234527,2.453,7/15/2020 12:00:00 AM,1152,2,2,0,0,CLEAR,DRY,False,ANGLE COLLISION - OTHER,ANGLE,STRAIGHT & LEVEL,DAYLIGHT,,,7/16/2020 8:12:00 AM,False,7805,Accepted,
26938889,0568000,LOUISVILLE METRO POLICE DEPT,Accepted,JEFFERSON,KY0864,,POPLAR LEVEL,RD,,,PRODUCE,,,,,38.179315387,-85.692005124,9.856,7/15/2020 12:00:00 AM,1759,2,2,0,0,CLEAR,DRY,False,SIDESWIPE-SAME DIRECTION,SIDESWIPE-SAME DIRECTION,STRAIGHT & LEVEL,DAYLIGHT,,,7/16/2020 8:12:48 AM,False,7830,Accepted,
26943636,0568000,LOUISVILLE METRO POLICE DEPT,Accepted,JEFFERSON,KY1065,,OUTER,LOOP,,KY6162,MINOR,,,,,38.136495311,-85.713414257,4.566,7/15/2020 12:00:00 AM,2150,2,2,0,0,CLEAR,DRY,False,OTHER INTERSECTION COLLISIONS,REAR END,STRAIGHT & LEVEL,DARK-HWY NOT LIGHTED,,,7/17/2020 8:11:06 AM,False,5042,Accepted,
26938879,0568000,LOUISVILLE METRO POLICE DEPT,Accepted,JEFFERSON,,,38TH,ST,N,,WEWOKA,,,,,38.270782323,-85.810837262,0.089,7/15/2020 12:00:00 AM,2227,2,2,0,1,CLEAR,DRY,True,OTHER INTERSECTION COLLISIONS,REAR END,STRAIGHT & LEVEL,DARK-HWY LIGHTED/ON,,,7/16/2020 8:11:25 AM,False,5057,Accepted,
26938869,0568000,LOUISVILLE METRO POLICE DEPT,Accepted,JEFFERSON,US0060A,,TAYLOR,BLVD,,,CENTRAL,,,,,38.206326310,-85.776197856,2.293,7/15/2020 12:00:00 AM,1125,2,2,0,0,CLEAR,DRY,False,ANGLE COLLISION - OTHER,ANGLE,STRAIGHT & LEVEL,DAYLIGHT,,,7/16/2020 8:10:46 AM,False,7398,Accepted,
26938870,0568000,LOUISVILLE METRO POLICE DEPT,Accepted,JEFFERSON,KY1747,,HURSTBOURNE,PKWY,S,,BUNSEN,,,,,38.218797257,-85.584068128,11.460,7/15/2020 12:00:00 AM,1138,2,2,0,0,CLEAR,DRY,False,OTHER INTERSECTION COLLISIONS,REAR END,STRAIGHT & LEVEL,DAYLIGHT,,,7/16/2020 8:10:50 AM,False,7294,Accepted,
26938871,0568000,LOUISVILLE METRO POLICE DEPT,Accepted,JEFFERSON,,2032,SHERWOOD,AVE,,,,,,,,38.232644115,-85.706280833,0.292,7/15/2020 12:00:00 AM,1436,2,2,0,0,CLEAR,DRY,False,1 VEHICLE PARKED POSITION (NOT PARKING LOT/DRIVEWAY),SIDESWIPE-SAME DIRECTION,STRAIGHT & LEVEL,DAYLIGHT,,,7/16/2020 8:10:53 AM,False,7960,Accepted,
26938878,0568000,LOUISVILLE METRO POLICE DEPT,Accepted,JEFFERSON,KY1020,1430,2ND,ST,S,,,,,,,38.230469890,-85.757785173,11.029,7/15/2020 12:00:00 AM,2234,2,2,0,0,CLEAR,DRY,False,1 VEHICLE PARKED POSITION (NOT PARKING LOT/DRIVEWAY),SIDESWIPE-OPPOSITE DIRECTION,STRAIGHT & LEVEL,DARK-HWY LIGHTED/ON,,,7/16/2020 8:11:21 AM,False,5252,Accepted,
26938876,0568000,LOUISVILLE METRO POLICE DEPT,Accepted,JEFFERSON,US0031W,10427,DIXIE,HWY,,,,,VESPER,,BARRETT,38.105109514,-85.868326420,8.439,7/15/2020 12:00:00 AM,1828,2,2,0,0,CLEAR,DRY,True,COLLISION IN PARKING LOT,REAR END,,DAYLIGHT,,,7/16/2020 8:11:14 AM,False,5211,Accepted,
26943637,0568000,LOUISVILLE METRO POLICE DEPT,Accepted,JEFFERSON,,,41ST,ST,N,,DUNCAN,,,,,38.266247646,-85.815703395,0.394,7/15/2020 12:00:00 AM,1817,3,3,0,0,CLEAR,DRY,False,COLLISION WITH FIXED OBJECT IN INTERSECTION - FIRST EVENT COLLISION 09 - 32,ANGLE,STRAIGHT & LEVEL,DAYLIGHT,,,7/17/2020 8:11:15 AM,False,5164,Accepted,
26939446,0560400,SHIVELY POLICE DEPARTMENT,Accepted,JEFFERSON,I 0264,,I264 W,,,,,I 0264,I264 W EXIT5 RAMP KY1934,I 0264,I264 W EXIT8 ON RAMP FROM US31W S,38.188049168,-85.829108087,6.587,7/15/2020 12:00:00 AM,1459,3,3,0,0,CLEAR,DRY,False,OTHER ROADWAY OR MID-BLOCK COLLISION,REAR END,STRAIGHT & LEVEL,DAYLIGHT,,,7/16/2020 9:34:32 AM,False,7105,Accepted,
26940910,0568000,LOUISVILLE METRO POLICE DEPT,Accepted,JEFFERSON,US0031W,,22ND,ST,S,,,,,,,38.258557684,-85.786587818,20.207,7/15/2020 12:00:00 AM,1215,3,3,0,0,CLEAR,DRY,False,1 VEHICLE ENTERING/LEAVING ENTRANCE,ANGLE,STRAIGHT & LEVEL,DAYLIGHT,,,7/16/2020 2:28:00 PM,False,7288,Accepted,
26938877,0568000,LOUISVILLE METRO POLICE DEPT,Accepted,JEFFERSON,,,VERMONT,AVE,,,35TH,,,,,38.255707988,-85.808986727,0.457,7/15/2020 12:00:00 AM,2338,2,2,0,2,CLEAR,DRY,True,ANGLE COLLISION - OTHER,ANGLE,STRAIGHT & LEVEL,DARK-HWY LIGHTED/ON,,,7/16/2020 8:11:17 AM,False,7481,Accepted,
26944178,0568000,LOUISVILLE METRO POLICE DEPT,Accepted,JEFFERSON,I 0065,,I65 N,,,,,,,,,38.195210684,-85.733071172,131.133,7/15/2020 12:00:00 AM,0034,3,2,1,0,CLEAR,DRY,True,COLLISION WITH PEDESTRIAN NON - INTERSECTION,SIDESWIPE-SAME DIRECTION,CURVE & GRADE,DARK-HWY NOT LIGHTED,,,7/17/2020 10:25:13 AM,False,6886,Accepted,
26953212,0568000,LOUISVILLE METRO POLICE DEPT,Accepted,JEFFERSON,,,7TH,ST,S,,MAGNOLIA,,,,,38.230401304,-85.767179379,0.927,7/15/2020 12:00:00 AM,0356,1,1,0,6,CLEAR,DRY,False,COLLISION WITH FIXED OBJECT IN INTERSECTION - FIRST EVENT COLLISION 09 - 32,SINGLE VEHICLE,CURVE & GRADE,DARK-HWY LIGHTED/ON,,,7/20/2020 8:13:28 AM,False,5230,Accepted,
26963525,0568000,LOUISVILLE METRO POLICE DEPT,Accepted,JEFFERSON,,4630,SETTLE,BLVD,,,,,,,,38.123229062,-85.676349997,0.073,7/15/2020 12:00:00 AM,0723,2,2,0,1,CLEAR,DRY,True,1 VEHICLE PARKED POSITION (NOT PARKING LOT/DRIVEWAY),REAR END,STRAIGHT & LEVEL,DAYLIGHT,,,7/22/2020 8:43:32 AM,False,7354,Accepted,
26963526,0568000,LOUISVILLE METRO POLICE DEPT,Accepted,JEFFERSON,KY1065,,OUTER,LOOP,,,,,LAMBERT,,NOLTEMEYER WYNDE,38.138250893,-85.678217418,6.525,7/15/2020 12:00:00 AM,1800,3,3,0,0,CLEAR,DRY,True,REAR END IN TRAFFIC LANES BOTH VEHICLES MOVING,REAR END,STRAIGHT & LEVEL,DAYLIGHT,,,7/22/2020 8:43:35 AM,False,7354,Accepted,
27078907,0568000,LOUISVILLE METRO POLICE DEPT,Accepted,JEFFERSON,,,28TH,ST,S,,GARLAND,,,,,38.244949277,-85.799050060,1.117,7/15/2020 12:00:00 AM,2352,2,2,0,0,CLEAR,DRY,True,ANGLE COLLISION - OTHER,ANGLE,STRAIGHT & LEVEL,DARK-HWY LIGHTED/ON,,,8/14/2020 8:05:38 AM,False,5054,Accepted,
27192368,0568000,LOUISVILLE METRO POLICE DEPT,Accepted,JEFFERSON,KY1020,8405,NATIONAL,TPKE,,,,,,,,38.128438887,-85.749242761,3.762,7/15/2020 12:00:00 AM,1647,2,2,0,0,CLEAR,DRY,False,COLLISION IN PARKING LOT,REAR END,STRAIGHT & LEVEL,DAYLIGHT,,,9/10/2020 9:32:17 AM,False,7221,Accepted,
27167948,0568000,LOUISVILLE METRO POLICE DEPT,Accepted,JEFFERSON,,,ST CATHERINE,ST,E,,,,SWAN,,SCHILLER,38.234893724,-85.736325720,0.271,7/14/2020 12:00:00 AM,0121,1,1,0,0,CLEAR,DRY,False,OTHER ROADWAY OR MID-BLOCK COLLISION,SINGLE VEHICLE,STRAIGHT & LEVEL,DARK-HWY LIGHTED/ON,,,9/4/2020 9:56:37 AM,False,5267,Accepted,
27592382,0568000,LOUISVILLE METRO POLICE DEPT,Accepted,JEFFERSON,I 0064,,I64 W,,,,,,,,,38.260102805,-85.724423702,6.147,7/14/2020 12:00:00 AM,1038,1,1,0,1,CLEAR,DRY,False,COLLISION WITH FIXED OBJECT NON - INTERSECTION - FIRST EVENT COLLISION 09 - 32 EXCLUDING 16,SINGLE VEHICLE,CURVE & GRADE,DAYLIGHT,,,12/22/2020 8:10:03 AM,False,4903,Accepted,
27095317,0568000,LOUISVILLE METRO POLICE DEPT,Accepted,JEFFERSON,US0031W,,22ND,ST,S,,KENTUCKY,,,,,38.242141668,-85.789444585,19.065,7/14/2020 12:00:00 AM,1231,2,1,0,1,CLEAR,DRY,False,COLLISION WITH PARKED VEHICLE,REAR END,STRAIGHT & LEVEL,DARK-HWY LIGHTED/ON,,,8/18/2020 11:35:44 AM,False,7973,Accepted,
26953202,0568000,LOUISVILLE METRO POLICE DEPT,Accepted,JEFFERSON,,,JOHNSONTOWN,RD,,,,,TRADE PORT,,ARISTIDES,38.121035848,-85.880996297,1.390,7/14/2020 12:00:00 AM,1338,2,2,0,1,CLEAR,DRY,False,HEAD-ON COLLISION,HEAD ON,CURVE & LEVEL,DAYLIGHT,,,7/20/2020 8:12:18 AM,False,7336,Accepted,
26959605,0568000,LOUISVILLE METRO POLICE DEPT,Accepted,JEFFERSON,US0060A,,WINKLER,AVE,,,4TH,,,,,38.210345373,-85.764641987,3.070,7/14/2020 12:00:00 AM,1551,2,1,0,0,CLEAR,DRY,False,COLLISION IN PARKING LOT,BACKING,STRAIGHT & LEVEL,DAYLIGHT,,,7/21/2020 11:50:37 AM,False,7094,Accepted,
26953223,0568000,LOUISVILLE METRO POLICE DEPT,Accepted,JEFFERSON,US0060A,,TAYLOR,BLVD,,,LARCHMONT,,,,,38.205662337,-85.777109168,2.219,7/14/2020 12:00:00 AM,1334,2,2,0,5,CLEAR,DRY,False,ANGLE COLLISION - OTHER,ANGLE,STRAIGHT & LEVEL,DAYLIGHT,,,7/20/2020 8:14:14 AM,False,2499,Accepted,
26944646,0568000,LOUISVILLE METRO POLICE DEPT,Accepted,JEFFERSON,US0060A,,WINKLER,AVE,,,4TH,,,,,38.210333482,-85.764641985,3.071,7/14/2020 12:00:00 AM,1416,2,2,0,0,CLEAR,DRY,False,ANGLE COLLISION - OTHER,ANGLE,STRAIGHT & LEVEL,DAYLIGHT,,,7/17/2020 12:42:04 PM,False,7094,Accepted,
26934457,0568000,LOUISVILLE METRO POLICE DEPT,Accepted,JEFFERSON,,,FLOYD,ST,S,,ST CATHERINE,,,,,38.236480675,-85.751293072,1.339,7/14/2020 12:00:00 AM,1050,2,2,0,0,CLEAR,DRY,False,ANGLE COLLISION - OTHER,ANGLE,STRAIGHT & LEVEL,DAYLIGHT,,,7/15/2020 8:54:08 AM,False,7400,Accepted,
26934487,0568000,LOUISVILLE METRO POLICE DEPT,Accepted,JEFFERSON,US0031W,,22ND,ST,S,,MUHAMMAD ALI,,,,,38.254409937,-85.787272324,19.922,7/14/2020 12:00:00 AM,2257,2,2,0,1,CLEAR,DRY,False,ANGLE COLLISION - OTHER,ANGLE,STRAIGHT & LEVEL,DARK-HWY LIGHTED/ON,,,7/15/2020 8:55:36 AM,False,7417,Accepted,
26934493,0568000,LOUISVILLE METRO POLICE DEPT,Accepted,JEFFERSON,,900B,BARRET,AVE,,,,,,,,38.236837831,-85.728510409,0.920,7/14/2020 12:00:00 AM,0416,3,3,0,0,CLEAR,DRY,True,1 VEHICLE PARKED POSITION (NOT PARKING LOT/DRIVEWAY),SIDESWIPE-SAME DIRECTION,STRAIGHT & LEVEL,DARK-HWY LIGHTED/ON,,,7/15/2020 8:55:58 AM,False,7376,Accepted,
26934645,0566700,MIDDLETOWN POLICE DEPARTMENT,Accepted,JEFFERSON,US0060,,SHELBYVILLE,RD,,,BECKLEY WOODS,,,,,38.241564847,-85.498424083,12.294,7/14/2020 12:00:00 AM,1149,2,2,0,0,CLEAR,DRY,False,SIDESWIPE-SAME DIRECTION,SIDESWIPE-SAME DIRECTION,STRAIGHT & HILLCREST,DAYLIGHT,,,7/15/2020 9:46:43 AM,False,2009,Accepted,
26934465,0568000,LOUISVILLE METRO POLICE DEPT,Accepted,JEFFERSON,,,HILL,ST,W,,17TH,,,,,38.227840461,-85.784865405,1.516,7/14/2020 12:00:00 AM,1600,2,2,0,1,CLEAR,DRY,False,ANGLE COLLISION - OTHER,ANGLE,STRAIGHT & LEVEL,DAYLIGHT,,,7/15/2020 8:54:35 AM,False,7184,Accepted,
26934472,0568000,LOUISVILLE METRO POLICE DEPT,Accepted,JEFFERSON,KY2860,,GRINSTEAD,DR,,,EVERETT,,,,,38.239798068,-85.718163666,0.179,7/14/2020 12:00:00 AM,1729,2,2,0,0,CLEAR,DRY,False,ANGLE COLLISION - ONE VEHICLE TURNING RIGHT,ANGLE,STRAIGHT & LEVEL,DAYLIGHT,,,7/15/2020 8:54:42 AM,False,2100,Accepted,
26934469,0568000,LOUISVILLE METRO POLICE DEPT,Accepted,JEFFERSON,,,GARLAND,AVE,,,40TH,,,,,38.246705219,-85.818275817,2.763,7/14/2020 12:00:00 AM,1739,4,4,0,1,CLEAR,DRY,True,OPPOSITE DIRECTION - BOTH VEHICLES GOING STRAIGHT AHEAD,SIDESWIPE-OPPOSITE DIRECTION,STRAIGHT & LEVEL,DAYLIGHT,,,7/15/2020 8:54:39 AM,False,5161,Accepted,
26934496,0568000,LOUISVILLE METRO POLICE DEPT,Accepted,JEFFERSON,,,PARK,RD,S,,,KY0061,PRESTON,,MATILDA,38.118054234,-85.677334912,0.005,7/14/2020 12:00:00 AM,1535,2,2,0,0,CLEAR,DRY,False,OTHER ROADWAY OR MID-BLOCK COLLISION,REAR END,STRAIGHT & LEVEL,DAYLIGHT,,,7/15/2020 8:56:10 AM,False,2324,Accepted,
26934490,0568000,LOUISVILLE METRO POLICE DEPT,Accepted,JEFFERSON,KY1020,,SOUTHERN,PKWY,,,3RD,,,,,38.200599843,-85.765119670,9.151,7/14/2020 12:00:00 AM,0024,2,2,0,1,CLEAR,DRY,False,OTHER INTERSECTION COLLISIONS,REAR END,STRAIGHT & LEVEL,DARK-HWY LIGHTED/ON,,,7/15/2020 8:55:47 AM,False,7462,Accepted,
26934491,0568000,LOUISVILLE METRO POLICE DEPT,Accepted,JEFFERSON,,,MAGAZINE,ST,,,,,26TH,,24TH,38.251559209,-85.793414608,1.442,7/14/2020 12:00:00 AM,2200,3,3,0,0,CLEAR,DRY,False,REAR END IN TRAFFIC LANES BOTH VEHICLES MOVING,REAR END,STRAIGHT & LEVEL,DARK-HWY LIGHTED/ON,,,7/15/2020 8:55:51 AM,False,7417,Accepted,
26934643,0566700,MIDDLETOWN POLICE DEPARTMENT,Accepted,JEFFERSON,US0060,,SHELBYVILLE,RD,,,BECKLEY WOODS,,,,,38.241589922,-85.498672034,12.280,7/14/2020 12:00:00 AM,1055,2,2,0,0,CLEAR,DRY,False,ANGLE COLLISION - OTHER,ANGLE,STRAIGHT & HILLCREST,DAYLIGHT,,,7/15/2020 9:46:40 AM,False,2009,Accepted,
26934484,0568000,LOUISVILLE METRO POLICE DEPT,Accepted,JEFFERSON,,805,33RD,ST,S,,,,,,,38.247561935,-85.807375592,0.128,7/14/2020 12:00:00 AM,2333,2,2,0,0,CLEAR,DRY,False,1 VEHICLE PARKED POSITION (NOT PARKING LOT/DRIVEWAY),SIDESWIPE-SAME DIRECTION,STRAIGHT & LEVEL,DARK-HWY LIGHTED/ON,,,7/15/2020 8:55:25 AM,False,7388,Accepted,
26934448,0568000,LOUISVILLE METRO POLICE DEPT,Accepted,JEFFERSON,US0031E,4800,BARDSTOWN,RD,,,,,,,,38.178004121,-85.621120716,8.321,7/14/2020 12:00:00 AM,0851,2,2,0,0,CLEAR,DRY,False,REAR END IN TRAFFIC LANES BOTH VEHICLES MOVING,REAR END,STRAIGHT & LEVEL,DAYLIGHT,,,7/15/2020 8:53:41 AM,False,7307,Accepted,
26934449,0568000,LOUISVILLE METRO POLICE DEPT,Accepted,JEFFERSON,,,FERNDALE,RD,,,FERN CREEK,,,,,38.155168913,-85.592057364,0.119,7/14/2020 12:00:00 AM,0702,2,1,0,1,CLEAR,DRY,False,COLLISION WITH PEDESTRIAN IN INTERSECTION,SINGLE VEHICLE,STRAIGHT & LEVEL,DAYLIGHT,,,7/15/2020 8:53:44 AM,False,4693,Accepted,
26934456,0568000,LOUISVILLE METRO POLICE DEPT,Accepted,JEFFERSON,,,HILL,ST,W,,17TH,,,,,38.227997532,-85.784762153,1.527,7/14/2020 12:00:00 AM,1230,2,2,0,1,CLEAR,DRY,False,SIDESWIPE-SAME DIRECTION,SIDESWIPE-SAME DIRECTION,STRAIGHT & LEVEL,DAYLIGHT,,,7/15/2020 8:54:04 AM,False,7538,Accepted,
26934455,0568000,LOUISVILLE METRO POLICE DEPT,Accepted,JEFFERSON,KY1450,,BLUE LICK,RD,,,WHITEOAK PARK,,,,,38.118372065,-85.689474400,2.315,7/14/2020 12:00:00 AM,1148,2,2,0,0,CLEAR,DRY,False,OPPOSITE DIRECTION - BOTH VEHICLES GOING STRAIGHT AHEAD,SIDESWIPE-OPPOSITE DIRECTION,STRAIGHT & LEVEL,DAYLIGHT,,,7/15/2020 8:54:01 AM,False,2324,Accepted,
26934463,0568000,LOUISVILLE METRO POLICE DEPT,Accepted,JEFFERSON,,,3RD,ST,S,,KINGSTON,,,,,38.173092871,-85.767739373,1.776,7/14/2020 12:00:00 AM,1337,3,3,0,0,CLEAR,DRY,False,ANGLE COLLISION - OTHER,ANGLE,STRAIGHT & LEVEL,DAYLIGHT,,,7/15/2020 8:54:30 AM,False,5052,Accepted,
26934453,0568000,LOUISVILLE METRO POLICE DEPT,Accepted,JEFFERSON,I 0264,,I264 W,,,,,,,,,38.191088742,-85.718488664,12.696,7/14/2020 12:00:00 AM,0839,2,2,0,0,CLEAR,DRY,False,SIDESWIPE COLLISION - SAME DIRECTION,SIDESWIPE-SAME DIRECTION,STRAIGHT & LEVEL,DAYLIGHT,,,7/15/2020 8:53:58 AM,False,4903,Accepted,
26934460,0568000,LOUISVILLE METRO POLICE DEPT,Accepted,JEFFERSON,US0060A,,LEXINGTON,RD,,,BAUER,,,,,38.251691619,-85.660892787,10.340,7/14/2020 12:00:00 AM,1107,2,2,0,0,CLEAR,DRY,False,OPPOSING LEFT TURN,OPPOSING LEFT TURN,STRAIGHT & LEVEL,DAYLIGHT,,,7/15/2020 8:54:20 AM,False,7632,Accepted,
26934462,0568000,LOUISVILLE METRO POLICE DEPT,Accepted,JEFFERSON,,,WOLF PEN BRANCH,RD,,,,,WOLF PEN,,VENKATA,38.328721150,-85.592230551,2.861,7/14/2020 12:00:00 AM,1120,2,2,0,0,CLEAR,DRY,False,1 VEHICLE PARKED POSITION (NOT PARKING LOT/DRIVEWAY),SIDESWIPE-SAME DIRECTION,STRAIGHT & LEVEL,DAYLIGHT,,,7/15/2020 8:54:27 AM,False,7751,Accepted,