IncidentID,AgencyORI,AgencyName,IncidentStatusDesc,County,RdwyNumber,Street,RoadwayName,StreetSfx,StreetDir,IntersectionRdwy,IntersectionRdwyName,BetweenStRdwy1,BetweenStRdwyName1,BetweenStRdwy2,BetweenStRdwyName2,Latitude,Longitude,Milepoint,CollisionDate,CollisionTime,UnitsInvolved,MotorVehiclesInvolved,NumberKilled,NumberInjured,Weather,RdwyConditionCode,HitandRun,DirAnalysisCode,MannerofCollision,RdwyCharacter,LightCondition,RampFromRdwyId,RampToRdwyId,AcceptedDate,IsSecondaryCollision,OwnerBadge,IncidentStatus,
26934477,0568000,LOUISVILLE METRO POLICE DEPT,Accepted,JEFFERSON,KY1142,,PALATKA,RD,,,,,,,,38.150858994,-85.779128219,1.288,7/14/2020 12:00:00 AM,1256,2,2,0,4,CLEAR,DRY,False,HEAD-ON COLLISION,HEAD ON,CURVE & LEVEL,DAYLIGHT,,,7/15/2020 8:54:59 AM,False,7234,Accepted,
26929990,0568000,LOUISVILLE METRO POLICE DEPT,Accepted,JEFFERSON,KY0061,7140,PRESTON,HWY,,,,,,,,38.147917379,-85.692001627,4.654,7/14/2020 12:00:00 AM,0626,1,1,0,0,CLEAR,DRY,True,COLLISION WITH FIXED OBJECT NON - INTERSECTION - FIRST EVENT COLLISION 09 - 32 EXCLUDING 16,SINGLE VEHICLE,STRAIGHT & LEVEL,DAWN,,,7/14/2020 8:50:47 AM,False,7120,Accepted,
26934459,0568000,LOUISVILLE METRO POLICE DEPT,Accepted,JEFFERSON,KY1747,,FERN VALLEY,RD,,,GEIL,,,,,38.157194941,-85.679796241,2.883,7/14/2020 12:00:00 AM,1617,2,2,0,0,CLEAR,DRY,True,ANGLE COLLISION - ONE VEHICLE TURNING RIGHT,ANGLE,STRAIGHT & LEVEL,DAYLIGHT,,,7/15/2020 8:54:16 AM,False,2321,Accepted,
26934478,0568000,LOUISVILLE METRO POLICE DEPT,Accepted,JEFFERSON,KY1865,5533,NEW CUT,RD,,,,,,,,38.143577577,-85.774838637,2.513,7/14/2020 12:00:00 AM,1520,2,2,0,0,CLEAR,DRY,False,SIDESWIPE COLLISION - SAME DIRECTION,SIDESWIPE-SAME DIRECTION,STRAIGHT & LEVEL,DAYLIGHT,,,7/15/2020 8:55:02 AM,False,7263,Accepted,
26934485,0568000,LOUISVILLE METRO POLICE DEPT,Accepted,JEFFERSON,,,26TH,ST,S,,MAGAZINE,,,,,38.251697820,-85.794631908,0.569,7/14/2020 12:00:00 AM,2241,2,2,0,0,CLEAR,DRY,False,ANGLE COLLISION - OTHER,ANGLE,STRAIGHT & LEVEL,DARK-HWY LIGHTED/ON,,,7/15/2020 8:55:29 AM,False,5008,Accepted,
26929976,0568000,LOUISVILLE METRO POLICE DEPT,Accepted,JEFFERSON,US0031W,,22ND,ST,S,,KENTUCKY,,,,,38.242141668,-85.789444585,19.065,7/14/2020 12:00:00 AM,0020,2,2,0,1,CLEAR,DRY,False,COLLISION WITH PARKED VEHICLE,REAR END,STRAIGHT & LEVEL,DARK-HWY LIGHTED/ON,,,7/14/2020 8:50:00 AM,False,7973,Accepted,
27012417,0568000,LOUISVILLE METRO POLICE DEPT,Accepted,JEFFERSON,KY2048,212,CANNONS,LN,,,,,,,,38.252238053,-85.669099917,2.588,7/14/2020 12:00:00 AM,0015,1,1,0,0,CLEAR,DRY,False,COLLISION WITH FIXED OBJECT NON - INTERSECTION - FIRST EVENT COLLISION 09 - 32 EXCLUDING 16,SINGLE VEHICLE,STRAIGHT & LEVEL,DARK-HWY LIGHTED/ON,,,7/29/2020 8:58:53 AM,False,7544,Accepted,
26967823,0568000,LOUISVILLE METRO POLICE DEPT,Accepted,JEFFERSON,,,RIVER PARK,DR,,,,,,,,38.254292181,-85.805956366,1.151,7/14/2020 12:00:00 AM,0820,2,2,0,0,CLEAR,DRY,False,SIDESWIPE COLLISION - SAME DIRECTION,SIDESWIPE-SAME DIRECTION,STRAIGHT & LEVEL,DAYLIGHT,,,7/23/2020 8:12:44 AM,False,5129,Accepted,
26958530,0568000,LOUISVILLE METRO POLICE DEPT,Accepted,JEFFERSON,US0031W,,DIXIE,HWY,,,JOHNSONTOWN,,,,,38.121247974,-85.855600378,9.744,7/14/2020 12:00:00 AM,1304,2,2,0,1,CLEAR,DRY,False,ANGLE COLLISION - OTHER,ANGLE,STRAIGHT & LEVEL,DAYLIGHT,,,7/21/2020 8:15:51 AM,False,2217,Accepted,
26983725,0568000,LOUISVILLE METRO POLICE DEPT,Accepted,JEFFERSON,I 0065,,,,,I 0264,I264 W,,,,,38.191155335,-85.718757922,0.015,7/14/2020 12:00:00 AM,0842,2,2,0,0,CLEAR,DRY,False,ANGLE COLLISION - OTHER,ANGLE,STRAIGHT & LEVEL,DAYLIGHT,,,7/24/2020 12:48:03 PM,False,7720,Accepted,
26981624,0565000,LYNDON POLICE DEPARTMENT,Accepted,JEFFERSON,KY2050,,HERR,LN,,,GREENLAWN,,,,,38.277131834,-85.622072116,1.619,7/13/2020 12:00:00 AM,1047,2,1,0,0,CLEAR,DRY,False,ANGLE COLLISION - OTHER,ANGLE,STRAIGHT & LEVEL,DAYLIGHT,,,7/24/2020 3:01:35 AM,False,1345,Accepted,
26958557,0568000,LOUISVILLE METRO POLICE DEPT,Accepted,JEFFERSON,,,ARCADE,AVE,,KY1931,7TH ST,,,,,38.209599316,-85.787019752,0.599,7/13/2020 12:00:00 AM,0100,2,2,0,0,CLEAR,DRY,False,COLLISION WITH PARKED VEHICLE,SIDESWIPE-SAME DIRECTION,STRAIGHT & LEVEL,DARK-HWY LIGHTED/ON,,,7/21/2020 8:17:29 AM,False,5205,Accepted,
26929965,0568000,LOUISVILLE METRO POLICE DEPT,Accepted,JEFFERSON,KY0061,,PRESTON,HWY,,,PRESTWOOD,,,,,38.162654912,-85.700365540,5.799,7/13/2020 12:00:00 AM,1608,3,3,0,0,CLEAR,DRY,True,HEAD-ON COLLISION,HEAD ON,STRAIGHT & LEVEL,DAYLIGHT,,,7/14/2020 8:49:05 AM,False,5146,Accepted,
26929966,0568000,LOUISVILLE METRO POLICE DEPT,Accepted,JEFFERSON,US0031W,,DIXIE,HWY,,,,,,,,38.108030349,-85.866473997,8.613,7/13/2020 12:00:00 AM,1341,2,2,0,0,CLEAR,DRY,False,1 VEHICLE ENTERING/LEAVING ENTRANCE,ANGLE,STRAIGHT & LEVEL,DAYLIGHT,,,7/14/2020 8:49:11 AM,False,7234,Accepted,
26929967,0568000,LOUISVILLE METRO POLICE DEPT,Accepted,JEFFERSON,I 0264,,,,,,,,,,,38.210001966,-85.673999794,0.191,7/13/2020 12:00:00 AM,0821,2,2,0,0,CLEAR,DRY,False,OTHER RAMP RELATED COLLISIONS NOT LISTED ABOVE,REAR END,STRAIGHT & GRADE,DAYLIGHT,US31E,I 0264,7/14/2020 8:49:16 AM,False,6813,Accepted,
26929973,0568000,LOUISVILLE METRO POLICE DEPT,Accepted,JEFFERSON,,622,JORDAN,AVE,,,,,,,,38.224587432,-85.769660032,0.041,7/13/2020 12:00:00 AM,0943,2,2,0,0,CLEAR,DRY,True,1 VEHICLE PARKED POSITION (NOT PARKING LOT/DRIVEWAY),REAR END,STRAIGHT & LEVEL,DAYLIGHT,,,7/14/2020 8:49:46 AM,False,7387,Accepted,
26929960,0568000,LOUISVILLE METRO POLICE DEPT,Accepted,JEFFERSON,,12200,HOLSCLAW HILL,RD,,,,,,,,38.079655051,-85.755278720,1.276,7/13/2020 12:00:00 AM,0831,2,2,0,0,CLEAR,DRY,True,SIDESWIPE COLLISION - OPPOSITE DIRECTION,SIDESWIPE-OPPOSITE DIRECTION,CURVE & HILLCREST,DAYLIGHT,,,7/14/2020 8:48:45 AM,False,7252,Accepted,
26925212,0568000,LOUISVILLE METRO POLICE DEPT,Accepted,JEFFERSON,I 0071,,I71 S,,,I 0064,I64 S TRANSIT,,,,,38.262084550,-85.725145123,0.005,7/13/2020 12:00:00 AM,0107,2,2,0,0,CLEAR,DRY,True,SIDESWIPE-SAME DIRECTION,SIDESWIPE-SAME DIRECTION,STRAIGHT & LEVEL,DARK-HWY LIGHTED/ON,,,7/13/2020 9:22:43 AM,False,7386,Accepted,
26925220,0568000,LOUISVILLE METRO POLICE DEPT,Accepted,JEFFERSON,US0150,,BROADWAY,,W,US0031W,DR W J HODGE,,,,,38.249185610,-85.786520860,0.824,7/13/2020 12:00:00 AM,0459,2,2,0,2,CLEAR,DRY,False,ANGLE COLLISION - OTHER,ANGLE,STRAIGHT & LEVEL,DARK-HWY LIGHTED/ON,,,7/13/2020 9:23:02 AM,False,5158,Accepted,
26929958,0568000,LOUISVILLE METRO POLICE DEPT,Accepted,JEFFERSON,US0060A,,LEXINGTON,RD,,,,,MACON,,WENDOVER,38.252149995,-85.659520364,10.415,7/13/2020 12:00:00 AM,0946,2,2,0,0,CLEAR,DRY,False,SIDESWIPE COLLISION - SAME DIRECTION,SIDESWIPE-SAME DIRECTION,STRAIGHT & LEVEL,DAYLIGHT,,,7/14/2020 8:48:36 AM,False,7632,Accepted,
26934486,0568000,LOUISVILLE METRO POLICE DEPT,Accepted,JEFFERSON,,,DIXIE,HWY,,US0150,BROADWAY,,,,,38.248953388,-85.782070662,,7/13/2020 12:00:00 AM,2217,3,3,0,6,CLEAR,DRY,False,ANGLE COLLISION - OTHER,ANGLE,STRAIGHT & LEVEL,DARK-HWY LIGHTED/ON,,,7/15/2020 8:55:32 AM,False,7417,Accepted,
26929979,0568000,LOUISVILLE METRO POLICE DEPT,Accepted,JEFFERSON,,4100B,MARKET,ST,W,,,,,,,38.262643447,-85.816128872,1.639,7/13/2020 12:00:00 AM,2050,2,2,0,1,CLEAR,DRY,False,REAR END IN TRAFFIC LANES BOTH VEHICLES MOVING,REAR END,STRAIGHT & LEVEL,DAYLIGHT,,,7/14/2020 8:50:11 AM,False,7343,Accepted,
26929988,0568000,LOUISVILLE METRO POLICE DEPT,Accepted,JEFFERSON,KY0022,,BROWNSBORO,RD,,,BARBOUR,,,,,38.295486573,-85.602049375,2.113,7/13/2020 12:00:00 AM,1726,2,2,0,0,CLEAR,DRY,False,OPPOSING LEFT TURN,OPPOSING LEFT TURN,STRAIGHT & LEVEL,DAYLIGHT,,,7/14/2020 8:50:42 AM,False,7751,Accepted,
26929994,0568000,LOUISVILLE METRO POLICE DEPT,Accepted,JEFFERSON,,,DIXIE,HWY,,,OAK,,,,,38.237408112,-85.786781169,0.837,7/13/2020 12:00:00 AM,1653,2,1,0,1,CLEAR,DRY,False,COLLISION WITH PEDESTRIAN IN INTERSECTION,SINGLE VEHICLE,STRAIGHT & LEVEL,DAYLIGHT,,,7/14/2020 8:50:54 AM,False,5257,Accepted,
26929984,0568000,LOUISVILLE METRO POLICE DEPT,Accepted,JEFFERSON,KY1447,,WESTPORT,RD,,,TOWNE CENTER,,,,,38.296296192,-85.553360775,6.387,7/13/2020 12:00:00 AM,1423,2,2,0,1,CLEAR,DRY,False,OPPOSING LEFT TURN,OPPOSING LEFT TURN,STRAIGHT & LEVEL,DAYLIGHT,,,7/14/2020 8:50:32 AM,False,7751,Accepted,
26929981,0568000,LOUISVILLE METRO POLICE DEPT,Accepted,JEFFERSON,US0031W,,DIXIE,HWY,,,,,HILLVIEW,,MARYMAN,38.132757122,-85.846214094,10.732,7/13/2020 12:00:00 AM,2259,2,2,0,0,CLEAR,DRY,False,SIDESWIPE COLLISION - OPPOSITE DIRECTION,SIDESWIPE-OPPOSITE DIRECTION,STRAIGHT & LEVEL,DARK-HWY LIGHTED/ON,,,7/14/2020 8:50:19 AM,False,7166,Accepted,
26929982,0568000,LOUISVILLE METRO POLICE DEPT,Accepted,JEFFERSON,KY1065,,OUTER,LOOP,,,,,,,,38.132192182,-85.728434151,3.691,7/13/2020 12:00:00 AM,1918,2,2,0,1,CLEAR,DRY,False,REAR END IN TRAFFIC LANES BOTH VEHICLES MOVING,REAR END,STRAIGHT & LEVEL,DAYLIGHT,,,7/14/2020 8:50:22 AM,False,7016,Accepted,
26929983,0568000,LOUISVILLE METRO POLICE DEPT,Accepted,JEFFERSON,KY2052,,SHEPHERDSVILLE,RD,,,,,,,,38.155226470,-85.659734068,1.149,7/13/2020 12:00:00 AM,2152,3,3,0,5,CLEAR,DRY,False,REAR END IN TRAFFIC LANES BOTH VEHICLES MOVING,REAR END,STRAIGHT & LEVEL,DARK-HWY NOT LIGHTED,,,7/14/2020 8:50:28 AM,False,7106,Accepted,
26929963,0568000,LOUISVILLE METRO POLICE DEPT,Accepted,JEFFERSON,KY1065,,OUTER,LOOP,,,SHEPHERDSVILLE,,,,,38.138972043,-85.657625296,7.654,7/13/2020 12:00:00 AM,1458,2,2,0,1,CLEAR,DRY,False,OTHER INTERSECTION COLLISIONS,REAR END,STRAIGHT & GRADE,DAYLIGHT,,,7/14/2020 8:48:56 AM,False,6937,Accepted,
26929968,0568000,LOUISVILLE METRO POLICE DEPT,Accepted,JEFFERSON,,10408,STARLIGHT,WAY,,,,,,,,38.101694068,-85.836940607,0.408,7/13/2020 12:00:00 AM,1818,1,1,0,0,CLEAR,DRY,False,COLLISION WITH FIXED OBJECT NON - INTERSECTION - FIRST EVENT COLLISION 09 - 32 EXCLUDING 16,SINGLE VEHICLE,CURVE & LEVEL,DAYLIGHT,,,7/14/2020 8:49:20 AM,False,7149,Accepted,
26929970,0568000,LOUISVILLE METRO POLICE DEPT,Accepted,JEFFERSON,,,CHESTNUT,ST,W,KY1020,2ND,,,,,38.248582148,-85.754565599,2.546,7/13/2020 12:00:00 AM,0818,2,2,0,1,CLEAR,DRY,False,ANGLE COLLISION - ONE VEHICLE TURNING RIGHT,ANGLE,STRAIGHT & LEVEL,DAYLIGHT,,,7/14/2020 8:49:34 AM,False,2854,Accepted,
26929971,0568000,LOUISVILLE METRO POLICE DEPT,Accepted,JEFFERSON,KY2054,,ALGONQUIN,PKWY,,,COMPTON,,,,,38.213271770,-85.772252948,3.056,7/13/2020 12:00:00 AM,1655,2,2,0,0,CLEAR,DRY,False,ANGLE COLLISION - OTHER,ANGLE,CURVE & LEVEL,DAYLIGHT,,,7/14/2020 8:49:37 AM,False,7402,Accepted,
26929977,0568000,LOUISVILLE METRO POLICE DEPT,Accepted,JEFFERSON,,3501,BROADWAY,,W,,,,,,,38.250008456,-85.811294350,1.255,7/13/2020 12:00:00 AM,2015,2,2,0,0,CLEAR,DRY,True,REAR END IN TRAFFIC LANES BOTH VEHICLES MOVING,REAR END,STRAIGHT & LEVEL,DAYLIGHT,,,7/14/2020 8:50:04 AM,False,5202,Accepted,
26934481,0568000,LOUISVILLE METRO POLICE DEPT,Accepted,JEFFERSON,,,MURPHY,LN,,KY1447,WESTPORT,,,,,38.302070295,-85.532578879,0.003,7/13/2020 12:00:00 AM,2043,2,2,0,0,CLEAR,DRY,False,OPPOSING LEFT TURN,OPPOSING LEFT TURN,STRAIGHT & LEVEL,DARK-HWY LIGHTED/ON,,,7/15/2020 8:55:13 AM,False,5056,Accepted,
26934479,0568000,LOUISVILLE METRO POLICE DEPT,Accepted,JEFFERSON,KY1230,,CANE RUN,RD,,,,,,,,38.147467615,-85.896099094,4.819,7/13/2020 12:00:00 AM,1717,4,4,0,0,CLEAR,DRY,False,1 VEHICLE ENTERING/LEAVING ENTRANCE,ANGLE,STRAIGHT & LEVEL,DAYLIGHT,,,7/15/2020 8:55:06 AM,False,7234,Accepted,
26934447,0568000,LOUISVILLE METRO POLICE DEPT,Accepted,JEFFERSON,,,4TH,ST,S,US0060A,WINKLER,,,,,38.210321585,-85.764687196,3.221,7/13/2020 12:00:00 AM,1757,2,1,0,1,CLEAR,DRY,False,COLLISION WITH BICYCLE IN INTERSECTION,SINGLE VEHICLE,STRAIGHT & LEVEL,DAYLIGHT,,,7/15/2020 8:53:37 AM,False,7094,Accepted,
26953206,0568000,LOUISVILLE METRO POLICE DEPT,Accepted,JEFFERSON,KY1020,,2ND,ST,S,,CARDINAL,,,,,38.220384287,-85.759815692,10.322,7/13/2020 12:00:00 AM,1815,2,2,0,0,CLEAR,DRY,False,OTHER INTERSECTION COLLISIONS,REAR END,STRAIGHT & LEVEL,DAYLIGHT,,,7/20/2020 8:12:50 AM,False,7116,Accepted,
26953199,0568000,LOUISVILLE METRO POLICE DEPT,Accepted,JEFFERSON,,,34TH,ST,S,,VIRGINIA,,,,,38.238811390,-85.810295760,1.624,7/13/2020 12:00:00 AM,1405,2,2,0,0,CLEAR,DRY,True,ANGLE COLLISION - OTHER,ANGLE,STRAIGHT & LEVEL,DAYLIGHT,,,7/20/2020 8:11:55 AM,False,5190,Accepted,
26943630,0568000,LOUISVILLE METRO POLICE DEPT,Accepted,JEFFERSON,,,ROWAN,ST,,,26TH,,,,,38.262099177,-85.793560487,1.377,7/13/2020 12:00:00 AM,0217,4,4,0,0,CLEAR,DRY,True,COLLISION WITH PARKED VEHICLE,ANGLE,STRAIGHT & LEVEL,DARK-HWY LIGHTED/ON,,,7/17/2020 8:10:41 AM,False,7190,Accepted,
27079332,0568000,LOUISVILLE METRO POLICE DEPT,Accepted,JEFFERSON,I 0264,,I264 E,,,,,,,,,38.259379129,-85.623015181,20.477,7/13/2020 12:00:00 AM,1535,2,2,0,0,CLEAR,DRY,False,1 VEHICLE ENTERING/LEAVING ENTRANCE,ANGLE,CURVE & GRADE,DAYLIGHT,,,8/14/2020 9:49:30 AM,False,7720,Accepted,
27094268,0568000,LOUISVILLE METRO POLICE DEPT,Accepted,JEFFERSON,US0060A,,BERRY,BLVD,,,CONTINENTAL,,,,,38.196691829,-85.795929166,0.757,7/12/2020 12:00:00 AM,0225,2,2,0,1,CLEAR,DRY,False,ANGLE COLLISION - OTHER,ANGLE,STRAIGHT & LEVEL,DAYLIGHT,,,8/18/2020 8:11:41 AM,True,5287,Accepted,
26944644,0568000,LOUISVILLE METRO POLICE DEPT,Accepted,JEFFERSON,I 0064,,I64 W,,,,,,,,,38.252155849,-85.717461383,6.815,7/12/2020 12:00:00 AM,1939,1,1,1,1,CLEAR,DRY,False,OTHER COLLISIONS ON SHOULDER,SINGLE VEHICLE,CURVE & LEVEL,DAYLIGHT,,,7/17/2020 12:42:00 PM,False,7772,Accepted,
26958182,0566900,LOUISVILLE AIRPORT POLICE,Accepted,JEFFERSON,,600,LOWER TERMINAL,DR,,,,,,,,38.186080019,-85.742579297,0.184,7/12/2020 12:00:00 AM,1415,2,2,0,0,CLEAR,DRY,False,1 VEHICLE PARKED POSITION (NOT PARKING LOT/DRIVEWAY),SIDESWIPE-SAME DIRECTION,STRAIGHT & LEVEL,DAYLIGHT,,,7/21/2020 7:13:12 AM,False,5852,Accepted,
26967845,0568000,LOUISVILLE METRO POLICE DEPT,Accepted,JEFFERSON,US0060,,FRANKFORT,AVE,,,VERNON,,,,,38.254207834,-85.708537897,0.636,7/12/2020 12:00:00 AM,1250,2,2,0,1,CLEAR,DRY,False,ANGLE COLLISION - OTHER,ANGLE,STRAIGHT & LEVEL,DAYLIGHT,,,7/23/2020 8:14:24 AM,False,7180,Accepted,
26938859,0568000,LOUISVILLE METRO POLICE DEPT,Accepted,JEFFERSON,,,34TH,ST,S,,GARLAND,,,,,38.245829996,-85.808799880,1.152,7/12/2020 12:00:00 AM,1527,2,2,0,2,CLEAR,DRY,False,OPPOSITE DIRECTION - BOTH VEHICLES GOING STRAIGHT AHEAD,SIDESWIPE-OPPOSITE DIRECTION,CURVE & LEVEL,DAYLIGHT,,,7/16/2020 8:10:05 AM,False,7772,Accepted,
26934446,0568000,LOUISVILLE METRO POLICE DEPT,Accepted,JEFFERSON,I 0071,,I71 S,,,,,,,,,38.318210893,-85.572587074,9.648,7/12/2020 12:00:00 AM,0724,1,1,0,0,RAINING,WET,False,OTHER COLLISIONS ON SHOULDER,SINGLE VEHICLE,STRAIGHT & LEVEL,DAYLIGHT,,,7/15/2020 8:53:34 AM,False,7839,Accepted,
26925206,0568000,LOUISVILLE METRO POLICE DEPT,Accepted,JEFFERSON,,,4TH,ST,S,,LEE,,,,,38.223384235,-85.762382684,2.314,7/12/2020 12:00:00 AM,1653,2,2,0,0,CLEAR,DRY,False,ANGLE COLLISION - OTHER,ANGLE,STRAIGHT & LEVEL,DAYLIGHT,,,7/13/2020 9:22:18 AM,False,7273,Accepted,
26925216,0568000,LOUISVILLE METRO POLICE DEPT,Accepted,JEFFERSON,US0031W,,MAIN,ST,W,,9TH,,,,,38.257531903,-85.764790777,21.473,7/12/2020 12:00:00 AM,2046,2,2,0,0,CLEAR,DRY,True,OTHER INTERSECTION COLLISIONS,REAR END,STRAIGHT & LEVEL,DUSK,,,7/13/2020 9:22:55 AM,False,7325,Accepted,
26925176,0568000,LOUISVILLE METRO POLICE DEPT,Accepted,JEFFERSON,KY1931,,7TH ST,RD,,,,,EUCLID,KY2054,ALGONQUIN,38.220057380,-85.777419109,10.450,7/12/2020 12:00:00 AM,0545,2,1,0,1,CLOUDY,WET,True,OTHER COLLISIONS ON SHOULDER,SINGLE VEHICLE,STRAIGHT & LEVEL,DAWN,,,7/13/2020 9:21:12 AM,False,7181,Accepted,
26925213,0568000,LOUISVILLE METRO POLICE DEPT,Accepted,JEFFERSON,,2501,4TH,ST,S,,,,,,,38.211855625,-85.764386070,3.118,7/12/2020 12:00:00 AM,0200,3,1,0,2,RAINING,WET,True,COLLISION WITH PEDESTRIAN NON - INTERSECTION,SINGLE VEHICLE,STRAIGHT & LEVEL,DUSK,,,7/13/2020 9:22:47 AM,False,7291,Accepted,
26925211,0568000,LOUISVILLE METRO POLICE DEPT,Accepted,JEFFERSON,KY0155,,TAYLORSVILLE,RD,,KY2048,DUTCHMANS,,,,,38.222186571,-85.657991320,15.083,7/12/2020 12:00:00 AM,1925,2,2,0,0,CLOUDY,DRY,False,OTHER INTERSECTION COLLISIONS,REAR END,STRAIGHT & LEVEL,DAYLIGHT,,,7/13/2020 9:22:39 AM,False,7916,Accepted,
26925172,0568000,LOUISVILLE METRO POLICE DEPT,Accepted,JEFFERSON,US0031W,,DR W J HODGE,ST,,,JEFFERSON,,,,,38.256989647,-85.785166588,20.138,7/12/2020 12:00:00 AM,0341,2,2,0,2,RAINING,WET,False,ANGLE COLLISION - OTHER,ANGLE,STRAIGHT & LEVEL,DARK (UNKNOWN ROADWAY LIGHTING),,,7/13/2020 9:20:56 AM,False,7311,Accepted,
26925208,0568000,LOUISVILLE METRO POLICE DEPT,Accepted,JEFFERSON,US0150,,BROADWAY,,E,,BARRET,,,,,38.244271462,-85.733939083,3.721,7/12/2020 12:00:00 AM,2023,1,1,0,0,CLEAR,DRY,False,COLLISION WITH FIXED OBJECT IN INTERSECTION - FIRST EVENT COLLISION 09 - 32,SINGLE VEHICLE,STRAIGHT & LEVEL,DAYLIGHT,,,7/13/2020 9:22:28 AM,False,7049,Accepted,
26925164,0568000,LOUISVILLE METRO POLICE DEPT,Accepted,JEFFERSON,I 0065,,I65 N,,,,,,,,,38.257481794,-85.741701390,136.376,7/12/2020 12:00:00 AM,0113,1,1,0,3,RAINING,WET,False,OTHER ROADWAY OR MID-BLOCK COLLISION,SINGLE VEHICLE,CURVE & LEVEL,DARK-HWY LIGHTED/ON,,,7/13/2020 9:20:26 AM,False,5135,Accepted,
26925192,0568000,LOUISVILLE METRO POLICE DEPT,Accepted,JEFFERSON,KY1931,,MANSLICK,RD,,,STEPHAN,,,,,38.168200521,-85.797214158,6.440,7/12/2020 12:00:00 AM,1211,4,4,0,0,CLOUDY,DRY,False,OTHER INTERSECTION COLLISIONS,REAR END,CURVE & GRADE,DAYLIGHT,,,7/13/2020 9:21:43 AM,False,7817,Accepted,
26925168,0568000,LOUISVILLE METRO POLICE DEPT,Accepted,JEFFERSON,I 0065,,I65 N,,,,,,,,,38.203078046,-85.737942964,131.755,7/12/2020 12:00:00 AM,0345,2,2,0,0,RAINING,WET,False,COLLISION WITH FIXED OBJECT NON - INTERSECTION - FIRST EVENT COLLISION 09 - 32 EXCLUDING 16,SIDESWIPE-OPPOSITE DIRECTION,CURVE & LEVEL,DARK-HWY LIGHTED/ON,,,7/13/2020 9:20:47 AM,True,5252,Accepted,
26925170,0568000,LOUISVILLE METRO POLICE DEPT,Accepted,JEFFERSON,I 0065,,,,,,,,,,,38.150020698,-85.713412395,1.293,7/12/2020 12:00:00 AM,0136,2,2,0,0,RAINING,WET,False,OTHER RAMP RELATED COLLISIONS NOT LISTED ABOVE,REAR END,STRAIGHT & HILLCREST,DARK-HWY LIGHTED/ON,I 0065,KY1631,7/13/2020 9:20:51 AM,False,5040,Accepted,
26925187,0568000,LOUISVILLE METRO POLICE DEPT,Accepted,JEFFERSON,US0031E,,BARDSTOWN,RD,,,TYLER,,,,,38.217807129,-85.677458124,12.591,7/12/2020 12:00:00 AM,1246,2,2,0,0,CLOUDY,DRY,False,ANGLE COLLISION - OTHER,ANGLE,STRAIGHT & LEVEL,DAYLIGHT,,,7/13/2020 9:21:36 AM,False,2230,Accepted,
26925196,0568000,LOUISVILLE METRO POLICE DEPT,Accepted,JEFFERSON,,1700B,JEFFERSON,ST,W,,,,,,,38.256345768,-85.779182279,1.491,7/12/2020 12:00:00 AM,1410,1,1,0,2,CLEAR,DRY,False,COLLISION WITH FIXED OBJECT NON - INTERSECTION - FIRST EVENT COLLISION 09 - 32 EXCLUDING 16,SINGLE VEHICLE,STRAIGHT & LEVEL,DAYLIGHT,,,7/13/2020 9:21:47 AM,False,7361,Accepted,
26925202,0568000,LOUISVILLE METRO POLICE DEPT,Accepted,JEFFERSON,KY1931,,ST ANDREWS CHURCH,RD,,,BLANTON,,,,,38.151861265,-85.819374018,4.415,7/12/2020 12:00:00 AM,1430,2,2,0,2,CLEAR,DRY,False,HEAD-ON COLLISION,HEAD ON,STRAIGHT & LEVEL,DAYLIGHT,,,7/13/2020 9:22:03 AM,False,7340,Accepted,
26925203,0568000,LOUISVILLE METRO POLICE DEPT,Accepted,JEFFERSON,KY1932,,BRECKENRIDGE,LN,,,NACHAND,,,,,38.195227428,-85.625377468,0.949,7/11/2020 12:00:00 AM,1921,3,3,0,3,CLEAR,DRY,False,HEAD-ON COLLISION,HEAD ON,STRAIGHT & GRADE,DAYLIGHT,,,7/13/2020 9:22:08 AM,False,5288,Accepted,
26925178,0568000,LOUISVILLE METRO POLICE DEPT,Accepted,JEFFERSON,US0150,,BROADWAY,,W,KY1020,2ND,,,,,38.245837409,-85.755047131,2.560,7/11/2020 12:00:00 AM,2132,2,2,0,0,RAINING,WET,False,REAR END - ONE VEHICLE TURNING LEFT,REAR END,STRAIGHT & LEVEL,DARK-HWY LIGHTED/ON,,,7/13/2020 9:21:17 AM,False,7325,Accepted,