IncidentID,AgencyORI,AgencyName,IncidentStatusDesc,County,RdwyNumber,Street,RoadwayName,StreetSfx,StreetDir,IntersectionRdwy,IntersectionRdwyName,BetweenStRdwy1,BetweenStRdwyName1,BetweenStRdwy2,BetweenStRdwyName2,Latitude,Longitude,Milepoint,CollisionDate,CollisionTime,UnitsInvolved,MotorVehiclesInvolved,NumberKilled,NumberInjured,Weather,RdwyConditionCode,HitandRun,DirAnalysisCode,MannerofCollision,RdwyCharacter,LightCondition,RampFromRdwyId,RampToRdwyId,AcceptedDate,IsSecondaryCollision,OwnerBadge,IncidentStatus,
26925185,0568000,LOUISVILLE METRO POLICE DEPT,Accepted,JEFFERSON,KY1934,,GREENBELT,HWY,,,LOWER HUNTERS,,,,,38.170155811,-85.875976817,6.203,7/11/2020 12:00:00 AM,1647,2,2,0,0,CLEAR,DRY,False,OTHER INTERSECTION COLLISIONS,REAR END,STRAIGHT & LEVEL,DAYLIGHT,,,7/13/2020 9:21:31 AM,False,7339,Accepted,
26925160,0568000,LOUISVILLE METRO POLICE DEPT,Accepted,JEFFERSON,KY0155,,TAYLORSVILLE,RD,,,ARLINGTON,,,,,38.220532607,-85.637391465,13.962,7/11/2020 12:00:00 AM,2024,2,2,0,1,RAINING,WET,False,ANGLE COLLISION - OTHER,ANGLE,STRAIGHT & LEVEL,DARK (UNKNOWN ROADWAY LIGHTING),,,7/13/2020 9:20:11 AM,False,5153,Accepted,
26925161,0568000,LOUISVILLE METRO POLICE DEPT,Accepted,JEFFERSON,,,JOHNSON,ST,N,US0042,MAIN,,,,,38.253916059,-85.731312170,0.140,7/11/2020 12:00:00 AM,2320,2,2,0,2,RAINING,WET,False,ANGLE COLLISION - OTHER,ANGLE,STRAIGHT & LEVEL,DARK-HWY LIGHTED/ON,,,7/13/2020 9:20:14 AM,False,5271,Accepted,
26925144,0568000,LOUISVILLE METRO POLICE DEPT,Accepted,JEFFERSON,,,HIKES,LN,,,,,HUNSINGER,KY1932,BRECKENRIDGE,38.218919872,-85.627227685,3.120,7/11/2020 12:00:00 AM,1010,2,2,0,0,CLEAR,DRY,False,SIDESWIPE COLLISION - SAME DIRECTION,SIDESWIPE-SAME DIRECTION,STRAIGHT & LEVEL,DAYLIGHT,,,7/13/2020 9:19:24 AM,False,7448,Accepted,
26925145,0568000,LOUISVILLE METRO POLICE DEPT,Accepted,JEFFERSON,,4400,FEGENBUSH,LN,,,,,,,,38.186022492,-85.638177025,0.086,7/11/2020 12:00:00 AM,1354,2,2,0,4,CLEAR,DRY,False,1 VEHICLE ENTERING/LEAVING ENTRANCE,ANGLE,STRAIGHT & LEVEL,DAYLIGHT,,,7/13/2020 9:19:28 AM,False,7739,Accepted,
26925152,0568000,LOUISVILLE METRO POLICE DEPT,Accepted,JEFFERSON,KY1934,,GREENBELT,HWY,,,RAGGARD,,,,,38.174367544,-85.871923497,6.574,7/11/2020 12:00:00 AM,1840,1,1,0,1,CLEAR,DRY,False,COLLISION WITH FIXED OBJECT IN INTERSECTION - FIRST EVENT COLLISION 09 - 32,SINGLE VEHICLE,CURVE & HILLCREST,DAYLIGHT,,,7/13/2020 9:19:56 AM,False,7496,Accepted,
26925133,0568000,LOUISVILLE METRO POLICE DEPT,Accepted,JEFFERSON,US0031E,1019,MAIN,ST,E,,,,,,,38.254050459,-85.733429525,16.787,7/11/2020 12:00:00 AM,0020,2,2,0,0,CLEAR,DRY,False,SIDESWIPE COLLISION - OPPOSITE DIRECTION,SIDESWIPE-OPPOSITE DIRECTION,STRAIGHT & LEVEL,DARK-HWY LIGHTED/ON,,,7/13/2020 9:18:43 AM,False,7386,Accepted,
26925180,0568000,LOUISVILLE METRO POLICE DEPT,Accepted,JEFFERSON,KY1727,,TERRY,RD,,,,,,,,38.133228331,-85.873867902,0.792,7/11/2020 12:00:00 AM,1526,2,2,0,2,CLEAR,DRY,False,SIDESWIPE COLLISION - OPPOSITE DIRECTION,SIDESWIPE-OPPOSITE DIRECTION,STRAIGHT & LEVEL,DAYLIGHT,,,7/13/2020 9:21:21 AM,False,2311,Accepted,
26925148,0568000,LOUISVILLE METRO POLICE DEPT,Accepted,JEFFERSON,,,BECKLEY STATION,RD,S,,,,,,,38.224353973,-85.487021425,1.049,7/11/2020 12:00:00 AM,1555,1,1,0,1,CLEAR,DRY,False,OTHER COLLISIONS ON SHOULDER,SINGLE VEHICLE,CURVE & GRADE,DAYLIGHT,,,7/13/2020 9:19:40 AM,False,6334,Accepted,
26928334,0560400,SHIVELY POLICE DEPARTMENT,Accepted,JEFFERSON,US0031W,,DIXIE,HWY,,,,KY2051,ROCKFORD,,ROCKFORD,38.174381255,-85.823395945,13.836,7/11/2020 12:00:00 AM,2051,4,4,0,1,RAINING,WET,False,HEAD-ON COLLISION,HEAD ON,STRAIGHT & LEVEL,DARK (UNKNOWN ROADWAY LIGHTING),,,7/13/2020 9:27:47 PM,False,7124,Accepted,
26925165,0568000,LOUISVILLE METRO POLICE DEPT,Accepted,JEFFERSON,,,HILL,ST,W,,25TH,,,,,38.229958367,-85.797046984,2.214,7/11/2020 12:00:00 AM,2019,2,2,0,0,CLOUDY,DRY,False,HEAD-ON COLLISION,HEAD ON,STRAIGHT & LEVEL,DUSK,,,7/13/2020 9:20:30 AM,False,5232,Accepted,
26925167,0568000,LOUISVILLE METRO POLICE DEPT,Accepted,JEFFERSON,KY1020,,3RD,ST,S,,,,,,,38.206263336,-85.763686193,9.577,7/11/2020 12:00:00 AM,2046,2,2,0,0,RAINING,WET,False,1 VEHICLE PARKED POSITION (NOT PARKING LOT/DRIVEWAY),REAR END,STRAIGHT & LEVEL,DARK-HWY LIGHTED/ON,,,7/13/2020 9:20:40 AM,False,5252,Accepted,
26925139,0568000,LOUISVILLE METRO POLICE DEPT,Accepted,JEFFERSON,KY0841,,GENE SNYDER,FWY,,,,KY2055,MANSLICK,KY0841,KY841 RAMP TO KY1865,38.118895304,-85.784238989,5.655,7/11/2020 12:00:00 AM,0928,1,1,0,0,CLEAR,DRY,False,OTHER COLLISIONS ON SHOULDER,SINGLE VEHICLE,STRAIGHT & LEVEL,DAYLIGHT,,,7/13/2020 9:19:02 AM,False,6318,Accepted,
26925143,0568000,LOUISVILLE METRO POLICE DEPT,Accepted,JEFFERSON,,6328,MARAVIAN,DR,,,,,,,,38.164315575,-85.876572802,0.610,7/11/2020 12:00:00 AM,1312,2,2,0,0,CLEAR,DRY,False,1 VEHICLE PARKED POSITION (NOT PARKING LOT/DRIVEWAY),SIDESWIPE-OPPOSITE DIRECTION,STRAIGHT & LEVEL,DAYLIGHT,,,7/13/2020 9:19:21 AM,False,7339,Accepted,
26925138,0568000,LOUISVILLE METRO POLICE DEPT,Accepted,JEFFERSON,,,LANDSIDE,DR,,,GRAF,,,,,38.200236220,-85.630179850,0.001,7/11/2020 12:00:00 AM,0450,2,2,0,0,CLEAR,DRY,True,COLLISION WITH PARKED VEHICLE,REAR END,STRAIGHT & LEVEL,DARK (UNKNOWN ROADWAY LIGHTING),,,7/13/2020 9:18:59 AM,False,5153,Accepted,
26925147,0568000,LOUISVILLE METRO POLICE DEPT,Accepted,JEFFERSON,I 0265,,I265 W,,,,,,,,,38.122554749,-85.623537999,14.672,7/11/2020 12:00:00 AM,1654,1,1,0,0,CLEAR,DRY,False,OTHER ROADWAY OR MID-BLOCK COLLISION,SINGLE VEHICLE,STRAIGHT & LEVEL,DAYLIGHT,,,7/13/2020 9:19:37 AM,False,7698,Accepted,
26925163,0568000,LOUISVILLE METRO POLICE DEPT,Accepted,JEFFERSON,,,CECIL,AVE,,,GREENWOOD,,,,,38.244168958,-85.821176401,1.093,7/11/2020 12:00:00 AM,1925,2,2,0,0,CLEAR,DRY,False,SIDESWIPE-SAME DIRECTION,SIDESWIPE-SAME DIRECTION,STRAIGHT & LEVEL,DAYLIGHT,,,7/13/2020 9:20:23 AM,False,7481,Accepted,
26925149,0568000,LOUISVILLE METRO POLICE DEPT,Accepted,JEFFERSON,,,DUMESNIL,ST,,,,,,,,38.237120847,-85.804306060,0.860,7/11/2020 12:00:00 AM,1814,1,1,0,0,CLEAR,DRY,True,COLLISION WITH FIXED OBJECT NON - INTERSECTION - FIRST EVENT COLLISION 09 - 32 EXCLUDING 16,SINGLE VEHICLE,STRAIGHT & LEVEL,DAYLIGHT,,,7/13/2020 9:19:44 AM,False,7326,Accepted,
26925150,0568000,LOUISVILLE METRO POLICE DEPT,Accepted,JEFFERSON,KY1934,,CANE RUN,RD,,,KRAMERS,,,,,38.201199113,-85.835062265,9.373,7/11/2020 12:00:00 AM,1305,2,2,0,0,CLEAR,DRY,False,OTHER INTERSECTION COLLISIONS,REAR END,STRAIGHT & LEVEL,DAYLIGHT,,,7/13/2020 9:19:47 AM,False,5032,Accepted,
26925157,0568000,LOUISVILLE METRO POLICE DEPT,Accepted,JEFFERSON,,,HOUNZ,LN,,,,,,,,38.284113373,-85.569618135,0.755,7/11/2020 12:00:00 AM,2245,2,2,0,0,RAINING,WET,False,SIDESWIPE COLLISION - OPPOSITE DIRECTION,SIDESWIPE-OPPOSITE DIRECTION,STRAIGHT & LEVEL,DARK-HWY LIGHTED/OFF,,,7/13/2020 9:20:07 AM,False,6777,Accepted,
26925198,0568000,LOUISVILLE METRO POLICE DEPT,Accepted,JEFFERSON,US0031W,,DR W J HODGE,ST,,,JEFFERSON,,,,,38.256949848,-85.785194373,20.138,7/11/2020 12:00:00 AM,1507,2,2,0,3,CLEAR,DRY,False,ANGLE COLLISION - OTHER,ANGLE,STRAIGHT & LEVEL,DAYLIGHT,,,7/13/2020 9:21:51 AM,False,7805,Accepted,
26925199,0568000,LOUISVILLE METRO POLICE DEPT,Accepted,JEFFERSON,KY1747,,HURSTBOURNE,PKWY,S,,WATTERSON,,,,,38.162759426,-85.612958737,6.846,7/11/2020 12:00:00 AM,1927,2,2,0,0,CLEAR,DRY,False,OTHER INTERSECTION COLLISIONS,REAR END,STRAIGHT & LEVEL,DAYLIGHT,,,7/13/2020 9:21:56 AM,False,7448,Accepted,
26925222,0568000,LOUISVILLE METRO POLICE DEPT,Accepted,JEFFERSON,US0150,,BROADWAY,,W,,18TH,,,,,38.248990362,-85.781510661,1.095,7/11/2020 12:00:00 AM,1400,2,2,0,0,CLEAR,DRY,True,ANGLE COLLISION - OTHER,ANGLE,STRAIGHT & LEVEL,DAYLIGHT,,,7/13/2020 9:23:06 AM,False,5161,Accepted,
26958534,0568000,LOUISVILLE METRO POLICE DEPT,Accepted,JEFFERSON,,,GARLAND,AVE,,,37TH,,,,,38.246196383,-85.812948611,2.479,7/11/2020 12:00:00 AM,1505,2,2,1,0,CLEAR,DRY,False,ANGLE COLLISION - OTHER,ANGLE,STRAIGHT & LEVEL,DAYLIGHT,,,7/21/2020 8:16:06 AM,False,7628,Accepted,
26938885,0568000,LOUISVILLE METRO POLICE DEPT,Accepted,JEFFERSON,KY1020,,2ND,ST,S,,KENTUCKY,,,,,38.238535186,-85.756270816,11.592,7/11/2020 12:00:00 AM,2041,2,1,0,1,RAINING,WET,False,COLLISION WITH PEDESTRIAN IN INTERSECTION,SINGLE VEHICLE,STRAIGHT & LEVEL,DARK (UNKNOWN ROADWAY LIGHTING),,,7/16/2020 8:11:49 AM,False,5050,Accepted,
26958540,0568000,LOUISVILLE METRO POLICE DEPT,Accepted,JEFFERSON,US0031E,,BARDSTOWN,RD,,,HEATHER,,,,,38.205787687,-85.666616561,11.557,7/11/2020 12:00:00 AM,0832,2,2,0,0,CLEAR,DRY,False,ANGLE COLLISION - OTHER,ANGLE,STRAIGHT & LEVEL,DAYLIGHT,,,7/21/2020 8:16:28 AM,False,7482,Accepted,
27036216,0568000,LOUISVILLE METRO POLICE DEPT,Accepted,JEFFERSON,,,15TH,ST,N,,,,,,,38.262129233,-85.774125960,0.243,7/11/2020 12:00:00 AM,1735,2,2,0,1,CLEAR,DRY,True,HEAD-ON COLLISION,HEAD ON,CURVE & LEVEL,DAYLIGHT,,,8/4/2020 8:11:43 AM,False,5148,Accepted,
26943640,0568000,LOUISVILLE METRO POLICE DEPT,Accepted,JEFFERSON,,,MAGNOLIA,AVE,E,,,,BROOK,,FLOYD,38.228311807,-85.753240740,0.030,7/10/2020 12:00:00 AM,2052,3,3,0,0,CLEAR,DRY,False,1 VEHICLE PARKED POSITION (NOT PARKING LOT/DRIVEWAY),ANGLE,STRAIGHT & LEVEL,DAYLIGHT,,,7/17/2020 8:11:28 AM,False,7450,Accepted,
26925200,0568000,LOUISVILLE METRO POLICE DEPT,Accepted,JEFFERSON,KY1020,3020,3RD,ST,S,,,,,,,38.204874918,-85.763991707,9.480,7/10/2020 12:00:00 AM,1109,2,2,0,0,CLEAR,DRY,False,COLLISION IN PARKING LOT,BACKING,STRAIGHT & LEVEL,DAYLIGHT,,,7/13/2020 9:21:59 AM,False,7398,Accepted,
26938855,0568000,LOUISVILLE METRO POLICE DEPT,Accepted,JEFFERSON,,,6TH,ST,S,,M,,,,,38.209447259,-85.768241159,2.509,7/10/2020 12:00:00 AM,1714,2,2,0,0,CLEAR,DRY,True,OPPOSING LEFT TURN,OPPOSING LEFT TURN,STRAIGHT & LEVEL,DAYLIGHT,,,7/16/2020 8:09:51 AM,False,5045,Accepted,
26934495,0568000,LOUISVILLE METRO POLICE DEPT,Accepted,JEFFERSON,I 0264,,,,,,,,,,,38.193516062,-85.711234756,0.273,7/10/2020 12:00:00 AM,1600,2,2,0,0,CLEAR,DRY,False,OTHER RAMP RELATED COLLISIONS NOT LISTED ABOVE,SIDESWIPE-SAME DIRECTION,STRAIGHT & LEVEL,DAYLIGHT,KY0864,I 0264,7/15/2020 8:56:07 AM,False,7938,Accepted,
26934458,0568000,LOUISVILLE METRO POLICE DEPT,Accepted,JEFFERSON,,2601,BROADWAY,,W,,,,,,,38.249448790,-85.794884635,0.363,7/10/2020 12:00:00 AM,0339,2,2,0,0,CLEAR,DRY,True,COLLISION IN PARKING LOT,ANGLE,STRAIGHT & LEVEL,DAYLIGHT,,,7/15/2020 8:54:12 AM,False,7947,Accepted,
26925108,0568000,LOUISVILLE METRO POLICE DEPT,Accepted,JEFFERSON,KY0022,11152,BALLARDSVILLE,RD,,,,,,,,38.317678238,-85.539141210,6.067,7/10/2020 12:00:00 AM,1333,1,1,0,1,CLEAR,DRY,False,COLLISION WITH FIXED OBJECT NON - INTERSECTION - FIRST EVENT COLLISION 09 - 32 EXCLUDING 16,SINGLE VEHICLE,STRAIGHT & LEVEL,DAYLIGHT,,,7/13/2020 9:17:13 AM,False,2489,Accepted,
26925140,0568000,LOUISVILLE METRO POLICE DEPT,Accepted,JEFFERSON,,1201,BRASHEAR,DR,,,,,,,,38.226147029,-85.776154415,0.064,7/10/2020 12:00:00 AM,0941,2,2,0,0,CLOUDY,DRY,True,1 VEHICLE PARKED POSITION (NOT PARKING LOT/DRIVEWAY),REAR END,STRAIGHT & LEVEL,DAYLIGHT,,,7/13/2020 9:19:06 AM,False,7070,Accepted,
26925142,0568000,LOUISVILLE METRO POLICE DEPT,Accepted,JEFFERSON,,,JEFFERSON,ST,W,,,,,,,38.257517349,-85.789964818,2.083,7/10/2020 12:00:00 AM,1744,2,2,0,0,CLEAR,DRY,False,1 VEHICLE ENTERING/LEAVING ENTRANCE,ANGLE,STRAIGHT & LEVEL,DAYLIGHT,,,7/13/2020 9:19:16 AM,False,7479,Accepted,
26925181,0568000,LOUISVILLE METRO POLICE DEPT,Accepted,JEFFERSON,I 0064,,I64 W,,,,,,,,,38.261155943,-85.736565326,5.426,7/10/2020 12:00:00 AM,1310,2,2,0,0,CLOUDY,DRY,False,REAR END IN TRAFFIC LANES BOTH VEHICLES MOVING,REAR END,STRAIGHT & LEVEL,DAYLIGHT,,,7/13/2020 9:21:27 AM,False,6360,Accepted,
26929962,0568000,LOUISVILLE METRO POLICE DEPT,Accepted,JEFFERSON,I 0264,,I264 E,,,,,,,,,38.200878026,-85.694537547,14.189,7/10/2020 12:00:00 AM,1259,2,2,0,1,CLEAR,DRY,False,REAR END IN TRAFFIC LANES BOTH VEHICLES MOVING,REAR END,STRAIGHT & GRADE,DAYLIGHT,,,7/14/2020 8:48:52 AM,False,8278,Accepted,
26918451,0561500,UNIV. OF LOUISVILLE POLICE,Accepted,JEFFERSON,,300,BRANDEIS,AVE,W,,,,,,,38.219409076,-85.761760085,0.070,7/10/2020 12:00:00 AM,0737,1,1,0,0,CLEAR,DRY,False,COLLISION WITH FIXED OBJECT NON - INTERSECTION - FIRST EVENT COLLISION 09 - 32 EXCLUDING 16,SINGLE VEHICLE,STRAIGHT & LEVEL,DAYLIGHT,,,7/10/2020 10:42:20 PM,False,5620,Accepted,
26925104,0568000,LOUISVILLE METRO POLICE DEPT,Accepted,JEFFERSON,KY3084,,OLD HENRY,RD,,,TERRA CROSSING,,,,,38.271930360,-85.495657025,1.467,7/10/2020 12:00:00 AM,1055,2,2,0,0,CLEAR,DRY,False,ANGLE COLLISION - OTHER,ANGLE,STRAIGHT & LEVEL,DAYLIGHT,,,7/13/2020 9:16:55 AM,False,6406,Accepted,
26925121,0568000,LOUISVILLE METRO POLICE DEPT,Accepted,JEFFERSON,,,OAK,ST,W,,12TH,,,,,38.236248610,-85.773659945,0.998,7/10/2020 12:00:00 AM,1315,2,2,0,1,CLEAR,DRY,False,ANGLE COLLISION - OTHER,ANGLE,STRAIGHT & LEVEL,DAYLIGHT,,,7/13/2020 9:17:59 AM,False,7091,Accepted,
26925153,0568000,LOUISVILLE METRO POLICE DEPT,Accepted,JEFFERSON,KY0061,,PRESTON,HWY,,,HART,,,,,38.199393657,-85.732737956,8.901,7/10/2020 12:00:00 AM,2050,2,2,0,2,CLEAR,DRY,False,SIDESWIPE-SAME DIRECTION,SIDESWIPE-SAME DIRECTION,STRAIGHT & LEVEL,DUSK,,,7/13/2020 9:19:59 AM,False,5165,Accepted,
26916009,0568000,LOUISVILLE METRO POLICE DEPT,Accepted,JEFFERSON,,,FLOYD,ST,S,,KENTUCKY,,,,,38.238022287,-85.750973652,1.182,7/10/2020 12:00:00 AM,0328,2,2,0,1,CLEAR,DRY,True,ANGLE COLLISION - OTHER,ANGLE,STRAIGHT & LEVEL,DARK-HWY LIGHTED/ON,,,7/10/2020 8:33:16 AM,False,5249,Accepted,
26925102,0568000,LOUISVILLE METRO POLICE DEPT,Accepted,JEFFERSON,US0150,,DR W J HODGE,ST,,US0150T,MARKET,,,,,38.258414647,-85.784938573,0.837,7/10/2020 12:00:00 AM,0815,2,2,0,1,CLEAR,DRY,False,SIDESWIPE-SAME DIRECTION,SIDESWIPE-SAME DIRECTION,STRAIGHT & LEVEL,DAYLIGHT,,,7/13/2020 9:16:45 AM,False,5108,Accepted,
26925109,0568000,LOUISVILLE METRO POLICE DEPT,Accepted,JEFFERSON,KY0146,,LA GRANGE,RD,,KY1447,WESTPORT,,,,,38.297015662,-85.506112025,8.251,7/10/2020 12:00:00 AM,1520,2,2,0,0,CLEAR,DRY,True,ANGLE COLLISION - ONE VEHICLE TURNING RIGHT,ANGLE,,DAYLIGHT,,,7/13/2020 9:17:17 AM,False,6953,Accepted,
26925110,0568000,LOUISVILLE METRO POLICE DEPT,Accepted,JEFFERSON,US0031E,3300,BARDSTOWN,RD,,,,,,,,38.205919532,-85.667034375,11.588,7/10/2020 12:00:00 AM,1445,2,2,0,0,CLEAR,DRY,True,COLLISION IN PARKING LOT,REAR END,STRAIGHT & LEVEL,DAYLIGHT,,,7/13/2020 9:17:22 AM,False,7448,Accepted,
26925112,0568000,LOUISVILLE METRO POLICE DEPT,Accepted,JEFFERSON,KY1934,,GREENBELT,HWY,,,RIVERPORT,,,,,38.161190264,-85.881686731,5.510,7/10/2020 12:00:00 AM,1244,3,3,0,1,CLOUDY,DRY,False,ANGLE COLLISION - ONE VEHICLE TURNING LEFT,ANGLE,STRAIGHT & LEVEL,DAYLIGHT,,,7/13/2020 9:17:27 AM,False,7073,Accepted,
26916013,0568000,LOUISVILLE METRO POLICE DEPT,Accepted,JEFFERSON,KY1865,5530,NEW CUT,RD,,KY0907,SOUTHSIDE,,,,,38.144876633,-85.775376389,2.706,7/10/2020 12:00:00 AM,0055,2,1,0,1,CLEAR,DRY,True,COLLISION WITH PEDESTRIAN IN INTERSECTION,SINGLE VEHICLE,STRAIGHT & LEVEL,DARK-HWY LIGHTED/ON,,,7/10/2020 8:33:27 AM,False,7321,Accepted,
26925106,0568000,LOUISVILLE METRO POLICE DEPT,Accepted,JEFFERSON,,,GRADE,LN,,,CRITTENDEN,,,,,38.153280391,-85.733868334,2.426,7/10/2020 12:00:00 AM,1340,2,2,0,1,CLEAR,DRY,False,ANGLE COLLISION - OTHER,ANGLE,STRAIGHT & LEVEL,DAYLIGHT,,,7/13/2020 9:17:03 AM,False,2017,Accepted,
26925107,0568000,LOUISVILLE METRO POLICE DEPT,Accepted,JEFFERSON,KY1932,,BRECKENRIDGE,LN,,,HIKES,,,,,38.218146181,-85.628589635,2.695,7/10/2020 12:00:00 AM,0929,2,2,0,0,CLEAR,DRY,False,ANGLE COLLISION - ONE VEHICLE TURNING LEFT,ANGLE,STRAIGHT & LEVEL,DAYLIGHT,,,7/13/2020 9:17:09 AM,False,7448,Accepted,
26925117,0568000,LOUISVILLE METRO POLICE DEPT,Accepted,JEFFERSON,US0031E,5805,BARDSTOWN,RD,,,,,,,,38.162274524,-85.594946932,6.517,7/10/2020 12:00:00 AM,1627,2,2,0,1,CLEAR,DRY,False,1 VEHICLE ENTERING/LEAVING ENTRANCE,ANGLE,STRAIGHT & LEVEL,DAYLIGHT,,,7/13/2020 9:17:44 AM,False,7354,Accepted,
26925119,0568000,LOUISVILLE METRO POLICE DEPT,Accepted,JEFFERSON,,,HILL,ST,W,KY1020,2ND,,,,,38.225645629,-85.758587269,0.091,7/10/2020 12:00:00 AM,1154,2,2,0,0,CLEAR,DRY,False,OTHER INTERSECTION COLLISIONS,REAR END,STRAIGHT & LEVEL,DAYLIGHT,,,7/13/2020 9:17:52 AM,False,7441,Accepted,
26925120,0568000,LOUISVILLE METRO POLICE DEPT,Accepted,JEFFERSON,,1705,STEVENS,AVE,,,,,,,,38.229317137,-85.710583003,0.229,7/10/2020 12:00:00 AM,1507,2,2,0,0,CLOUDY,DRY,True,COLLISION IN PARKING LOT,BACKING,,DAYLIGHT,,,7/13/2020 9:17:56 AM,False,7960,Accepted,
26925113,0568000,LOUISVILLE METRO POLICE DEPT,Accepted,JEFFERSON,I 0065,,I65 N,,,,,,,,,38.228116696,-85.751388616,134.017,7/10/2020 12:00:00 AM,1057,1,1,0,1,CLEAR,DRY,False,OTHER ROADWAY OR MID-BLOCK COLLISION,SINGLE VEHICLE,STRAIGHT & LEVEL,DAYLIGHT,,,7/13/2020 9:17:32 AM,False,5111,Accepted,
26925114,0568000,LOUISVILLE METRO POLICE DEPT,Accepted,JEFFERSON,,320,WOODLAWN,AVE,W,,,,3RD,KY1020,KENWOOD,38.181715400,-85.767551994,0.705,7/10/2020 12:00:00 AM,1649,2,2,0,1,CLEAR,DRY,False,1 VEHICLE PARKED POSITION (NOT PARKING LOT/DRIVEWAY),HEAD ON,STRAIGHT & LEVEL,DAYLIGHT,,,7/13/2020 9:17:36 AM,False,7048,Accepted,
26925115,0568000,LOUISVILLE METRO POLICE DEPT,Accepted,JEFFERSON,KY1703,,BAXTER,AVE,,,,,,,,38.229743302,-85.715876371,4.828,7/10/2020 12:00:00 AM,1636,2,2,0,0,CLEAR,DRY,False,1 VEHICLE ENTERING/LEAVING ENTRANCE,ANGLE,STRAIGHT & GRADE,DAYLIGHT,,,7/13/2020 9:17:40 AM,False,5112,Accepted,
26925122,0568000,LOUISVILLE METRO POLICE DEPT,Accepted,JEFFERSON,,,HILL,ST,W,,25TH,,,,,38.229966228,-85.797062737,2.213,7/10/2020 12:00:00 AM,1555,2,2,0,0,CLOUDY,DRY,False,ANGLE COLLISION - OTHER,ANGLE,STRAIGHT & LEVEL,DAYLIGHT,,,7/13/2020 9:18:04 AM,False,7091,Accepted,
26925126,0568000,LOUISVILLE METRO POLICE DEPT,Accepted,JEFFERSON,,,MARKET,ST,W,,AMY,,,,,38.261594096,-85.813223568,1.457,7/10/2020 12:00:00 AM,1956,2,2,0,0,CLEAR,DRY,False,ANGLE COLLISION - OTHER,ANGLE,STRAIGHT & LEVEL,DAYLIGHT,,,7/13/2020 9:18:22 AM,False,7481,Accepted,
26925136,0568000,LOUISVILLE METRO POLICE DEPT,Accepted,JEFFERSON,,3760,POWELL,AVE,,,,,,,,38.188710991,-85.791360823,0.893,7/10/2020 12:00:00 AM,2301,2,1,0,1,CLEAR,DRY,False,COLLISION WITH PEDESTRIAN NON - INTERSECTION,SINGLE VEHICLE,STRAIGHT & LEVEL,DARK-HWY LIGHTED/ON,,,7/13/2020 9:18:51 AM,False,7963,Accepted,
26925137,0568000,LOUISVILLE METRO POLICE DEPT,Accepted,JEFFERSON,,7012,NATHAN HALE,WAY,,,,,,,,38.056956775,-85.896363274,0.108,7/10/2020 12:00:00 AM,2248,2,2,0,1,CLEAR,DRY,False,1 VEHICLE PARKED POSITION (NOT PARKING LOT/DRIVEWAY),ANGLE,CURVE & LEVEL,DARK-HWY LIGHTED/ON,,,7/13/2020 9:18:55 AM,False,5220,Accepted,
26925123,0568000,LOUISVILLE METRO POLICE DEPT,Accepted,JEFFERSON,,5100BLK,ANTLE,DR,,,,KY6302,OLD KY 61 RD,,MUD,38.087526328,-85.668839095,0.090,7/10/2020 12:00:00 AM,1535,2,2,0,0,CLEAR,DRY,False,1 VEHICLE ENTERING/LEAVING ENTRANCE,ANGLE,STRAIGHT & LEVEL,DAYLIGHT,,,7/13/2020 9:18:08 AM,False,7484,Accepted,
26925131,0568000,LOUISVILLE METRO POLICE DEPT,Accepted,JEFFERSON,US0031E,,BAXTER,AVE,,US0150,BROADWAY,,,,,38.244475365,-85.727494948,15.958,7/10/2020 12:00:00 AM,2330,3,3,0,1,CLEAR,DRY,True,OTHER INTERSECTION COLLISIONS,REAR END,STRAIGHT & LEVEL,DARK-HWY LIGHTED/ON,,,7/13/2020 9:18:35 AM,False,7049,Accepted,
26925132,0568000,LOUISVILLE METRO POLICE DEPT,Accepted,JEFFERSON,KY0864,,CHESTNUT,ST,E,,LIBERTY,,,,,38.249857032,-85.733150078,15.839,7/10/2020 12:00:00 AM,2310,2,2,0,1,CLEAR,DRY,False,ANGLE COLLISION - OTHER,ANGLE,STRAIGHT & LEVEL,DARK-HWY LIGHTED/ON,,,7/13/2020 9:18:39 AM,False,5135,Accepted,
27555084,0568000,LOUISVILLE METRO POLICE DEPT,Accepted,JEFFERSON,KY0155,2531,TAYLORSVILLE,RD,,,,,,,,38.223337815,-85.674448246,15.976,7/10/2020 12:00:00 AM,1730,1,1,0,1,CLEAR,DRY,False,OTHER ROADWAY OR MID-BLOCK COLLISION,SINGLE VEHICLE,STRAIGHT & LEVEL,DAYLIGHT,,,12/11/2020 12:10:37 PM,False,7793,Accepted,